gateway_id,transaction_ref,amount,gateway_status,received_at
1,8c8ac6d2-5761-4656-a1b5-90bb41701c3c,16311.07,success,2026-09-10 08:21:16.890817
2,b8572250-4d5c-4e64-8e4a-322f823751a1,2808.07,success,2026-09-10 08:21:16.896154
3,9327c23c-8ac5-4b0d-a5c5-d444ec3f2183,13960.22,success,2026-09-10 08:21:16.898493
4,d4d915a0-e2ce-4765-a956-fed7f3be80b2,14636.52,success,2026-09-10 08:21:16.900474
5,ab4da9d7-2755-4571-b573-8c9908be03cd,10085.48,success,2026-09-10 08:21:16.902633
6,8e87efc4-ca10-4776-a2ce-951c2fc57318,10755.53,success,2026-09-10 08:21:16.904847
7,b15af175-8b86-4c85-8baa-bbf807eb16c3,10040.16,success,2026-09-10 08:21:16.906612
8,8aca08cb-5ef8-4907-8155-9eb84508fdcc,17584.99,success,2026-09-10 08:21:16.90856
9,ac895eeb-e6c2-45c1-b1d4-c2b4e8994c41,9581.45,success,2026-09-10 08:21:16.91066
10,349c9e08-36d2-4927-8350-e2c432a91139,10585.20,success,2026-09-10 08:21:16.912438
11,c59f89e3-bfe5-4c4f-864b-04479a14914a,16117.69,success,2026-09-10 08:21:16.91449
12,afda9a6c-f147-4883-9196-188ce802ac9b,14579.48,success,2026-09-10 08:21:16.916374
13,8ba2fab6-b897-4b5e-9853-fa862de26e6c,2738.94,success,2026-09-10 08:21:16.918341
14,4614fdf7-ee29-49ae-8c37-c5d74a3964ba,15959.86,success,2026-09-10 08:21:16.920224
15,4dda77d1-ab3a-4fd8-96ed-4885be89af28,18820.39,success,2026-09-10 08:21:16.922334
16,d403a643-b99f-4b53-b39c-f650b1e0982b,4590.34,success,2026-09-10 08:21:16.924247
17,d9d4f360-00f5-48fb-b852-47261dfe1520,1319.03,success,2026-09-10 08:21:16.926177
18,6c7f0037-be05-4de6-bc21-b5f00eb03713,19846.25,success,2026-09-10 08:21:16.928198
19,d8e1d9bd-c965-450c-9c9a-94c4c6fd5717,1654.71,success,2026-09-10 08:21:16.930042
20,c32d822d-e96d-4003-b18b-d888c2df2e42,6287.01,success,2026-09-10 08:21:16.93195
21,11f2709c-b762-4934-9800-a4a270ea168c,17272.22,success,2026-09-10 08:21:16.933989
22,9a4ce238-d116-4297-a9b9-d2a60a968d50,4727.86,success,2026-09-10 08:21:16.935958
23,20c89299-5f81-40e5-975c-c494d5125523,18968.79,success,2026-09-10 08:21:16.937999
24,afbec306-361d-40de-9e11-41bf79f40ae8,17487.45,success,2026-09-10 08:21:16.940028
25,86eee955-e450-46cc-a516-de70f3756f31,17325.92,success,2026-09-10 08:21:16.941989
26,acf5b603-c0fd-43eb-9152-8d69afd82327,17090.10,success,2026-09-10 08:21:16.944148
27,d6e70b0b-732b-472a-8493-2e16a3cbb80f,3958.36,success,2026-09-10 08:21:16.947418
28,84cb2eb2-070e-4015-b923-e49586efb9e9,15011.14,success,2026-09-10 08:21:16.94919
29,8f810a52-f8ee-448e-bb4f-ab21eb94122c,19364.52,success,2026-09-10 08:21:16.951091
30,4be47de8-ec5d-46f9-a44d-528c7da4fec8,7354.41,success,2026-09-10 08:21:16.952899
31,6d3d8f83-0781-48e2-9fc0-072d9f84172d,191.60,success,2026-09-10 08:21:16.954843
32,15cfb57d-c65d-4b79-929a-d9b79c3e7100,7093.18,success,2026-09-10 08:21:16.956699
33,48d09ea5-e359-485d-884b-70957dcf6808,18756.57,success,2026-09-10 08:21:16.958695
34,7fad9539-01e9-4e58-830c-f2ad575171c9,7512.90,success,2026-09-10 08:21:16.960761
35,11a799d6-13de-4cdf-a9b8-193c4cb9e8f8,6684.31,success,2026-09-10 08:21:16.962309
36,bcf7ce55-a03d-45f0-bd6e-d16f02534065,19387.27,success,2026-09-10 08:21:16.96385
37,1690b59a-2b5b-44b8-84d8-408b1cd25383,14406.68,success,2026-09-10 08:21:16.965575
38,10987198-babf-4a78-908a-fd9ac8a5d585,8101.08,success,2026-09-10 08:21:16.967737
39,a6d0b18d-e1db-4305-9f6c-1e0dabdfdf14,1651.48,success,2026-09-10 08:21:16.969716
40,59806820-d88f-4be5-ae61-40572f556b8d,17868.41,success,2026-09-10 08:21:16.971853
41,0452ab7e-09d4-4aeb-9a7a-2f8d627a4e83,8106.32,success,2026-09-10 08:21:16.973698
42,e8928bb7-96b7-4f3a-bd92-7e29d55e4875,14410.27,success,2026-09-10 08:21:16.975621
43,9f72bdcf-34ff-4590-9f04-15a45bb08636,431.75,success,2026-09-10 08:21:16.977503
44,8c60b2a0-d4cd-4484-b9c5-be77eb85d0f2,18445.84,success,2026-09-10 08:21:16.979729
45,4939a076-e199-4608-b913-2183e1018f9f,3402.94,success,2026-09-10 08:21:16.981749
46,0893747d-c727-469c-8e8c-5e4cbc3f570d,13375.49,success,2026-09-10 08:21:16.983784
47,2efd5cf0-c789-4251-8511-9a294ef2450d,14786.24,success,2026-09-10 08:21:16.985719
48,06d1045c-4957-4cce-8cc1-24e09a06a21a,6343.59,success,2026-09-10 08:21:16.987816
49,0cfa470b-dfe6-481f-8d66-491143e6c065,11219.87,success,2026-09-10 08:21:16.989598
50,e68c4986-dde3-4c69-aaad-31e09cfe7ce8,5878.29,success,2026-09-10 08:21:16.991618
51,48863e5b-dcdc-43ed-bbca-2c4bb6b52f19,17761.23,success,2026-09-10 08:21:16.993739
52,afc311aa-aae7-493b-871c-0446197fcf1c,1001.22,success,2026-09-10 08:21:16.995618
53,52123fb7-f4bf-4e13-913e-0eb682dd1076,10950.93,success,2026-09-10 08:21:16.997731
54,8d2e8b38-f7c0-4ece-b858-a950a02ef8d2,19414.30,success,2026-09-10 08:21:16.999743
55,3fd28ba1-4b23-4e39-b122-fd4934d974f1,13485.66,success,2026-09-10 08:21:17.00148
56,cb9d6428-bb82-4793-b006-349e36cbef00,7039.74,success,2026-09-10 08:21:17.003351
57,697ef835-b61a-4201-bf0a-da186efb9424,5339.65,success,2026-09-10 08:21:17.004997
58,c78c6920-f78a-4ab3-a126-a00621a9a6c9,6399.46,success,2026-09-10 08:21:17.006791
59,b17fc9fc-b720-4930-a015-dc43b78b973b,16480.59,success,2026-09-10 08:21:17.008902
60,849a8275-4635-4527-a4e2-c52683f30979,11722.45,success,2026-09-10 08:21:17.010827
61,044b2a6b-eb76-44f2-a2f5-84458599c9b6,2991.93,success,2026-09-10 08:21:17.013966
62,421fe8ff-1c59-4fec-af0d-a19d0ba0a5eb,7703.74,success,2026-09-10 08:21:17.015987
63,d32b1cc0-5725-452e-bb14-318732642200,12601.95,success,2026-09-10 08:21:17.017917
64,5d64f90b-1675-4b98-a098-46037b13d049,15787.78,success,2026-09-10 08:21:17.020099
65,73fa4aaa-64c0-4bab-ab4b-45fc3c4edb82,79.97,success,2026-09-10 08:21:17.022133
66,15a2ead6-9c78-4e68-8ab2-c100519000e3,10702.87,success,2026-09-10 08:21:17.024063
67,6c03ca1b-af64-4a55-8337-1fdbb54d5c7c,1137.32,success,2026-09-10 08:21:17.025993
68,9d93e3ea-1601-4ebe-a5e2-43683f416b4d,9220.87,success,2026-09-10 08:21:17.027906
69,ceb061ba-d7d7-4d8e-8007-c01f590bc993,571.55,success,2026-09-10 08:21:17.029842
70,9624afa7-179f-4047-a477-18d59b6c0bc3,11793.89,success,2026-09-10 08:21:17.031825
71,6b58b150-2aa4-4f9b-a250-7af3cd7e4dcf,5004.11,success,2026-09-10 08:21:17.03468
72,b6fff1fd-73c0-410d-80e5-0d9689a9cc75,19215.70,success,2026-09-10 08:21:17.036623
73,47f24306-875b-4e32-bcec-734e8e6cf0b6,754.93,success,2026-09-10 08:21:17.03851
74,230aa6a0-ea05-409d-af86-a0ecd64090ac,10104.51,success,2026-09-10 08:21:17.04239
75,2afa29fa-e01e-4f0d-b5d2-7241182fe381,11027.98,success,2026-09-10 08:21:17.044791
76,7dc747c1-f58a-400e-925c-6478c141b8ff,19759.17,success,2026-09-10 08:21:17.046679
77,c14d29b0-f4eb-49fc-bf19-cb01fcf51001,1721.15,success,2026-09-10 08:21:17.048531
78,d56ffb77-5112-4ee6-a334-226981389ca2,11657.84,success,2026-09-10 08:21:17.050437
79,d732db19-db41-4e7c-a8a3-996ff0da43bb,10905.14,success,2026-09-10 08:21:17.052378
80,bce7b7cf-23fa-419f-b9e4-994855667017,14986.77,success,2026-09-10 08:21:17.054283
81,dd1f2bca-3bf3-4007-9b6e-1f7f58b11d50,15050.65,success,2026-09-10 08:21:17.056202
82,6e669067-9bec-4e3f-ada7-588cfaedf6a2,4019.12,success,2026-09-10 08:21:17.058032
83,5d9c04f4-dc70-47cf-8115-47608125b8d6,7851.67,success,2026-09-10 08:21:17.060041
84,5be7deed-91da-488f-bf10-74e2f782cee6,6173.48,success,2026-09-10 08:21:17.061836
85,e2c4dbf6-7e94-4b9c-9d5a-655f35234aee,16732.11,success,2026-09-10 08:21:17.063689
86,c70937d8-e550-4b2e-a8c9-f77819b7eb8f,4188.57,success,2026-09-10 08:21:17.06664
87,b2672743-b426-4884-83e9-1cd6aa3792f5,12183.01,success,2026-09-10 08:21:17.06884
88,ee1cd0f0-de0b-4c85-b603-fc34aca2a395,9767.16,success,2026-09-10 08:21:17.070742
89,a9230fec-62d6-406b-acbc-d9912e928ffd,11544.83,success,2026-09-10 08:21:17.072769
90,3beadde2-bb50-4b5a-929e-c4279f889fab,2836.12,success,2026-09-10 08:21:17.074816
91,ec701692-6005-409b-9b53-a8c73fef8de0,8816.57,success,2026-09-10 08:21:17.076921
92,dca8b227-7f73-4405-9f96-bf78bd57f941,11924.46,success,2026-09-10 08:21:17.078852
93,e40b73ca-7094-41ac-b937-135687075188,3844.53,success,2026-09-10 08:21:17.080907
94,57761420-7998-48db-8b6d-c079028f1776,1279.78,success,2026-09-10 08:21:17.082755
95,cce43b50-f4e1-44dc-83d7-9d6b7de79176,17471.28,success,2026-09-10 08:21:17.084677
96,f59d1ba8-aaf4-4002-8a41-367230839e72,15125.92,success,2026-09-10 08:21:17.086818
97,9cb7b519-4d50-4eaa-a710-a8b2543fc8c2,8542.22,success,2026-09-10 08:21:17.089103
98,735a73aa-f68f-47a4-923a-f6286854d3e4,8569.58,success,2026-09-10 08:21:17.090936
99,4a09d614-0301-4e08-8e97-ce72b0811e26,3560.30,success,2026-09-10 08:21:17.093051
100,d9e23adf-6ed3-4a69-b554-edaf5f8b160d,18594.73,success,2026-09-10 08:21:17.09521
101,e2ea3c0a-da9b-49f2-af5e-2d0c7f5fabe4,1904.90,success,2026-09-10 08:21:17.097107
102,51f07d31-b9a4-45a8-919a-c9d86c7b8334,9885.20,success,2026-09-10 08:21:17.099012
103,f12f983e-da11-4d99-8ef4-acde511a6cfe,16745.52,success,2026-09-10 08:21:17.100894
104,cecfaebf-07f8-48a7-ac02-62f7ce33c536,12892.55,success,2026-09-10 08:21:17.10279
105,3491ec08-d714-4807-aeba-8381329db544,12607.44,success,2026-09-10 08:21:17.104869
106,6701e320-0ca3-40c0-bd07-4415500fb44f,6995.74,success,2026-09-10 08:21:17.106735
107,f336693c-b4e3-4017-8505-7260685b5000,8883.56,success,2026-09-10 08:21:17.108669
108,63641b23-6b5f-462e-93c9-5efb1b660d1c,9386.45,success,2026-09-10 08:21:17.110726
109,1bd22a57-59c4-4654-80fa-29068d1196f5,5277.26,success,2026-09-10 08:21:17.11269
110,421b5c0f-35ba-46a9-93af-3e05e226eea5,14924.63,success,2026-09-10 08:21:17.11464
111,29b5abde-780e-4903-a202-71cd2e949b5a,6625.92,success,2026-09-10 08:21:17.11687
112,0d2f9a40-5953-4b92-99b9-746e42f012ab,15373.58,success,2026-09-10 08:21:17.119169
113,93b41d20-3b7b-4fbd-9c45-ae45da734969,9807.64,success,2026-09-10 08:21:17.121406
114,f3f1e060-e4d6-4b8b-ab88-456efa6a9c48,2565.61,success,2026-09-10 08:21:17.123711
115,28fcce85-682c-4ff2-a3c0-c52469c1dd65,9508.10,success,2026-09-10 08:21:17.125418
116,e897c555-9f9c-48b3-a2a0-a72ce0b38988,19708.55,success,2026-09-10 08:21:17.127098
117,20440def-f324-40fb-b398-9ca36f397e97,13752.51,success,2026-09-10 08:21:17.128567
118,e1fb62cf-6089-4cf5-9f69-d5b9db0a78e0,9097.98,success,2026-09-10 08:21:17.130173
119,ffc87b0c-a4ab-44f6-9f6f-174288046b0b,4385.06,success,2026-09-10 08:21:17.131919
120,4e916012-09af-4e06-a10f-ececb1bd2e7c,12568.09,success,2026-09-10 08:21:17.13385
121,945f0dc0-6871-403b-8e56-85514ded0aa8,3516.07,success,2026-09-10 08:21:17.135891
122,4bbd4a03-fc9e-48d2-bcce-1d0bf9582301,18276.17,success,2026-09-10 08:21:17.138188
123,b6939a41-d4d3-4576-9969-db35d48ccd86,16041.20,success,2026-09-10 08:21:17.139975
124,9b8624c7-35e7-4435-a6b2-8a83c6879b6f,2129.07,success,2026-09-10 08:21:17.141908
125,92204008-8eab-4bcc-8e4e-68e99961bd9a,6773.68,success,2026-09-10 08:21:17.144551
126,4a85d045-82cd-4fdc-8f78-9aedb9c635f7,18115.77,success,2026-09-10 08:21:17.146288
127,f40314ec-e1fb-4dfe-830f-dfc6cfd34db8,19263.57,success,2026-09-10 08:21:17.148307
128,4e4fe94f-6c45-46ce-a594-0313356ca7e8,10462.26,success,2026-09-10 08:21:17.150284
129,7782953d-edef-4702-81af-ac139878e87b,15109.21,success,2026-09-10 08:21:17.152406
130,87963adb-8ee8-4aa5-b161-363197eb48a4,7011.77,success,2026-09-10 08:21:17.155606
131,9ff21191-6765-4d50-87c4-da1b58e52b87,508.81,success,2026-09-10 08:21:17.157504
132,be3a427b-67e0-462e-b345-6a8a6479a022,3268.67,success,2026-09-10 08:21:17.159565
133,1e8c3764-f95a-47df-a11e-51810c39aa79,7115.36,success,2026-09-10 08:21:17.161512
134,b61dc11b-d08a-4d59-8242-3b25c3960f54,14390.46,success,2026-09-10 08:21:17.164534
135,1908bb08-1e37-4106-bc5f-ed0dca8e620f,12734.06,success,2026-09-10 08:21:17.166531
136,16fa7cff-29c1-4061-82c3-10b169d76f74,5065.32,success,2026-09-10 08:21:17.168836
137,993311e7-8067-474b-b151-53a5fdae5879,7941.33,success,2026-09-10 08:21:17.170747
138,23e4b2e6-c4f0-4c3d-9edf-744ed1d5a629,18060.63,success,2026-09-10 08:21:17.172649
139,18a6c482-f583-4765-9e5a-7cd67c5a09d5,11000.47,success,2026-09-10 08:21:17.174548
140,84c28e81-a1df-4ebb-9891-efa102f98c21,15104.78,success,2026-09-10 08:21:17.1766
141,0eb8a653-024f-4dcc-9c80-e14e060fcc1c,15407.10,success,2026-09-10 08:21:17.178496
142,52b5dbe6-17de-458d-999f-f3cde2f65ca1,10941.99,success,2026-09-10 08:21:17.180525
143,63217f32-a493-4968-b2f1-d26be33fc9db,14966.04,success,2026-09-10 08:21:17.182334
144,66500337-ba90-455e-abb1-40933b576af6,11306.46,success,2026-09-10 08:21:17.184514
145,0762f558-7109-4547-a3cc-702dc25068f3,17464.23,success,2026-09-10 08:21:17.186506
146,5678fd81-91b3-46d1-9840-f4f1e59798a3,9774.47,success,2026-09-10 08:21:17.188652
147,8159f2de-84ff-4dae-a025-761dc12a4026,5224.83,success,2026-09-10 08:21:17.190674
148,2c92deb9-ea6e-4b92-ab29-3b68958ae42f,12794.96,success,2026-09-10 08:21:17.19261
149,91a26e1a-644b-4332-be8f-ab7b7a3267fa,400.57,success,2026-09-10 08:21:17.194739
150,8cd8e42f-8172-4026-880d-a425add093a0,437.02,success,2026-09-10 08:21:17.196645
151,56fd6d75-e71a-4e66-b6f2-e2ef0c0ccdc9,9385.19,success,2026-09-10 08:21:17.198672
152,ced14080-a963-4435-8b12-981e8aba8ace,9212.98,success,2026-09-10 08:21:17.202391
153,726fc76a-16ec-4c12-9b20-82c7b5740622,2579.20,success,2026-09-10 08:21:17.20453
154,bd576668-968d-4b15-9ae6-90236de8a5cb,4608.65,success,2026-09-10 08:21:17.206499
155,df33d169-72f0-4990-9e2b-03211b1929c0,4938.86,success,2026-09-10 08:21:17.208502
156,c52cb41f-0de9-411f-b19a-7d952461f594,896.11,success,2026-09-10 08:21:17.210434
157,d4a7a73e-538c-40a5-9773-566bea38a392,6521.98,success,2026-09-10 08:21:17.212305
158,2e479f5c-647f-4e9a-9de0-f7fa80f6b066,8449.83,success,2026-09-10 08:21:17.214356
159,ae403959-7ed1-460a-b0a5-9a99503ecb17,12661.00,success,2026-09-10 08:21:17.216793
160,96bf3fa7-2edb-404c-9a86-aa927d8d037b,623.57,success,2026-09-10 08:21:17.218576
161,eb69196b-1464-40db-9fa9-4a4ba5f151ac,12631.55,success,2026-09-10 08:21:17.22012
162,55f50206-c737-4693-88ed-ecd6f64e3920,2061.63,success,2026-09-10 08:21:17.221522
163,b01d76a6-0248-40f9-a384-6de8219d6412,12877.11,success,2026-09-10 08:21:17.223419
164,1ce4aaa7-8879-4135-9094-b91ecb9c3d41,12458.90,success,2026-09-10 08:21:17.22552
165,1ce4aaa7-8879-4135-9094-b91ecb9c3d41,12458.90,success,2026-09-10 08:21:17.22552
166,a31b7fa6-29ad-435c-993e-e02762144340,8609.97,success,2026-09-10 08:21:17.227787
167,3b28b837-9c85-442f-8c2f-74e435f8c6a0,8931.88,success,2026-09-10 08:21:17.229676
168,cff9c217-e7f5-4f0f-9a0f-8a776a083d1d,8488.24,success,2026-09-10 08:21:17.231828
169,fb5e1e2e-e20c-42f7-b14b-b597b2604108,2491.25,success,2026-09-10 08:21:17.233984
170,cc5cbfdf-5a18-48a1-8ab8-1ad8e676febd,8689.10,success,2026-09-10 08:21:17.23592
171,e4e5a8cf-66f0-4e06-94db-f8eb59a572cb,2729.71,success,2026-09-10 08:21:17.238002
172,28de53e1-2381-4121-ba6d-e390f75f6b7c,18855.84,success,2026-09-10 08:21:17.239869
173,a1bd49a5-044f-4577-8bc2-80313b6beaad,16968.18,success,2026-09-10 08:21:17.242344
174,ec8dacf5-f8f8-45bf-a8e8-66f73793e6d3,1677.11,success,2026-09-10 08:21:17.244462
175,f96e8e3e-fce7-495c-8023-2ec6b0187ccb,1533.94,success,2026-09-10 08:21:17.246524
176,fd1c44d7-cc24-408c-b78a-b4cd61ab741c,4774.05,success,2026-09-10 08:21:17.248366
177,554d8227-922f-4849-b4d7-f088d6ed8747,13095.78,success,2026-09-10 08:21:17.250313
178,63997e50-abd5-4696-a443-54ca7ee7a046,8244.61,success,2026-09-10 08:21:17.253345
179,728ffbd5-23d0-47d2-ad89-aa165c768ec4,10477.70,success,2026-09-10 08:21:17.256394
180,d84d5107-d753-40be-a872-718d16720712,2741.73,success,2026-09-10 08:21:17.25833
181,1604aa72-c456-47a9-ad89-4655eb9ca1b4,15487.68,success,2026-09-10 08:21:17.260613
182,eef8c902-7ac3-4978-ac72-00842cde33b3,2276.30,success,2026-09-10 08:21:17.262634
183,8bae738d-e78e-47fe-92ec-41ffb8f2b135,8866.07,success,2026-09-10 08:21:17.264556
184,b2d1088c-6255-4686-a272-cc37849ebc6b,8125.44,success,2026-09-10 08:21:17.266463
185,7be791bf-9eba-4373-8812-54399777c306,8319.54,success,2026-09-10 08:21:17.26828
186,48a61cc6-bac1-4b09-ae4f-468b377e11b4,14170.87,success,2026-09-10 08:21:17.270282
187,1ef168b3-958b-4b0e-af4a-af765dfb6803,11926.08,success,2026-09-10 08:21:17.27217
188,ab245178-0e85-4544-ac15-0950ac43a991,15945.61,success,2026-09-10 08:21:17.274001
189,dc4a9c86-a21b-48ad-a899-2427889d4d49,16279.85,success,2026-09-10 08:21:17.276036
190,7a02f0ac-dddd-468b-9690-5f16fd34dfe1,13505.33,success,2026-09-10 08:21:17.278082
191,f87c9dfb-ea5e-4e74-8421-141d7066a7d9,10686.21,success,2026-09-10 08:21:17.280063
192,ce606dbd-587a-4a74-a376-43cbaad93daa,14305.40,success,2026-09-10 08:21:17.281914
193,754193b5-8ec3-4167-8eda-612abab2560e,6024.76,success,2026-09-10 08:21:17.283951
194,209a327c-09b8-44bb-8f54-3226288d0772,16452.55,success,2026-09-10 08:21:17.286929
195,5666ea1f-5d85-49d2-80b3-f5cbc528e1da,760.31,success,2026-09-10 08:21:17.288892
196,698437bc-a303-46f9-b62c-ddc764f4aa3b,2560.42,success,2026-09-10 08:21:17.290747
197,f3cbea8d-4807-40ae-be4d-9f8ac56a29b2,5008.27,success,2026-09-10 08:21:17.292655
198,ad0f9e66-24cc-450e-beda-dfb0d443dbe2,12832.65,success,2026-09-10 08:21:17.294603
199,2e941f35-539d-4477-bcfc-c0bc11e7225d,4589.16,success,2026-09-10 08:21:17.29655
200,bc45a872-511f-4720-bee1-b05407baca83,7992.75,success,2026-09-10 08:21:17.298391
201,2f221000-9bb4-4da1-b221-d479799bf258,10073.42,success,2026-09-10 08:21:17.300258
202,35d2110d-f1f4-4111-b806-3172efd3ccc4,254.31,success,2026-09-10 08:21:17.302388
203,58a3dc90-7eac-4c48-a2eb-af8272163cea,5936.85,success,2026-09-10 08:21:17.304172
204,17c86b22-7e16-4724-91bf-ee9300b9bd5c,15614.40,success,2026-09-10 08:21:17.306322
205,b6520081-7d67-4246-84c6-0be46caf9978,16451.33,success,2026-09-10 08:21:17.308217
206,d5863989-3777-4b60-9100-9a0e37be4171,17526.98,success,2026-09-10 08:21:17.310595
207,1af6d053-57b3-4783-9220-0b5003e20276,14239.73,success,2026-09-10 08:21:17.312606
208,ac39faa1-8aff-4aa8-8514-f5747aad7f3f,15260.01,success,2026-09-10 08:21:17.314394
209,e919459f-571a-4540-8599-bed62e2e1f95,4472.22,success,2026-09-10 08:21:17.316339
210,4e4e44be-f1dd-4cb8-848e-ea5edb5908fa,14795.77,success,2026-09-10 08:21:17.31829
211,07966ad2-dcac-43a0-bd88-6121cef25f38,13970.10,success,2026-09-10 08:21:17.320273
212,5178fe17-0f40-4750-9366-19de7e359cee,13092.60,success,2026-09-10 08:21:17.322132
213,57860368-2eb2-41aa-a036-07cb487fe62c,13086.56,success,2026-09-10 08:21:17.324165
214,4db3e2e8-7baf-4093-9d13-4614b695c0c1,5395.16,success,2026-09-10 08:21:17.32601
215,768bd58b-8f5f-4de7-99c6-26d2fb3c7af2,928.31,success,2026-09-10 08:21:17.32799
216,8e4543b8-be0d-4d7d-9fae-6b6072ce2e16,8487.77,success,2026-09-10 08:21:17.329778
217,22188e42-0137-4869-8a29-d54c0ccc8af6,7969.77,success,2026-09-10 08:21:17.331975
218,be554633-dcaf-4773-bee3-bc19dea5ac89,15983.14,success,2026-09-10 08:21:17.334169
219,c98365db-3310-4e94-aa9c-21a11c181273,4746.86,success,2026-09-10 08:21:17.336218
220,edbaca22-9a60-4953-8975-3ce8c6351f45,18226.22,success,2026-09-10 08:21:17.338312
221,8df2f567-3ff9-4977-a919-224095c3cf9f,19628.60,success,2026-09-10 08:21:17.340241
222,8ba75d72-88eb-4e73-8b14-028e5b92b7ba,11764.94,success,2026-09-10 08:21:17.341986
223,c52e8816-e71b-40e5-b91d-ead5fe663e52,15036.62,success,2026-09-10 08:21:17.344167
224,5677c20b-c9d8-4fd7-85b6-2083f6e2b76f,4081.55,success,2026-09-10 08:21:17.346075
225,73b141cb-6f9a-4077-8f28-3956e44ac9d2,2379.61,success,2026-09-10 08:21:17.34808
226,3bce883c-7af5-4aa4-a60c-b1595a5dd736,2661.32,success,2026-09-10 08:21:17.350023
227,e3f25a6d-dbe6-414d-b8b0-af72e06f211a,1265.73,success,2026-09-10 08:21:17.352119
228,2dcd7bdb-d600-4f83-b3be-7c67c6aa3451,6675.80,success,2026-09-10 08:21:17.354118
229,38a8c3b3-1b09-4e1f-9a1e-9a307485ba29,1328.44,success,2026-09-10 08:21:17.355975
230,55a318fc-d43c-4b34-ad84-7b6c4a53fdfe,941.45,success,2026-09-10 08:21:17.357899
231,b9fd9fad-9f1b-46cb-aa6f-60f47c66be87,12398.08,success,2026-09-10 08:21:17.359992
232,cfcc78fb-509f-4a6b-9813-937617caf0c2,18385.38,success,2026-09-10 08:21:17.361768
233,d2e71344-feef-4c5c-ae43-6b3a8c5ddceb,12079.56,success,2026-09-10 08:21:17.363772
234,46699b90-aefe-4199-9cf0-f17370abc36a,4391.86,success,2026-09-10 08:21:17.365899
235,23bb30f7-a722-40d0-bef4-59d685c51abb,9872.37,success,2026-09-10 08:21:17.367665
236,2ece275c-bd2a-45a4-93d8-6f1ec54066b6,4031.75,success,2026-09-10 08:21:17.369611
237,e0326920-e652-4f21-a7b4-5bf6d9f66974,11382.92,success,2026-09-10 08:21:17.371498
238,7de9f367-d489-4f7a-a7a8-3be2dc44b9fa,4659.14,success,2026-09-10 08:21:17.373343
239,3ffc768b-49b4-4418-89c1-ef55cd918693,17732.64,success,2026-09-10 08:21:17.375299
240,9ff03164-06a6-4e0c-8689-681120f6570c,10807.79,success,2026-09-10 08:21:17.377345
241,598ece7a-8fe0-4488-8f7e-e1e077a2a592,18739.00,success,2026-09-10 08:21:17.379284
242,53da58a8-6f37-41c4-9222-77af2e0c12a8,9457.82,success,2026-09-10 08:21:17.38112
243,c5bf5172-7554-44d8-a92d-094500fb745c,14356.44,success,2026-09-10 08:21:17.383303
244,14214814-56b7-4ce4-bdb4-2ccdc457f7fb,17760.36,success,2026-09-10 08:21:17.385245
245,bb386fe2-0ba6-41ad-893b-af127404f47e,241.43,success,2026-09-10 08:21:17.387069
246,2be32ccf-2620-4ed0-906d-703ce887d19b,15401.04,success,2026-09-10 08:21:17.388944
247,e3874421-bfa3-47fc-bca4-ffc2635050e6,6454.56,success,2026-09-10 08:21:17.391308
248,a5a43397-444a-4dc9-a37a-997a0f450385,10590.70,success,2026-09-10 08:21:17.393478
249,991f6f61-d5fe-4910-bb22-d29537abaa22,6587.36,success,2026-09-10 08:21:17.395368
250,3ee2cbb5-06d4-494a-89bf-fef889d8ccb7,17985.35,success,2026-09-10 08:21:17.397709
251,8ed013f7-3ffc-4dea-9354-d33331a84cc1,8563.32,success,2026-09-10 08:21:17.399605
252,4afe734c-caaf-4bb0-b341-a4778acfbf53,14297.94,success,2026-09-10 08:21:17.401519
253,96bdcc66-b77b-471d-b06f-5fe7ff2404ae,5844.06,success,2026-09-10 08:21:17.403662
254,2e296c61-af85-4e49-be25-48f1e21a571a,18830.27,success,2026-09-10 08:21:17.407101
255,c096f7cf-1c84-421f-a348-9acfe5dea55f,13296.66,success,2026-09-10 08:21:17.409011
256,f5f3b60d-d329-4d00-b533-4fcc430bbb63,15427.80,success,2026-09-10 08:21:17.411067
257,3ee5fd1c-c2be-446b-a302-6bb5f6bfe509,18733.65,success,2026-09-10 08:21:17.413187
258,c8ceb6a6-1d95-4b2d-aaf2-31d2e626bd0e,2682.37,success,2026-09-10 08:21:17.414972
259,8173cf7e-47be-4d4c-a453-a092f85694b2,8651.01,success,2026-09-10 08:21:17.416971
260,2f172922-ecaa-457b-beb6-00c918ff0c81,12240.64,success,2026-09-10 08:21:17.418999
261,5d5d37f5-b075-4f91-9fe0-b4712f6e9bbb,8855.79,success,2026-09-10 08:21:17.420927
262,464c4974-e7a1-4095-8fd5-4b19ceb6d860,8105.66,success,2026-09-10 08:21:17.423069
263,74350620-fa39-4eef-b934-098b7e9cd704,9443.43,success,2026-09-10 08:21:17.42518
264,27b7bd89-c958-424a-bd9d-21ac199f67f2,7671.01,success,2026-09-10 08:21:17.427059
265,fed6e78d-2ea0-4f68-8a51-36d1fa636307,1524.82,success,2026-09-10 08:21:17.429198
266,853df81a-778e-4ff1-9bdf-c2130fd5a702,11649.74,success,2026-09-10 08:21:17.431306
267,57659276-1f17-4758-a903-51334f54c893,14017.80,success,2026-09-10 08:21:17.43308
268,47c17b9e-8204-436a-82fd-4ee2df6398a7,2608.76,success,2026-09-10 08:21:17.435117
269,b115ab7c-44a8-4ec2-a44b-e99728bca368,2187.23,success,2026-09-10 08:21:17.436925
270,bc2dae34-80fb-4af0-b13f-be984ad6a07f,3435.26,success,2026-09-10 08:21:17.439181
271,31f8d083-d541-43f4-97e0-428b0a7169ce,5197.87,success,2026-09-10 08:21:17.440996
272,31f8d083-d541-43f4-97e0-428b0a7169ce,5197.87,success,2026-09-10 08:21:17.440996
273,f89c1e5f-606b-4406-8ab7-c03b3f3cd280,2602.34,success,2026-09-10 08:21:17.443153
274,052f047b-89b0-4b32-b28c-bf094527ee10,13661.27,success,2026-09-10 08:21:17.445228
275,078de48e-5cb4-4ed3-823d-63733a9985ce,3814.46,success,2026-09-10 08:21:17.447072
276,ce274c8a-debc-45c0-a642-39659d7d4345,8992.98,success,2026-09-10 08:21:17.449073
277,0f701360-635a-4f50-ae23-d8763a0eb6bb,17926.74,success,2026-09-10 08:21:17.451013
278,1c6a321a-bbcd-4d61-9b62-eb0977e4bec0,10938.13,success,2026-09-10 08:21:17.453058
279,0e273183-caad-4717-a143-e9ed747bd429,2318.46,success,2026-09-10 08:21:17.455147
280,59d65909-18ad-4377-8528-9aec707da950,222.40,success,2026-09-10 08:21:17.457239
281,b39ef473-bc44-4a55-9ecb-a3de170ed6ff,18604.72,success,2026-09-10 08:21:17.459171
282,f7d29ec6-3167-401a-9ea6-b94607f3a0dd,16855.80,success,2026-09-10 08:21:17.462388
283,ea804cec-4c94-4c59-b08c-629905676734,5153.24,success,2026-09-10 08:21:17.464328
284,080e5e6f-c7ed-4028-9fa1-86e74a5cd32f,13085.34,success,2026-09-10 08:21:17.466205
285,a9d3eb9c-b6d6-43db-8639-7f0ba5425b72,16879.63,success,2026-09-10 08:21:17.46827
286,b76cc55c-86d6-4913-a3d4-2b5ee8a61443,809.47,success,2026-09-10 08:21:17.47029
287,4dba468a-b9c4-41a3-bb5f-5ef21a7fccef,4191.64,success,2026-09-10 08:21:17.472337
288,28c940f7-9fb7-4a4d-bdc5-516f3a109618,3114.39,success,2026-09-10 08:21:17.474558
289,b1c6fb76-3f90-42b5-bb1a-dade9f6964b4,16685.17,success,2026-09-10 08:21:17.476394
290,44bb0d19-2405-436e-ad91-d8d2cc551da4,15907.37,success,2026-09-10 08:21:17.478327
291,44bb0d19-2405-436e-ad91-d8d2cc551da4,15907.37,success,2026-09-10 08:21:17.478327
292,a6ee10c8-749c-4375-b696-878339fe2183,8841.84,success,2026-09-10 08:21:17.480546
293,41042492-dbbb-496d-becb-84147f7a4f73,8183.82,success,2026-09-10 08:21:17.48255
294,af0bc776-937e-4eba-a365-d53b0ce38576,9514.13,success,2026-09-10 08:21:17.484564
295,94ec3145-4195-4cee-938a-be81938bf6fd,7740.90,success,2026-09-10 08:21:17.486701
296,4dd394fb-5058-46fc-80ba-824bd730555b,15737.86,success,2026-09-10 08:21:17.488596
297,34347bf7-3f3e-47b1-ae69-14aa518363f7,10886.12,success,2026-09-10 08:21:17.490664
298,a1489a38-70f3-4518-b852-88f239beed13,4371.62,success,2026-09-10 08:21:17.492494
299,5a478bb9-1b18-453b-af34-895bc6f0cb9d,16283.36,success,2026-09-10 08:21:17.494512
300,6e47dc05-4cb5-45be-9d13-73b1f504230f,2189.80,success,2026-09-10 08:21:17.4966
301,b67e3112-2a3a-4180-b9f1-2e86af957322,12740.54,success,2026-09-10 08:21:17.498672
302,60794abc-04db-4928-a428-9fe4ea0ac017,11301.51,success,2026-09-10 08:21:17.500623
303,5e6c7f70-dddf-413f-a76e-5e290df50d25,1042.55,success,2026-09-10 08:21:17.502706
304,df406a46-32c2-4333-867d-cb171e35444d,2997.10,success,2026-09-10 08:21:17.504495
305,7bc3e3df-d2e0-4269-9ce5-91344b911232,2924.42,success,2026-09-10 08:21:17.506359
306,892c6f4b-2ebe-4567-af9b-949a3adc6ac0,9831.07,success,2026-09-10 08:21:17.508302
307,e6d493a5-235c-4557-a113-6e70afe1235b,10738.94,success,2026-09-10 08:21:17.510174
308,4662609e-27f0-40ce-be60-86af8e738f55,11392.85,success,2026-09-10 08:21:17.512043
309,5de0255a-1d8e-4ea0-b2bb-d6112d492cb3,3021.63,success,2026-09-10 08:21:17.51393
310,aaac2e72-affe-4d74-b9d2-ec2fe6025a11,11370.43,success,2026-09-10 08:21:17.515877
311,0a01102a-c0d7-40db-8093-186dc9f9a8e2,5460.34,success,2026-09-10 08:21:17.517738
312,47a0c6d7-26b7-485f-af5f-60b5c1209cfe,5584.83,success,2026-09-10 08:21:17.519718
313,8eaf94cc-d098-4f3f-9cd7-2edc561428f3,12056.79,success,2026-09-10 08:21:17.521614
314,b451b687-dff0-4e94-bf86-341e20090740,17602.83,success,2026-09-10 08:21:17.523536
315,a2643242-ab5e-46e0-bbc3-bc9c86cbadff,19764.24,success,2026-09-10 08:21:17.525441
316,67dd1b53-290e-4a62-9276-0ffb56cdc5eb,16635.41,success,2026-09-10 08:21:17.52768
317,ed56ce98-bcfc-409f-a522-a28190bde090,13670.85,success,2026-09-10 08:21:17.529614
318,e90c3d3e-fdad-454d-a75a-733357b6f00a,12578.29,success,2026-09-10 08:21:17.531599
319,d2b4e49b-2761-4510-a9f4-8e18c87b2776,18665.17,success,2026-09-10 08:21:17.533475
320,e8698f8f-8250-4839-8793-df237ea7a09d,5603.49,success,2026-09-10 08:21:17.535433
321,21f10b9d-6c2d-4b87-8800-34ef73c96825,1376.36,success,2026-09-10 08:21:17.537738
322,7093a69f-d414-4b29-9c0c-d3cd81e3aada,3160.31,success,2026-09-10 08:21:17.539722
323,458511ca-4d93-419b-996a-3b20b187101a,14167.37,success,2026-09-10 08:21:17.54289
324,6e814d6c-68b1-4ab6-964f-8f127e03b92a,13232.15,success,2026-09-10 08:21:17.544863
325,578404f3-0da8-4e3c-9585-fc42aedbc6c2,12174.73,success,2026-09-10 08:21:17.546889
326,3e61f6e4-520c-4001-bcb0-39f956dd552c,2508.03,success,2026-09-10 08:21:17.548677
327,7d2a406d-321f-41d4-99b6-dc1b1bd063ef,9911.56,success,2026-09-10 08:21:17.553351
328,440ce5db-2291-4b95-91d7-4f70247a72bd,17156.31,success,2026-09-10 08:21:17.555974
329,40926c47-1b00-40ac-b3a6-42a84c7a4170,6881.38,success,2026-09-10 08:21:17.558046
330,990730e2-aa2b-4155-a453-db5fbbc9746e,17472.26,success,2026-09-10 08:21:17.560093
331,77ef3583-ff59-4ff2-ad7c-d57d9a425643,19740.30,success,2026-09-10 08:21:17.562063
332,f0e278bf-3fd4-4770-9762-157a09ba0356,9337.54,success,2026-09-10 08:21:17.563923
333,68890161-bcdf-4ebc-b481-65067d581b00,15133.21,success,2026-09-10 08:21:17.565815
334,390c8ed6-0825-48f6-b6a5-71e6cb699a14,14790.58,success,2026-09-10 08:21:17.568036
335,d307012a-f4ae-43b0-a6a9-165cf187cafa,13258.18,success,2026-09-10 08:21:17.570068
336,0f6d042d-c9df-458b-a4c2-235b96105119,8097.36,success,2026-09-10 08:21:17.572024
337,0c360c0e-4d60-4f26-ad82-3b26f5f0fa72,19845.01,success,2026-09-10 08:21:17.573873
338,3b57ff3a-e2fe-4215-beeb-9157e77b91be,19914.37,success,2026-09-10 08:21:17.575853
339,d1390739-2393-4e8a-92f2-beaaf590acfc,2929.97,success,2026-09-10 08:21:17.577767
340,5d3a3218-58be-4ba7-b349-804a9b356842,2361.97,success,2026-09-10 08:21:17.579829
341,6cfcae9b-e6e3-4d82-8eff-de6409ca5a50,6795.16,success,2026-09-10 08:21:17.581737
342,94d68d93-ae1d-4f2b-b6f2-1063b11c255a,14678.88,success,2026-09-10 08:21:17.583562
343,94d68d93-ae1d-4f2b-b6f2-1063b11c255a,14678.88,success,2026-09-10 08:21:17.583562
344,ff3ad0fc-6a81-4fea-a5d2-135af68b05d7,17916.94,success,2026-09-10 08:21:17.585863
345,0df53a53-acc6-41e8-946a-6677d8b1766a,5380.95,success,2026-09-10 08:21:17.587847
346,9e45fcf4-7e67-46b7-bb2b-9f6f1a862e45,440.86,success,2026-09-10 08:21:17.589884
347,ada5dede-cb66-443f-abbc-1d4bf1c97232,12910.94,success,2026-09-10 08:21:17.591847
348,520b28e6-2ec4-42fa-a36c-0bffe3e82834,13247.34,success,2026-09-10 08:21:17.593693
349,17517f8b-de25-4cf9-90b9-be74f373aeae,5136.30,success,2026-09-10 08:21:17.595617
350,56da88fb-5509-4326-9d54-f6498a6cbd1d,4114.49,success,2026-09-10 08:21:17.597772
351,426fbf57-7483-4ff0-a223-f37e1aafa280,2698.28,success,2026-09-10 08:21:17.599633
352,7bf41904-ad19-4468-bce9-7aafa2fc17e6,4750.92,success,2026-09-10 08:21:17.601533
353,4bbdce48-4dfe-4d23-bd84-5085e9be20c5,15982.73,success,2026-09-10 08:21:17.603407
354,4267492d-cbd4-4dd7-9c49-cd4cae16592b,15551.92,success,2026-09-10 08:21:17.605244
355,9d54f695-612b-41bb-8700-de21cf8568e7,19095.24,success,2026-09-10 08:21:17.607228
356,5b2b6b18-0f9c-46b7-a319-f5287da14a1c,5830.57,success,2026-09-10 08:21:17.609261
357,5b2b6b18-0f9c-46b7-a319-f5287da14a1c,5830.57,success,2026-09-10 08:21:17.609261
358,20ff4de1-d595-484e-8db7-681f943ac049,4783.17,success,2026-09-10 08:21:17.612587
359,1bd69e11-d196-42fd-91b1-f9aefe0b96ff,18962.98,success,2026-09-10 08:21:17.614828
360,bf0672f8-81b9-4149-923d-9b7e581db930,10532.89,success,2026-09-10 08:21:17.61701
361,43456f92-c92f-4bf6-9f80-438d6db284a6,1247.61,success,2026-09-10 08:21:17.618831
362,d3216bb1-0663-4df4-bf70-2b3782510daa,5969.93,success,2026-09-10 08:21:17.620964
363,3da7298a-a076-4954-9bc7-9639fa9aef63,3476.27,success,2026-09-10 08:21:17.622902
364,d1c93364-7001-4242-958c-4006a090580a,6009.81,success,2026-09-10 08:21:17.626038
365,b0402364-a237-46ad-ad18-c6abfd9052ed,13574.14,success,2026-09-10 08:21:17.629144
366,ebe4e4aa-c556-46ae-b1d7-cf0e752b0c61,18567.32,success,2026-09-10 08:21:17.631255
367,5c510947-ca9a-424a-b714-75cd27e7b63a,15021.97,success,2026-09-10 08:21:17.633172
368,bb778285-7fc9-4303-9410-1127b678623b,14446.06,success,2026-09-10 08:21:17.635322
369,2d349518-ed48-4deb-8083-26e39997effd,6750.94,success,2026-09-10 08:21:17.637396
370,36cfe0e1-f2e5-4fbc-bb90-e2c3f52f4f2f,18568.92,success,2026-09-10 08:21:17.639438
371,decc00f3-0b41-480a-b242-a55755031209,292.04,success,2026-09-10 08:21:17.641318
372,c89f4bf4-39d4-4892-8a51-691e03bc5bf2,18735.92,success,2026-09-10 08:21:17.643515
373,6b5780a5-d1d3-4b8c-b754-965c6d20e32e,4003.19,success,2026-09-10 08:21:17.645463
374,f650a073-36df-4f84-9e25-3e4725fc5214,9602.35,success,2026-09-10 08:21:17.647347
375,b36b95c5-c3f5-437e-83d6-7394d81de07e,13117.84,success,2026-09-10 08:21:17.649125
376,5fc9ad87-a943-4705-b0d1-7fd841808b31,10707.92,success,2026-09-10 08:21:17.650923
377,e71337b3-282b-4af7-a128-d9fd7a575d7e,2896.77,success,2026-09-10 08:21:17.652925
378,fa689eff-74e4-4549-9677-4ddf4d006e8c,12043.92,success,2026-09-10 08:21:17.654835
379,8a7b10bd-bf64-48f7-ab8c-f9ad068542ca,13388.81,success,2026-09-10 08:21:17.656876
380,7d4b20b4-0641-4b68-9ecb-dce0662b770f,9531.08,success,2026-09-10 08:21:17.658719
381,80c82471-4c95-4170-845b-a827e73f30d9,6816.47,success,2026-09-10 08:21:17.660561
382,7f64c909-94ed-4849-b185-68ff57949208,19456.70,success,2026-09-10 08:21:17.663141
383,b099a79d-c262-44f3-914e-5feef3d9de5c,18675.35,success,2026-09-10 08:21:17.665209
384,22dda347-e2a2-4a72-b1b5-69d6f92fffa1,3785.14,success,2026-09-10 08:21:17.667356
385,f0d50ec6-f642-46e8-a8fc-cf9adf402a6e,5850.90,success,2026-09-10 08:21:17.669368
386,9debaf00-bd3d-4bbd-a37f-2205ec2cb336,3504.73,success,2026-09-10 08:21:17.671269
387,91564f10-4c4c-4c59-826a-1788fe91bf83,14358.74,success,2026-09-10 08:21:17.673269
388,708c137e-575b-4d5a-8b0b-c4342c945c63,8294.50,success,2026-09-10 08:21:17.67533
389,288981d6-cc8f-4bed-8b23-c4cc85f08d03,14050.22,success,2026-09-10 08:21:17.677304
390,85bb61f9-a5b8-415d-be5a-163c6e2e2b5b,15132.82,success,2026-09-10 08:21:17.679339
391,0853d987-596b-4221-bfeb-8823dd582673,2779.65,success,2026-09-10 08:21:17.68124
392,d25d8e92-29e9-4579-8855-3b5163e4a8df,12829.79,success,2026-09-10 08:21:17.683625
393,df372417-52e5-4012-83cd-744e615e2d6a,7880.77,success,2026-09-10 08:21:17.685448
394,296904e4-3290-4084-96a3-3d402f3c2ba5,973.93,success,2026-09-10 08:21:17.687341
395,bcdbb69c-8077-4783-ab78-6437bf153a8b,14302.50,success,2026-09-10 08:21:17.689016
396,6d624ee3-18d6-45cd-b9f1-40f2cb471fe4,16183.63,success,2026-09-10 08:21:17.690884
397,ca7b70f1-6b66-4f83-bca7-5b6bb2f0d822,13639.27,success,2026-09-10 08:21:17.693015
398,ca7b70f1-6b66-4f83-bca7-5b6bb2f0d822,13639.27,success,2026-09-10 08:21:17.693015
399,134c648b-3698-492a-9eaf-2b200b08a62c,6599.22,success,2026-09-10 08:21:17.695241
400,0e7bd026-1f01-4e63-b1ac-f08c821f31dd,17671.01,success,2026-09-10 08:21:17.697596
401,8bd6ad72-8411-4971-84b7-6ba117877a91,153.35,success,2026-09-10 08:21:17.69989
402,3c141b29-a584-49a3-8cfb-57a6c7776871,4826.50,success,2026-09-10 08:21:17.701746
403,8046ebb4-7069-4f4f-97b8-852de07a7866,8718.06,success,2026-09-10 08:21:17.703637
404,2755ebc0-075a-4fe3-a7c5-e5d4c84f964b,2709.36,success,2026-09-10 08:21:17.705518
405,9368d005-65a6-4e19-8085-9f884c0721a2,8193.22,success,2026-09-10 08:21:17.707447
406,adcaa929-f20b-4f1f-bad5-61da8b998f3e,6935.59,success,2026-09-10 08:21:17.709444
407,c8f7d2d3-bcc5-49fa-914a-be7029ae9009,824.42,success,2026-09-10 08:21:17.711585
408,4b73d51a-0ebd-4df2-9b6f-086ec5c84cd5,12641.24,success,2026-09-10 08:21:17.713705
409,8a4f6927-88b5-4605-894a-6e1f2d6ebdc0,6280.97,success,2026-09-10 08:21:17.716065
410,767a98e4-0386-42ae-a05f-27a8de06a1ed,1822.68,success,2026-09-10 08:21:17.717886
411,b9ac6832-99cd-4b0c-8730-ec5267f33d70,19101.06,success,2026-09-10 08:21:17.719829
412,dd3c7af7-5b4d-4023-8a8f-8be4a669ea55,19315.93,success,2026-09-10 08:21:17.721839
413,625ca1f1-0837-405c-aafe-0f500be9c0c9,5947.74,success,2026-09-10 08:21:17.723829
414,68f34ffb-6f68-4f4e-bc2e-49fb3e3da5ff,9190.39,success,2026-09-10 08:21:17.725788
415,e0d54aa7-78e8-41eb-88e2-d28757838648,5170.30,success,2026-09-10 08:21:17.727894
416,9715c8dd-5027-4a07-94b7-9a61694e1ef8,19772.11,success,2026-09-10 08:21:17.730744
417,bf783635-4c67-4a89-bfbe-0b4081253555,13060.61,success,2026-09-10 08:21:17.732627
418,d1190ca6-6727-4cef-93bd-fc3083f7e90c,1050.87,success,2026-09-10 08:21:17.734716
419,df8dfc38-26d1-4119-a5dd-0c55419216ce,2926.00,success,2026-09-10 08:21:17.736717
420,6085d66a-6b08-4678-b6cc-53e46b14152f,15740.23,success,2026-09-10 08:21:17.738658
421,2e91c3b4-850b-41d7-94a4-e8f931781296,3757.06,success,2026-09-10 08:21:17.74059
422,47899200-923a-41ca-8935-763a8d62d635,18133.92,success,2026-09-10 08:21:17.743039
423,3903b02f-8dfe-4027-a956-a0d6193f34e4,105.04,success,2026-09-10 08:21:17.74476
424,0f4eff98-d196-4abf-9794-05e5a9e0b3bc,11251.85,success,2026-09-10 08:21:17.746659
425,455c98a2-1787-460d-b497-4722483e0eb0,19925.62,success,2026-09-10 08:21:17.748551
426,39492f72-8815-495c-bd7e-fd1dbe3a498b,12431.68,success,2026-09-10 08:21:17.750496
427,39492f72-8815-495c-bd7e-fd1dbe3a498b,12431.68,success,2026-09-10 08:21:17.750496
428,5745c2a9-0886-4296-bd52-e46c00cd15f8,804.26,success,2026-09-10 08:21:17.752232
429,9d350e79-0d18-451f-8f3e-d326440a150b,3316.23,success,2026-09-10 08:21:17.754411
430,63656fa6-8f95-484d-8e97-b4a73a65a5fa,5664.63,success,2026-09-10 08:21:17.756676
431,278a4d85-c526-44cb-b10b-cc12c511134d,19766.83,success,2026-09-10 08:21:17.758635
432,22453a7e-2048-41c5-a3f9-6e4d5217ad10,11953.94,success,2026-09-10 08:21:17.76045
433,4c620419-e204-45dd-94ae-b8897ea63497,17399.43,success,2026-09-10 08:21:17.762321
434,cee5ef6d-45b0-4ed6-aa88-e2b6a2c3b49b,3297.14,success,2026-09-10 08:21:17.763861
435,3d0a336b-7029-4c6b-a782-8233a0148576,18035.29,success,2026-09-10 08:21:17.76618
436,545610bb-4c24-4a79-a035-774e046d6d57,170.29,success,2026-09-10 08:21:17.768381
437,c1d339d7-88ab-4912-8d5a-bfd80ce36aa0,7864.51,success,2026-09-10 08:21:17.770238
438,8c6f0eda-bea3-4ef5-8da9-700c4aba7800,4905.25,success,2026-09-10 08:21:17.772481
439,6cffc860-3605-43a4-acac-674a845793b4,2518.55,success,2026-09-10 08:21:17.774807
440,09f4ba0d-7cd7-42e1-be7b-d0aedaf79cf9,1219.36,success,2026-09-10 08:21:17.777088
441,1268a895-609b-4cdf-805b-7147f3fba25f,12468.85,success,2026-09-10 08:21:17.779016
442,a0926b3b-c49b-4e11-b25c-a0ede45bae7f,11455.62,success,2026-09-10 08:21:17.781134
443,7064c5ab-35ba-46ee-8eb6-e95f6b7ca9f9,6532.16,success,2026-09-10 08:21:17.783164
444,b5e90763-6718-4e7a-a8c0-d97c0dc7696a,1208.43,success,2026-09-10 08:21:17.785033
445,df744b7b-c448-48de-93de-61fe2d57e42d,657.92,success,2026-09-10 08:21:17.787283
446,f9a5e45e-5efc-4c35-931f-700cf3def7bc,9335.92,success,2026-09-10 08:21:17.789508
447,9b4e6956-3873-458b-8b25-d5cc5e29ff0b,127.82,success,2026-09-10 08:21:17.791733
448,e171a441-06e2-4fac-b9b8-ae8575c0a2bc,10273.47,success,2026-09-10 08:21:17.793663
449,58d893ff-c7f9-4ceb-942d-a736bac4ba78,19240.62,success,2026-09-10 08:21:17.795422
450,134c1c69-60f1-4b30-98f0-a1a2a9d41e49,8496.56,success,2026-09-10 08:21:17.797165
451,129a4a42-a470-42ee-9d30-e68ff2118a2c,8163.08,success,2026-09-10 08:21:17.798954
452,203f08af-8bec-422d-9fd9-91d680fe5bae,14057.15,success,2026-09-10 08:21:17.80055
453,fad69898-b876-45b9-95b6-e59681a1df12,10100.72,success,2026-09-10 08:21:17.802421
454,f8fa6702-2b65-4c90-b1ac-83c7c713febf,10941.99,success,2026-09-10 08:21:17.804196
455,658454eb-4905-439f-8843-27ae625e2a39,5197.50,success,2026-09-10 08:21:17.806276
456,9b4cee63-41da-43b6-983c-901d52a01506,4199.17,success,2026-09-10 08:21:17.808277
457,50c2a9e4-7a84-4d5a-a4da-aa91f1385739,10669.87,success,2026-09-10 08:21:17.809935
458,cda41310-8f47-401f-a6f1-f85007a46e78,665.13,success,2026-09-10 08:21:17.811823
459,002c6de9-3cfb-4b80-8aba-3afc400d1914,19449.11,success,2026-09-10 08:21:17.813706
460,a72c560b-4fe7-4301-a96d-251258e1009f,4782.93,success,2026-09-10 08:21:17.815598
461,5b0b3e69-18a4-4520-9ab6-d0c4b7150a14,11215.44,success,2026-09-10 08:21:17.8175
462,073ddca8-fb47-4fc7-bc56-c0a68754cb85,2483.80,success,2026-09-10 08:21:17.819521
463,ef40cb45-a530-472a-b3ab-f736be7684a8,4161.18,success,2026-09-10 08:21:17.821787
464,d015b91b-726c-42f5-95ea-dbfa4fd7f640,11748.40,success,2026-09-10 08:21:17.823824
465,071d9520-ce0e-459c-b13b-e63d48a164d2,3140.60,success,2026-09-10 08:21:17.825906
466,64809f60-b039-452c-ab8e-5b26d5a7bf32,1566.68,success,2026-09-10 08:21:17.827884
467,61e186ad-c472-4652-8e1b-a56a30269f14,19327.12,success,2026-09-10 08:21:17.829858
468,6f7e5fb6-db58-487d-b62f-38ad4e14b52f,8535.96,success,2026-09-10 08:21:17.831872
469,b48ab36c-7d29-4ee2-a315-e95393d4c460,16238.47,success,2026-09-10 08:21:17.833979
470,eb0e148c-d079-4bc2-8a3a-b54cdbe74635,9421.73,success,2026-09-10 08:21:17.83624
471,6a183e69-bbc8-4826-9b3b-5bcb82cfb6f3,7123.51,success,2026-09-10 08:21:17.837909
472,12dd6e60-7412-4a0f-8db3-312b5b8d282d,2430.58,success,2026-09-10 08:21:17.839957
473,e5fe3a48-2260-4e73-90b4-ac4e263655fb,13155.68,success,2026-09-10 08:21:17.841816
474,5cfbac9a-3c05-4e7d-8558-a724e8209e0d,11331.42,success,2026-09-10 08:21:17.843966
475,c7c9e3a1-8ed3-42d3-954d-e5d723d4b7cc,16926.66,success,2026-09-10 08:21:17.846302
476,70a67243-0307-4f6b-b9c0-cc2bedc71878,16790.36,success,2026-09-10 08:21:17.848466
477,bbc20c01-0e97-45ce-8eb1-ea9db68c5dfd,4885.39,success,2026-09-10 08:21:17.850378
478,db2b862a-dafb-4948-b656-f5d39a6e2aef,11374.44,success,2026-09-10 08:21:17.852379
479,e695cb99-4d29-4a73-b8d7-28e00bdb8bf9,3442.42,success,2026-09-10 08:21:17.854257
480,59f182be-f0bc-4323-8b04-3c6ae34829bf,8767.52,success,2026-09-10 08:21:17.85638
481,c0d269a0-796a-45ed-9593-ae2c9f09b881,18737.77,success,2026-09-10 08:21:17.858258
482,14a5cc57-5879-4997-aaaa-a6c70360d461,13743.02,success,2026-09-10 08:21:17.860303
483,fbf07e31-0641-43c2-a03b-aa448a5ab5d0,11811.93,success,2026-09-10 08:21:17.86237
484,f1857730-3373-4e0e-bed6-f15476d9f867,7568.78,success,2026-09-10 08:21:17.864535
485,eccbe8e5-c32c-47ba-b855-0c0fdeece741,16079.79,success,2026-09-10 08:21:17.866442
486,46a7a0d1-f6ad-49f1-a0f4-10ba65b9016f,10912.94,success,2026-09-10 08:21:17.868692
487,2540ab9c-dcdb-4930-982c-15b8f1b02222,12750.19,success,2026-09-10 08:21:17.870757
488,7dac8ed8-e834-4ca4-8cee-59f28de4e90f,8509.60,success,2026-09-10 08:21:17.87265
489,819306be-cc24-44de-b1eb-d04525d1f265,7109.49,success,2026-09-10 08:21:17.874818
490,b273beaf-edc2-4eee-92a9-f16d6bd1a7db,16407.85,success,2026-09-10 08:21:17.876953
491,58b6c892-074a-4258-b67d-394099efe829,14431.86,success,2026-09-10 08:21:17.878881
492,2b255dff-46e9-42a6-a927-cd9305b59f86,10843.98,success,2026-09-10 08:21:17.880938
493,0b7d5710-645b-4479-a83e-95b04ceddbc9,19959.94,success,2026-09-10 08:21:17.882707
494,2c39e516-1527-48ef-b2f9-736104e73e07,6355.94,success,2026-09-10 08:21:17.884898
495,2fffa5fb-3e84-47d5-81c6-93ebe78a077d,4107.23,success,2026-09-10 08:21:17.88682
496,391fd173-5967-44bf-bce3-4a1c9f8c70bd,18673.85,success,2026-09-10 08:21:17.889086
497,67e5422b-2881-43cf-9c74-b0d8a8b47b2d,15817.66,success,2026-09-10 08:21:17.891086
498,c7f560d6-4400-4f92-834d-42bdd80296d3,5443.23,success,2026-09-10 08:21:17.89439
499,0b2f5f59-48ee-4127-beb6-ff2f379963a4,16144.16,success,2026-09-10 08:21:17.896492
500,0f3f2b92-5975-4a9e-86f1-5272509622c7,3711.16,success,2026-09-10 08:21:17.898401
501,6c81961f-ab97-43f9-bcb2-aebf14a488fe,10277.09,success,2026-09-10 08:21:17.901308
502,e3f8890a-c271-46a8-822a-dae43e1e05e1,8678.14,success,2026-09-10 08:21:17.903244
503,5246c316-b7fd-4ed5-8934-fee24b57161e,16445.09,success,2026-09-10 08:21:17.905445
504,6a8fea39-9a0d-4c7d-96e0-0c56431a2340,10038.26,success,2026-09-10 08:21:17.907351
505,777b388a-8feb-4601-9bac-54bf4893d94d,15796.23,success,2026-09-10 08:21:17.909522
506,a1c5d8a6-7fe1-42c3-9926-25145d5cce3e,9165.45,success,2026-09-10 08:21:17.911475
507,afad395d-0f5c-4f6b-ab25-c496921b68d9,16760.67,success,2026-09-10 08:21:17.913367
508,9f74aebd-1d11-4376-93d8-2c9edafde688,2112.77,success,2026-09-10 08:21:17.915463
509,81e79e5b-663a-4ff8-a0fe-5db9428ad548,11788.04,success,2026-09-10 08:21:17.917527
510,9b7aeaaa-9830-4986-94d8-80cba42143a6,4319.01,success,2026-09-10 08:21:17.919709
511,108a10b0-21cd-4252-8d3e-8f45df773e86,14649.83,success,2026-09-10 08:21:17.921762
512,6921a3b4-e1a5-4586-b1da-6ed6cd02ec75,1232.08,success,2026-09-10 08:21:17.923706
513,a2ecc5cf-212b-4fda-8912-93b971c5da16,17999.02,success,2026-09-10 08:21:17.925583
514,acf0a93c-b220-4514-8a36-855d6083f851,12609.30,success,2026-09-10 08:21:17.927859
515,a8bdf798-03f2-47ac-876f-5eb8aac80e6c,1578.46,success,2026-09-10 08:21:17.929666
516,f4b1d60e-03c3-437c-a186-ae88dd93a523,10182.51,success,2026-09-10 08:21:17.931799
517,45f2e8a8-e116-4b4a-ad33-5ce3d3edd14f,11026.91,success,2026-09-10 08:21:17.93384
518,9000c21a-da6a-44e7-8a8d-6829580eee04,2699.48,success,2026-09-10 08:21:17.935818
519,61076cac-d218-4c0b-834a-2c1942b2a586,16627.81,success,2026-09-10 08:21:17.937729
520,5fc45593-68f2-447c-8584-6259e2533e11,4209.96,success,2026-09-10 08:21:17.939565
521,7db6915a-d841-4b6c-98df-44b8aee2fdc2,5631.38,success,2026-09-10 08:21:17.941578
522,bf927c06-61ca-4557-9ae2-80e45d2d8d2c,4756.78,success,2026-09-10 08:21:17.943727
523,432cffff-0dac-4ba7-b9c6-c16c69a14784,6947.86,success,2026-09-10 08:21:17.945977
524,290071f7-2362-47cc-9840-eaa6fe558500,16324.73,success,2026-09-10 08:21:17.947921
525,75cacd11-f499-4d2e-a542-b301db66e24c,3697.15,success,2026-09-10 08:21:17.949998
526,18287757-1a88-4f77-81e1-105ddc8653b5,6736.02,success,2026-09-10 08:21:17.951976
527,7fe3e37e-5c08-44f8-860b-0d70429b1174,8812.02,success,2026-09-10 08:21:17.953944
528,4577559b-8666-49db-818d-b514970a8a8d,3146.67,success,2026-09-10 08:21:17.955839
529,8088ff87-6b58-4cac-bd1b-4ded9dc31343,3011.05,success,2026-09-10 08:21:17.95781
530,bc86a1bd-bf7b-4e8c-b3c9-02c72c9d489a,6521.35,success,2026-09-10 08:21:17.959773
531,fdeee6d6-97da-4fe0-b759-d4609a27ff81,11234.98,success,2026-09-10 08:21:17.961725
532,48751343-8c81-436f-bb0c-8e26755a8b55,12578.95,success,2026-09-10 08:21:17.963714
533,c9dffb42-5330-4d3d-80c2-087b0ee1c637,17364.59,success,2026-09-10 08:21:17.96574
534,acd52d33-1811-491a-9778-fdff9b8d6476,4188.32,success,2026-09-10 08:21:17.967657
535,4a16a692-6557-4da1-baa8-dba2a689de2e,17412.55,success,2026-09-10 08:21:17.969883
536,ebebac73-54ef-4b5a-8b55-12774f27d377,1076.46,success,2026-09-10 08:21:17.971801
537,ed2834eb-0da5-402a-907f-08957624d431,8766.82,success,2026-09-10 08:21:17.973645
538,ed2834eb-0da5-402a-907f-08957624d431,8766.82,success,2026-09-10 08:21:17.973645
539,84c93e28-4418-4a3a-96ff-763de2bfc38b,2107.42,success,2026-09-10 08:21:17.976122
540,c0c9ec34-4c55-448f-af50-e61efa1c52af,12863.28,success,2026-09-10 08:21:17.978004
541,34068367-ace8-4151-9724-94919de3a7b1,7455.50,success,2026-09-10 08:21:17.980363
542,935678a2-26f3-4ddf-84f6-7d6f3e90f046,19598.20,success,2026-09-10 08:21:17.982293
543,ed2ef80a-8e96-4174-b02e-964e01d2505c,14669.81,success,2026-09-10 08:21:17.984414
544,ed2ef80a-8e96-4174-b02e-964e01d2505c,14669.81,success,2026-09-10 08:21:17.984414
545,b2541ce5-f05d-4fcf-9828-8f5296e92ab5,1538.40,success,2026-09-10 08:21:17.986664
546,d587ae2d-1f07-42f5-9f7e-7932218888e7,17452.46,success,2026-09-10 08:21:17.988541
547,ff037347-8aa8-423e-aace-499c0e7cb36b,7162.71,success,2026-09-10 08:21:17.9905
548,9241612d-b217-498a-af0b-31f85136fc65,4571.76,success,2026-09-10 08:21:17.992733
549,0e6049dc-ed47-4df9-9261-a6635157c0c7,5715.49,success,2026-09-10 08:21:17.995018
550,096e363c-f3cb-441e-9ab8-0ef7fe2651d2,10551.26,success,2026-09-10 08:21:17.996989
551,b1013776-61b8-4d55-9f88-82c8554d3e5c,9185.46,success,2026-09-10 08:21:18.000197
552,a4776580-8cf1-47eb-8eef-f1a4a00026e6,8656.08,success,2026-09-10 08:21:18.002195
553,45c16f50-4d9b-4f83-bd56-9704698f6357,2420.95,success,2026-09-10 08:21:18.004087
554,1dc862be-d2e4-4da9-b9ff-1ac2fe081e28,15315.64,success,2026-09-10 08:21:18.005921
555,885811fa-c3ff-4731-b015-7f42354396db,6735.51,success,2026-09-10 08:21:18.007664
556,e2705881-009a-486e-89b9-f6f493b59a61,4600.88,success,2026-09-10 08:21:18.009767
557,24158a34-96fc-4f21-b7d9-61ae3b9c31a4,6012.58,success,2026-09-10 08:21:18.012021
558,ffe46193-edf5-4009-957c-4211be984246,9247.66,success,2026-09-10 08:21:18.014174
559,692fc016-701f-4038-a25d-da42d6be1d70,12294.51,success,2026-09-10 08:21:18.016343
560,f0c85b50-91d9-4751-8323-0ba0f083efb7,11424.29,success,2026-09-10 08:21:18.018393
561,3336ce17-560a-4fe0-a861-e089752b503f,19452.18,success,2026-09-10 08:21:18.020301
562,4b7af634-efe4-419b-8bd5-d4457e3fcf56,17663.38,success,2026-09-10 08:21:18.022496
563,4536e71b-bc8f-4143-9efd-975fd647b7b3,11229.02,success,2026-09-10 08:21:18.024253
564,b204633d-45e3-4ad3-8db5-876636b40d93,16424.14,success,2026-09-10 08:21:18.026412
565,e13f6d8c-0220-40aa-8e45-34fc78004b40,18047.51,success,2026-09-10 08:21:18.028666
566,1647aa53-ce1e-4bf5-a24c-0887bfcbc317,2047.20,success,2026-09-10 08:21:18.030669
567,982cb88b-10df-4e21-887e-5528cc6d9b41,371.08,success,2026-09-10 08:21:18.032611
568,17ae5524-74e6-4048-92b8-c91224a598aa,17549.69,success,2026-09-10 08:21:18.034636
569,17ae5524-74e6-4048-92b8-c91224a598aa,17549.69,success,2026-09-10 08:21:18.034636
570,cb9af56e-4169-4e0c-8f21-f6990b8e7fcb,8642.67,success,2026-09-10 08:21:18.037048
571,eb54478f-a55b-45e9-8a69-8a0159bad1e5,6380.01,success,2026-09-10 08:21:18.038832
572,6ce35d58-d1f7-4bd2-9a3a-3dc98e6d34dd,4674.13,success,2026-09-10 08:21:18.040663
573,4a0045f5-d8fb-4ef2-b328-ae3ad6b8e769,13885.02,success,2026-09-10 08:21:18.042619
574,6933e066-651f-41a9-844c-019f033bceb6,2352.35,success,2026-09-10 08:21:18.044509
575,5f6a3656-919a-4207-8368-f7ce5cce78db,1296.87,success,2026-09-10 08:21:18.046429
576,c93110d7-a5f4-493b-90ec-e86e74b3344c,131.71,success,2026-09-10 08:21:18.048798
577,2ab68b07-7ab8-43e6-a122-022a0d3a49b0,11690.20,success,2026-09-10 08:21:18.050721
578,dc89441c-f147-4577-bcab-41fea5d925dd,14747.38,success,2026-09-10 08:21:18.052577
579,c9c78dc1-2037-4e32-bbd2-fb9a6182eb75,12179.85,success,2026-09-10 08:21:18.054793
580,24006581-e5b7-4b49-8c3c-6b908740c169,16486.97,success,2026-09-10 08:21:18.056658
581,4ea20b8b-be00-4352-84a2-e0b4fe87e05b,16848.59,success,2026-09-10 08:21:18.058638
582,42fed653-89e4-4fdb-8de0-2a4039c7cc18,1135.29,success,2026-09-10 08:21:18.060624
583,a43cbde9-1852-4af5-8c86-ee75e5b41f92,7605.55,success,2026-09-10 08:21:18.062572
584,b191fe72-c0f0-41c7-9515-5384c0593ffc,1160.47,success,2026-09-10 08:21:18.064464
585,4f47d6ae-b93f-4882-b041-5d648e3010dd,10894.28,success,2026-09-10 08:21:18.066553
586,d1702445-180f-480a-aaef-c259a649b674,3649.69,success,2026-09-10 08:21:18.068559
587,6dc2650a-f8af-42e2-b414-e1281d00920f,3722.82,success,2026-09-10 08:21:18.070781
588,7263e13e-e8e2-448d-b79f-ac1e34ff2bdf,14859.37,success,2026-09-10 08:21:18.072828
589,92c07941-f7d6-49ad-a9af-5618223bf8c7,1430.15,success,2026-09-10 08:21:18.074959
590,44ae7075-bac6-43c5-b464-39bc41cff3bb,13426.67,success,2026-09-10 08:21:18.076895
591,48f5ab93-40d9-4251-86c3-185abecc0cd6,10774.01,success,2026-09-10 08:21:18.078828
592,14929332-bfe3-414f-9092-b9f9ce3feda7,2528.01,success,2026-09-10 08:21:18.080657
593,ad8e8bf5-f8e2-402c-a9c6-76d5a1332f81,8470.96,success,2026-09-10 08:21:18.082786
594,8ec8a4be-08f3-49bc-9d9c-3b5f1501ae02,1252.44,success,2026-09-10 08:21:18.084993
595,41ef123f-e009-44cf-8d56-ac5c0a204c33,8500.31,success,2026-09-10 08:21:18.087352
596,2558b215-a0ff-4fa8-8309-4bd15e633044,5639.28,success,2026-09-10 08:21:18.089752
597,b91015f9-152f-476d-a2d5-1076e05acc5c,7766.32,success,2026-09-10 08:21:18.091766
598,d2a12fe9-5b69-4481-b4d8-88c5305ca1b9,344.12,success,2026-09-10 08:21:18.093794
599,e1df702a-d2b3-4d1e-9312-de1d158e5191,7972.93,success,2026-09-10 08:21:18.095713
600,eef266d7-0885-4929-89fa-eec71aceafd4,17058.23,success,2026-09-10 08:21:18.09762
601,b99d1494-2981-432c-951a-4c341e662454,16463.41,success,2026-09-10 08:21:18.099447
602,7e4a0b72-b00e-4fc4-ad2d-a8fcf5a8ce6f,5657.22,success,2026-09-10 08:21:18.101491
603,2ee52f25-a24e-4ab8-bcd5-535ae4359e4e,19880.17,success,2026-09-10 08:21:18.103445
604,1bf5d84c-08d3-4d65-beb6-c1d3c1d4dffa,3829.66,success,2026-09-10 08:21:18.105356
605,bfb647dc-da90-41be-ba85-f6b69e3e6479,19406.05,success,2026-09-10 08:21:18.107545
606,95b9edbe-797e-49b6-bc12-5d049df2d630,15020.19,success,2026-09-10 08:21:18.109377
607,110c4780-993c-41f4-a4e6-293522c427c4,744.07,success,2026-09-10 08:21:18.111487
608,bf78e713-0a82-4f29-af9c-065df3e25d60,5421.41,success,2026-09-10 08:21:18.113587
609,3d8a8bf7-b1e8-47ce-8a1b-1e199e5a4ced,17178.67,success,2026-09-10 08:21:18.115463
610,007ac919-c0c4-4886-b563-c6c1efd40685,6782.92,success,2026-09-10 08:21:18.117632
611,7f10f3d7-6d13-47a4-b89d-dcef13c1cb77,14355.99,success,2026-09-10 08:21:18.119757
612,2895b06d-8efa-4c86-a499-63a6bb0fbcb0,4216.15,success,2026-09-10 08:21:18.121868
613,1682ebaf-ee73-4229-bcd2-77417bf70303,433.20,success,2026-09-10 08:21:18.123831
614,1aff603b-7d76-407b-98d9-54dcc2f7a9c8,1174.47,success,2026-09-10 08:21:18.125835
615,d46c2215-00f4-45cd-8e74-15d6717ac25e,15691.99,success,2026-09-10 08:21:18.127674
616,cbacb757-7286-4f7d-adf7-7e78992b461e,758.79,success,2026-09-10 08:21:18.129836
617,c191675d-d6bd-49bc-8759-6b03ab1d1146,8969.14,success,2026-09-10 08:21:18.131865
618,c191675d-d6bd-49bc-8759-6b03ab1d1146,8969.14,success,2026-09-10 08:21:18.131865
619,32f10bd1-e877-4888-9f43-54185d2c33b0,2151.77,success,2026-09-10 08:21:18.134221
620,890c4d14-33fd-48af-a2d1-4653c6ce0712,8777.79,success,2026-09-10 08:21:18.13632
621,5d07217e-e073-4781-8c0a-dbe01f5764f6,7174.44,success,2026-09-10 08:21:18.138659
622,37991eed-008a-4648-9c67-e60067409db4,5880.94,success,2026-09-10 08:21:18.140868
623,b73a73be-b1c1-410b-822c-6ca777d82d7c,17301.76,success,2026-09-10 08:21:18.142695
624,32fa4128-9d54-4a80-aaef-2e2de28fa4c8,17378.94,success,2026-09-10 08:21:18.14484
625,51083d63-89b9-47e3-acb7-3e84421c47a3,7358.62,success,2026-09-10 08:21:18.146722
626,c4001371-74e3-4019-96a2-9763e5bfc0be,19817.18,success,2026-09-10 08:21:18.148767
627,3a198bca-abce-4272-8929-a68f95fc4136,3351.60,success,2026-09-10 08:21:18.150678
628,98342c21-ba2c-4a82-966b-0d0ad9a0b666,17860.12,success,2026-09-10 08:21:18.152616
629,56a0d8de-4701-483c-a9df-5bd9b3f95daa,17247.51,success,2026-09-10 08:21:18.154408
630,1dd2ad1a-7cb4-4aae-bb0e-908829d131d9,19210.83,success,2026-09-10 08:21:18.156444
631,c8fabb67-7156-4852-ba8e-d8bd1556058a,282.87,success,2026-09-10 08:21:18.158304
632,b49dcec2-97d2-48e5-a151-e51ff457907c,4506.25,success,2026-09-10 08:21:18.160522
633,80b85e38-ce72-4d4d-a6b3-9bee5faf059b,2514.41,success,2026-09-10 08:21:18.162418
634,1e955880-09ff-4df9-9bf2-e2fbcf473123,11679.44,success,2026-09-10 08:21:18.164402
635,4302494c-2e60-40be-99aa-b02fb4ee8faf,9197.84,success,2026-09-10 08:21:18.166484
636,3f73dc6e-b3a6-446c-b343-5fefbba8d677,17318.46,success,2026-09-10 08:21:18.168429
637,647d229c-6d7d-46fb-8580-7bee4cd678d2,7913.99,success,2026-09-10 08:21:18.170965
638,11f28f29-1c81-4830-8eb2-4470dce1c3d3,16415.59,success,2026-09-10 08:21:18.173073
639,d63bbf27-179a-43ad-9ae4-e72e66109c96,3217.54,success,2026-09-10 08:21:18.175039
640,0841c9c5-a443-4934-9486-f31c2336ff17,19076.68,success,2026-09-10 08:21:18.17699
641,efa16942-73e4-4ed6-87ff-7e52e062c28a,11616.02,success,2026-09-10 08:21:18.178978
642,55087112-31d0-4147-aaac-67baeb7fd941,9852.49,success,2026-09-10 08:21:18.180876
643,4e9a1b7d-bd2c-4d76-b6cd-d470a483d6e3,2903.01,success,2026-09-10 08:21:18.182751
644,ccea92bc-706d-40c0-b3c7-eeae77546877,8037.12,success,2026-09-10 08:21:18.184981
645,8f879f12-265c-488f-a456-3fb30bfe8ab8,10691.28,success,2026-09-10 08:21:18.186906
646,08d34a60-325e-4177-bd5c-93b0ae0cb538,11205.88,success,2026-09-10 08:21:18.188835
647,492e7110-81bf-4e5c-bbc0-0231adf72dbb,8399.26,success,2026-09-10 08:21:18.190855
648,8c6715ad-488f-4372-9534-633901cc172d,6618.44,success,2026-09-10 08:21:18.192782
649,0001475e-e4c9-4057-af59-d341005bd455,11391.55,success,2026-09-10 08:21:18.194996
650,09c48e20-3528-4c6e-aa67-44784346fe80,19122.95,success,2026-09-10 08:21:18.196816
651,41a2cf4c-c856-48eb-a139-33143416a875,19230.02,success,2026-09-10 08:21:18.198726
652,a6bb3940-4cb0-452e-a83b-71e44d2b7522,15603.53,success,2026-09-10 08:21:18.200985
653,2cf0f480-cc58-4a6c-84af-2630a59656e9,8572.68,success,2026-09-10 08:21:18.202872
654,d1faa4d5-9892-46eb-8d11-7648fb04f76b,2272.93,success,2026-09-10 08:21:18.204805
655,04c78a68-eb0e-42d1-b173-2d26dce34498,9537.05,success,2026-09-10 08:21:18.207064
656,2422107a-90c9-44e8-b025-ddb7cc6d2b09,17227.16,success,2026-09-10 08:21:18.209079
657,c6b77afb-c65e-4257-8940-34f3f7e87126,4419.16,success,2026-09-10 08:21:18.211257
658,ac2fc71d-2074-41c6-8865-15527c5eb3a7,18486.41,success,2026-09-10 08:21:18.213189
659,db8e591d-825d-48c7-b1d6-32ed15887498,4090.17,success,2026-09-10 08:21:18.215148
660,82ed3d87-782c-4c97-a8e3-86b5c68efd22,7362.57,success,2026-09-10 08:21:18.217624
661,97d5c705-dd95-4221-aa95-dd0b9881ea47,12900.93,success,2026-09-10 08:21:18.21965
662,68ae75d4-575d-47f2-aa59-26d431bdef9a,12577.48,success,2026-09-10 08:21:18.221968
663,21680820-2437-4fb6-ab43-71c4fce98c82,84.37,success,2026-09-10 08:21:18.224034
664,76afddb1-edf5-4957-af5c-ac9c8545c8cb,76.81,success,2026-09-10 08:21:18.226082
665,47cf0ee8-d410-4340-b6e3-7c045bd7bb25,18762.56,success,2026-09-10 08:21:18.228119
666,7eece9e9-f9b3-468d-ab90-52beca316c3d,5872.37,success,2026-09-10 08:21:18.23022
667,cd54a0d5-bb91-47bc-af90-ba2fc7c2198b,7662.60,success,2026-09-10 08:21:18.232326
668,db7f5dbb-9ad8-4ad8-a941-858ede447397,9445.59,success,2026-09-10 08:21:18.234421
669,ec19964b-57de-4e5b-9475-a93ed67f4091,15925.31,success,2026-09-10 08:21:18.236373
670,b4b0eaad-aadc-4b65-936b-7b3a5d344a04,17586.23,success,2026-09-10 08:21:18.238456
671,f49abb59-3440-4d93-ba1e-d898011d0218,3354.86,success,2026-09-10 08:21:18.240362
672,a57a40ee-5469-48ee-87e1-421d614769b8,11288.08,success,2026-09-10 08:21:18.242388
673,28dede39-3d42-440c-829a-aa2ce02b3b59,7938.60,success,2026-09-10 08:21:18.244302
674,d78cd60d-29e7-4a82-831c-5c48ba7fc420,16186.77,success,2026-09-10 08:21:18.246254
675,aa2ea7c8-3f0c-4dbd-b69e-a82f0bfbbb8e,1855.25,success,2026-09-10 08:21:18.24858
676,8088da43-f7f7-4eb9-9a19-0a1fd21107e7,2621.52,success,2026-09-10 08:21:18.250496
677,e48e5307-2b3a-435c-8da2-7af7c92fccd6,159.36,success,2026-09-10 08:21:18.25241
678,587bb0e4-222f-4b0d-9721-7ebc834d6f1b,667.70,success,2026-09-10 08:21:18.254243
679,38f7965e-ad0e-4b66-a1b3-341105173316,566.27,success,2026-09-10 08:21:18.256292
680,b4c1eaf0-5935-4cd9-8a77-4cae4b856da1,13506.64,success,2026-09-10 08:21:18.258473
681,4c44b136-7807-4ef7-ba05-1a746fcfcd3f,6835.54,success,2026-09-10 08:21:18.260226
682,5976f221-caf1-48f6-9d8d-fc56fbe8caad,16636.06,success,2026-09-10 08:21:18.262133
683,f8f91643-8363-4041-9593-af0b1ea557ba,7838.33,success,2026-09-10 08:21:18.264836
684,7af84825-3210-45ad-82ae-adaec4d6b7d1,3827.30,success,2026-09-10 08:21:18.266754
685,f0b020d3-25b5-4765-9b32-fe6d3c6ad69e,4306.60,success,2026-09-10 08:21:18.268625
686,f0b020d3-25b5-4765-9b32-fe6d3c6ad69e,4306.60,success,2026-09-10 08:21:18.268625
687,dfafe26e-9023-40f0-8080-1524c5353d2a,16000.56,success,2026-09-10 08:21:18.270924
688,71959ba0-a1c9-4b5a-a68f-63e2a1c00895,3460.92,success,2026-09-10 08:21:18.272883
689,5e616263-4e5f-47ef-ba7b-7b1b7a7dca2e,6532.62,success,2026-09-10 08:21:18.27482
690,8b583cb2-aca2-4915-b24f-70903a026fb9,872.93,success,2026-09-10 08:21:18.276614
691,d891ab30-4bf9-4d3f-940c-288267b91834,10554.48,success,2026-09-10 08:21:18.278741
692,232d6b8f-17e9-4d0b-927f-14eb3ca768ee,8398.80,success,2026-09-10 08:21:18.28075
693,f47ecddb-3b7c-4b08-bf5e-3af95f5a91a4,11859.58,success,2026-09-10 08:21:18.282833
694,b41f6763-9764-4e98-b0c6-7056fbf851eb,19533.14,success,2026-09-10 08:21:18.284681
695,fbe2fb43-5bf6-43b1-8618-cd37cee8c2b1,7653.34,success,2026-09-10 08:21:18.286615
696,56a4d3bb-9767-4612-84cc-1eb96dc35982,2773.79,success,2026-09-10 08:21:18.28885
697,234dcc60-8c3c-42e2-9b7d-f1d3e4ab0c7c,5883.85,success,2026-09-10 08:21:18.290883
698,8a85f692-005a-43ea-b683-028918d61cd9,354.15,success,2026-09-10 08:21:18.292766
699,84356df3-5b86-4a78-ae55-c9d9a88202ba,10853.03,success,2026-09-10 08:21:18.294678
700,add1f99a-7313-425f-b33b-6f87f8171e7c,15861.98,success,2026-09-10 08:21:18.296619
701,658158ee-572c-4bf7-8303-eb9db8992e73,5370.24,success,2026-09-10 08:21:18.298535
702,110468b8-874e-4102-a85f-1bf6d649ee5d,13989.49,success,2026-09-10 08:21:18.300577
703,6babb961-2e00-4bc1-8b6d-28e547f987af,15839.58,success,2026-09-10 08:21:18.302832
704,bb725e5f-f8d7-4b0c-b793-99d129080c49,18830.71,success,2026-09-10 08:21:18.304604
705,7e459c3b-f280-4ff3-b908-ef2834cf2b9f,17331.45,success,2026-09-10 08:21:18.306725
706,96780b3b-f3fb-4dbf-ae6b-c43829b11a71,7377.74,success,2026-09-10 08:21:18.308826
707,968cd6ca-f0ae-4a29-a370-0192ea11496f,17361.36,success,2026-09-10 08:21:18.310726
708,4c56c68a-68d1-445d-9f5e-8b814dec8b80,4532.76,success,2026-09-10 08:21:18.312721
709,6124821e-bca0-4855-9323-6c0d6686035e,11871.21,success,2026-09-10 08:21:18.314827
710,1ff797bd-63a5-4199-9c5a-7edf86d2529a,3617.18,success,2026-09-10 08:21:18.316861
711,f9939c7c-01b3-4d1b-b753-f1dc90dfab1e,3341.22,success,2026-09-10 08:21:18.31903
712,0f7012e5-f18b-40bf-a036-2118a7d72544,13036.54,success,2026-09-10 08:21:18.321052
713,28d4e181-2c6b-4077-966d-e436187ff478,11048.01,success,2026-09-10 08:21:18.323211
714,90ee3809-f90b-4c48-8ea7-b33cb65e3cfd,2133.94,success,2026-09-10 08:21:18.325216
715,fe4ab8b3-99cf-4da2-840b-0d5f9378d209,8923.91,success,2026-09-10 08:21:18.32739
716,11e77efc-1093-4df6-9240-3ac6e1f63a9c,19196.25,success,2026-09-10 08:21:18.329246
717,85a10d99-524e-4937-aa11-fc7324666733,12864.25,success,2026-09-10 08:21:18.331083
718,807a1034-ef54-4fed-b297-eae87fcf9c39,1456.81,success,2026-09-10 08:21:18.333108
719,ea83bd1e-6a32-41f8-a3a9-fc0304f4bac4,1691.69,success,2026-09-10 08:21:18.334974
720,031452f2-852f-4cbc-a767-93115fd6de7a,8897.96,success,2026-09-10 08:21:18.336888
721,18771288-30cb-4b5f-9319-9c046e89ba5a,463.11,success,2026-09-10 08:21:18.338862
722,27cea570-bdf1-4c91-aca6-c85263bc86ed,6963.02,success,2026-09-10 08:21:18.340795
723,7348f13a-97f0-48b7-b9c6-787d8055ea29,18476.25,success,2026-09-10 08:21:18.34277
724,641af6e2-940d-45f3-93dd-a41864e252c3,17493.57,success,2026-09-10 08:21:18.344731
725,6c35affa-eb09-4335-902c-f28f938011e1,17751.13,success,2026-09-10 08:21:18.346788
726,d96a93db-dfff-4bba-a108-6d486af6b339,11006.04,success,2026-09-10 08:21:18.348862
727,df9429c0-531f-4755-885e-0f97baecbf09,13452.10,success,2026-09-10 08:21:18.350722
728,75f067fc-90ee-48cf-ac31-5dd100edb80f,17080.54,success,2026-09-10 08:21:18.352781
729,aba92ae9-4e35-4a34-9ee2-3d60f5ff28f7,9839.03,success,2026-09-10 08:21:18.354742
730,eb37bd7a-af3d-4ce5-a4e7-91afcce61d30,7806.63,success,2026-09-10 08:21:18.356762
731,820883ec-b151-424e-8b0b-13259682a9ea,18258.78,success,2026-09-10 08:21:18.358703
732,7b6306e1-2d02-49a4-91da-17e04efd5118,7113.59,success,2026-09-10 08:21:18.360815
733,039d2b74-424e-4a10-8c75-e8fdf485e98d,5904.39,success,2026-09-10 08:21:18.362893
734,b96e6fd6-9c89-4889-becc-e03bbd4201a3,1612.74,success,2026-09-10 08:21:18.364766
735,0ecf1e3b-a61e-4673-a38c-4e4b6003bb47,4349.98,success,2026-09-10 08:21:18.36672
736,5b672cf5-ac05-4c3d-84be-93d411c12277,3244.38,success,2026-09-10 08:21:18.368747
737,8a3c6e96-a259-42a9-a1b9-71e454705594,1661.31,success,2026-09-10 08:21:18.37072
738,a7b6e648-19f8-4b83-a480-e8dbf0593765,7130.26,success,2026-09-10 08:21:18.372698
739,f1b1df54-ed20-4e85-83e9-fa15dd74864e,7597.19,success,2026-09-10 08:21:18.374601
740,8e694038-df87-4f90-af72-6e419f6f8bb0,15461.37,success,2026-09-10 08:21:18.376919
741,4647f930-79d3-41be-9557-82f93b29ccf1,16559.95,success,2026-09-10 08:21:18.379135
742,a8ddcb35-ee01-44be-910d-40f9a2bce1f0,7751.04,success,2026-09-10 08:21:18.381037
743,8910b6b6-46fe-4ddc-8ad0-4c473ef197a4,5924.71,success,2026-09-10 08:21:18.382974
744,05e62545-df44-47a0-a553-ebc442aca9f6,6242.17,success,2026-09-10 08:21:18.385003
745,38f678cc-e6d7-417a-80b3-0032f099d4f2,19139.44,success,2026-09-10 08:21:18.38714
746,b29f3f44-1e80-4089-b73f-e0bb6e2d4bcd,2813.07,success,2026-09-10 08:21:18.389223
747,34adeaeb-334a-47a1-89cf-00562b728233,13892.39,success,2026-09-10 08:21:18.391825
748,c344bab1-7867-46ce-ae69-6aefe09d6052,8368.81,success,2026-09-10 08:21:18.39371
749,71a194c3-50e8-469d-8c29-03c964a031ad,8697.71,success,2026-09-10 08:21:18.395747
750,30cd5ebc-b501-4b4d-90f0-38cc2cc98a16,4336.59,success,2026-09-10 08:21:18.397582
751,30cd5ebc-b501-4b4d-90f0-38cc2cc98a16,4336.59,success,2026-09-10 08:21:18.397582
752,400ad8d9-d725-4e4c-82d2-005d3f73cc30,12706.48,success,2026-09-10 08:21:18.39977
753,1bfba96d-1bd9-4ce9-bdd8-f1e0a329ecad,15784.85,success,2026-09-10 08:21:18.401877
754,989591f8-c30d-43fc-95ba-2b0a6e1ed1c2,4311.20,success,2026-09-10 08:21:18.403958
755,e95ee7cb-c53d-4502-be90-8b97f0e2bf17,11498.72,success,2026-09-10 08:21:18.405937
756,4aa85a2f-8680-4024-b791-6abb98ab7314,4424.27,success,2026-09-10 08:21:18.408137
757,36ee7b15-06e3-4276-9935-e17d678b1839,3168.32,success,2026-09-10 08:21:18.409891
758,61264bf9-1385-4516-8e4e-90aab62acf8b,18424.14,success,2026-09-10 08:21:18.412032
759,5b17ea77-f6bf-475c-a043-a8ce3f04d125,18839.60,success,2026-09-10 08:21:18.414089
760,3c51e7f9-8bb6-49c4-9a36-7ab53baab81f,6464.68,success,2026-09-10 08:21:18.416193
761,8fea5b33-fd96-441b-a605-04aca3b030de,1680.74,success,2026-09-10 08:21:18.418225
762,8f272797-dda4-4177-906d-88b8c057f428,10383.66,success,2026-09-10 08:21:18.420296
763,16f3313a-4071-4ebc-89a9-389ac7db195a,14528.94,success,2026-09-10 08:21:18.422267
764,0a5194df-7bed-49ad-a0da-bed92f1d91ad,5813.02,success,2026-09-10 08:21:18.424258
765,337bd5b8-02ce-4987-bc2b-ef97571ac21d,1081.44,success,2026-09-10 08:21:18.426282
766,47a62fa2-90ae-4dcc-ab3f-65d15ce249fa,4648.38,success,2026-09-10 08:21:18.42822
767,c825ddb0-6175-4e2d-8073-4dcdf6708ae6,2988.25,success,2026-09-10 08:21:18.430198
768,2267fe0d-282a-480a-9668-4fd4b8abf22e,16489.00,success,2026-09-10 08:21:18.432233
769,c1cfe8d2-5954-4e24-9acc-dbcdc757feb2,16236.27,success,2026-09-10 08:21:18.434449
770,b25252e5-c34d-4d87-97e9-935da0b66e58,1028.87,success,2026-09-10 08:21:18.436239
771,f19cb2f3-aa1a-44d6-95ca-598578e25086,19597.61,success,2026-09-10 08:21:18.438305
772,f19cb2f3-aa1a-44d6-95ca-598578e25086,19597.61,success,2026-09-10 08:21:18.438305
773,09bdc814-8069-4ea5-8730-74ed7cd2dd51,19454.74,success,2026-09-10 08:21:18.440628
774,0736b7df-71cb-480b-95ae-4e1427d0bbcf,2213.80,success,2026-09-10 08:21:18.442763
775,fbf8bc9e-a6c5-41d5-9365-bf608b2959cb,19438.38,success,2026-09-10 08:21:18.444999
776,a7728a76-a1be-4928-a0b3-5edd846e84c4,167.64,success,2026-09-10 08:21:18.446979
777,fe8b2f83-f8d8-4421-99af-a41a4d760a2a,17697.30,success,2026-09-10 08:21:18.449151
778,d82d072e-a23a-4afa-8232-e5b4f4201dff,2825.29,success,2026-09-10 08:21:18.451174
779,e24a0c99-f08f-45ef-8449-146e11d71c77,14888.39,success,2026-09-10 08:21:18.45325
780,b1d730ae-ea25-4f14-ac01-88e3627cce7e,7001.70,success,2026-09-10 08:21:18.455204
781,e49bf3ea-8af3-4ea7-84df-a8da6d399ca8,16431.47,success,2026-09-10 08:21:18.457407
782,15a907f8-498c-4a06-9ccb-b17b0f25efda,19440.36,success,2026-09-10 08:21:18.459607
783,4a9ab28a-f5f0-4823-b8f5-47b1de067193,5986.92,success,2026-09-10 08:21:18.462122
784,600d387a-3705-4e73-988b-ca946fa1ea1b,15616.45,success,2026-09-10 08:21:18.464039
785,4ab8e123-f945-4e95-a7cf-8c7786626a22,2321.40,success,2026-09-10 08:21:18.466168
786,270c4dfc-de99-4557-8f17-4adbb68a50c2,5317.56,success,2026-09-10 08:21:18.46806
787,96334a57-6364-47c0-957b-d61bfa78da1e,3951.48,success,2026-09-10 08:21:18.469951
788,b9891d35-d48f-4b3c-9cd8-dace6c86983f,10113.91,success,2026-09-10 08:21:18.471792
789,ed798964-904d-41bc-b072-e4a46938439d,15817.57,success,2026-09-10 08:21:18.473733
790,f1b72278-a225-42ad-b348-4b843f11304b,9691.56,success,2026-09-10 08:21:18.475746
791,22d272e4-33a2-45fe-bd8d-2b89a0c7190b,5814.82,success,2026-09-10 08:21:18.477856
792,857a1b25-8ebc-4d6b-87f8-1c36ac67f3ea,444.18,success,2026-09-10 08:21:18.479657
793,ebee2973-fb52-45ae-9af8-9077d119d394,19576.02,success,2026-09-10 08:21:18.481571
794,a47b1f79-c894-4816-9884-54041dfa1f9b,9987.36,success,2026-09-10 08:21:18.483588
795,cfd3350b-9359-45f4-b4ca-7b031ff527eb,7585.62,success,2026-09-10 08:21:18.485488
796,e0acb3ad-ca64-4a34-984b-435b4a1ae7ae,1354.89,success,2026-09-10 08:21:18.487329
797,eece3788-961a-4b1e-9d47-6fc3d507ebc0,2136.34,success,2026-09-10 08:21:18.489096
798,1ab71763-3558-401d-be39-a39c0fcf79c3,13127.68,success,2026-09-10 08:21:18.490989
799,2bcc3c1e-7ac7-49b0-a940-4f0e7c3ff3b8,3572.29,success,2026-09-10 08:21:18.493038
800,055202bd-efcc-4c53-b249-dfc2fb5b69d2,1987.12,success,2026-09-10 08:21:18.494995
801,2284d7f5-48c1-459c-88b9-056b6ceb8e8c,15447.24,success,2026-09-10 08:21:18.497005
802,4f6a01ac-5b1c-49be-9db0-c9f1e5da4e73,16594.59,success,2026-09-10 08:21:18.499144
803,41f6a67d-44a7-4f33-bed6-361b3a583dbe,12180.52,success,2026-09-10 08:21:18.501071
804,920dead2-6525-4a1c-bf2c-9fc070d6784a,8353.97,success,2026-09-10 08:21:18.503011
805,4085306d-bfaa-41cc-9aa7-d6da783e23d0,13484.66,success,2026-09-10 08:21:18.504937
806,03595355-544b-4294-945c-9a926780f51f,10449.49,success,2026-09-10 08:21:18.506982
807,e6a1d93d-2e09-4c95-90f2-68b16e04dbfb,2811.60,success,2026-09-10 08:21:18.508879
808,6df8a2b4-b1e4-4595-90f2-a4e02ae5ef5d,7455.06,success,2026-09-10 08:21:18.510884
809,009107cc-af85-43a0-b106-80343522ab47,17874.77,success,2026-09-10 08:21:18.512835
810,dbb3d347-4fab-496c-8e4b-5ad316c5b8f5,12154.22,success,2026-09-10 08:21:18.514905
811,d484ab84-1667-42b0-8f77-dfa221098288,8000.98,success,2026-09-10 08:21:18.516788
812,24689ed0-6337-4d30-90f4-ec23e88fd214,5264.88,success,2026-09-10 08:21:18.518918
813,6eaf170c-4125-4143-8fe1-53bdd81363c3,16911.47,success,2026-09-10 08:21:18.520855
814,02904c8a-67d3-4950-9ecf-edaeb1076edb,8356.66,success,2026-09-10 08:21:18.522829
815,1c33f055-c1a0-4729-b0d8-5295d1b5369e,19797.90,success,2026-09-10 08:21:18.524669
816,5fe15785-5971-4f8d-8d32-4adf0096f644,2496.66,success,2026-09-10 08:21:18.526805
817,bcbb3dab-8b21-4ddb-b3c1-eb1a31701352,12372.24,success,2026-09-10 08:21:18.528776
818,d4ff8d00-f290-48f4-9cf0-71b01adf95ca,3776.02,success,2026-09-10 08:21:18.530874
819,37a0e975-2b9a-4091-84a7-a3fc311af844,3101.09,success,2026-09-10 08:21:18.532818
820,ea45a33e-7aa2-4f82-bb04-8967956580ff,6158.56,success,2026-09-10 08:21:18.534888
821,dc4e4c2e-c379-4ba9-951d-ab4b4137cc62,10513.50,success,2026-09-10 08:21:18.536776
822,9a443d2b-cc39-454f-bc28-ad8e75fd25da,7407.96,success,2026-09-10 08:21:18.541053
823,ba4a8b49-3ab7-4883-a307-78fb2f143704,10733.65,success,2026-09-10 08:21:18.543351
824,e22ad778-1f25-424f-8a90-0595b048785e,19331.45,success,2026-09-10 08:21:18.545495
825,c2e2f54b-517a-4a7e-8706-7821b4b2aa28,17862.97,success,2026-09-10 08:21:18.547251
826,7f5a602b-a311-403d-b8d4-1b88c02d216b,7150.82,success,2026-09-10 08:21:18.54922
827,e84bb8d4-683a-43eb-a473-c4f53ad836c6,9750.94,success,2026-09-10 08:21:18.551029
828,2457344b-b85d-4d85-ab13-e2dd15cad748,8937.57,success,2026-09-10 08:21:18.553187
829,54b2c0e9-db02-4caa-87fa-b9903ab16790,11899.06,success,2026-09-10 08:21:18.554975
830,2b9d6834-d1d7-4700-a97c-245ce72dbbcc,674.07,success,2026-09-10 08:21:18.556866
831,f65f355c-a045-4dc0-8ceb-6d9562868250,18955.98,success,2026-09-10 08:21:18.558698
832,a4f917df-72cc-42f8-b71a-7fdbe0023c94,14761.73,success,2026-09-10 08:21:18.561097
833,5391b7d6-0605-4e91-992a-1c90843b0193,11360.55,success,2026-09-10 08:21:18.563081
834,008c70ba-e0fd-4d96-b312-f647823566ea,17520.40,success,2026-09-10 08:21:18.565169
835,f8159af1-24c7-42af-b089-24f91a195112,8355.88,success,2026-09-10 08:21:18.567122
836,396ddaaf-2417-48c4-a79f-77ba9df727cb,4130.98,success,2026-09-10 08:21:18.569084
837,e2df80be-dfa4-4d9a-91ce-3469119c59bb,8814.89,success,2026-09-10 08:21:18.570904
838,64527688-fb0a-44c5-a94e-df04378ebdce,1581.12,success,2026-09-10 08:21:18.572788
839,508b95e6-8627-43e7-8e86-e9f05bdc3c7c,16498.22,success,2026-09-10 08:21:18.574562
840,ebaddb71-3985-4334-8ed9-998eb523420b,19984.53,success,2026-09-10 08:21:18.576566
841,9e132803-9dfc-46a5-b251-81ed4388bda0,1086.65,success,2026-09-10 08:21:18.578478
842,17cbff90-665d-4f56-96c2-3633fe151bda,18583.10,success,2026-09-10 08:21:18.58057
843,401303b5-32ed-42ce-b6a6-b740b341dd3d,10633.56,success,2026-09-10 08:21:18.582138
844,0b35b22b-12db-4816-8db3-05a1f427e06e,834.64,success,2026-09-10 08:21:18.584055
845,8e060c1e-6ff4-40ea-abeb-f05d1e03d228,13233.47,success,2026-09-10 08:21:18.586189
846,65eafc57-8323-49f1-8603-85ae53239756,8554.43,success,2026-09-10 08:21:18.589074
847,461eeda6-3ac9-4d54-bc35-5d35722755c3,15505.53,success,2026-09-10 08:21:18.590991
848,3c5d8dcc-2f03-44ee-b842-eb25a49b72ed,17469.19,success,2026-09-10 08:21:18.592963
849,6b5e8336-c10b-4a43-b48d-0b7fcc591c82,13147.00,success,2026-09-10 08:21:18.594905
850,b7935bc1-a1ed-434f-a070-30b6e50aef9e,3958.13,success,2026-09-10 08:21:18.59676
851,4df052a2-0362-4826-ace4-b9d9425f9cd0,14933.05,success,2026-09-10 08:21:18.598855
852,fd4bf97f-d127-479a-9d9c-d5004f402109,15187.60,success,2026-09-10 08:21:18.600849
853,2d263e93-94d0-4542-a088-8cc91b836c33,12869.55,success,2026-09-10 08:21:18.602794
854,7e6410fe-cb0c-4006-bda5-d503909a6383,5251.60,success,2026-09-10 08:21:18.604623
855,68d4ea3d-b1f4-4820-b880-44e5651fee4e,10124.75,success,2026-09-10 08:21:18.60671
856,41e95c2e-bd80-4f5c-aa2b-2e52cbac280b,15072.35,success,2026-09-10 08:21:18.608555
857,0e81a3d8-4306-43c7-8d84-d3a2acd6d881,19622.99,success,2026-09-10 08:21:18.610471
858,a9ebb446-b020-4908-9547-914a981896f4,16429.15,success,2026-09-10 08:21:18.612306
859,43312db6-6a2a-473a-a83c-daf78b9fd810,13205.59,success,2026-09-10 08:21:18.614271
860,f1b5d19b-7ae0-4bef-b1cc-d7db240e0486,2998.91,success,2026-09-10 08:21:18.616338
861,9136a4f3-5d5c-44dc-8655-ac7ab2977b87,5971.61,success,2026-09-10 08:21:18.618206
862,50f058f4-f5a8-4ec3-89cc-e65ff737a6ae,1087.80,success,2026-09-10 08:21:18.620455
863,8616ecda-08cf-4c61-8287-bae337c8aed5,3486.03,success,2026-09-10 08:21:18.622352
864,8d3b388b-ef55-44f9-99a1-3dd5bf034f13,3968.10,success,2026-09-10 08:21:18.624339
865,6af7947c-b6ae-4502-8ce1-bfebf5c74cb5,4676.78,success,2026-09-10 08:21:18.626407
866,b69d891f-c47f-46a4-89c7-05bafe28907b,9282.40,success,2026-09-10 08:21:18.628244
867,0fd077e5-c4fb-4fb1-b16a-a47265726a09,2952.78,success,2026-09-10 08:21:18.630226
868,53e4816a-e428-4e51-a689-824872cd60e8,17474.60,success,2026-09-10 08:21:18.63219
869,ba6e1691-93dc-4c65-aaf0-3d717f673180,2964.27,success,2026-09-10 08:21:18.633997
870,5fea265e-dd39-4c78-bb8b-f4c950fd252c,3128.87,success,2026-09-10 08:21:18.636026
871,53559b77-2f09-4454-b016-18edacdee351,15076.13,success,2026-09-10 08:21:18.637977
872,a2f0e3d9-dbdc-4c35-8f11-3cc55cc68091,2609.64,success,2026-09-10 08:21:18.639973
873,13e4f8b5-56bf-4a21-9831-646a169a05fb,10148.79,success,2026-09-10 08:21:18.642094
874,83d6770d-30ae-461f-a9d9-9dbc7c30e15f,18863.22,success,2026-09-10 08:21:18.643912
875,951683b8-7949-456a-824d-cceadbf5f256,5431.22,success,2026-09-10 08:21:18.645865
876,ecf887ad-623e-4bfc-b2d1-92ebb06c4663,17698.97,success,2026-09-10 08:21:18.647915
877,d5013c53-6268-4729-bf6b-2e8a77fe64d8,16990.65,success,2026-09-10 08:21:18.650257
878,50d7ec21-909f-4f13-bb37-90b9c9d2af34,873.98,success,2026-09-10 08:21:18.653179
879,e1fe33bc-08fa-490b-9b6c-e948c420fac2,19677.84,success,2026-09-10 08:21:18.655012
880,43271398-1db0-400a-b8be-a31c6655b653,18836.23,success,2026-09-10 08:21:18.656875
881,56127578-224a-42ee-9ef3-3a1085a55ba8,11417.56,success,2026-09-10 08:21:18.659056
882,47891e53-fd7f-4715-9f3f-1341709f220e,8116.31,success,2026-09-10 08:21:18.661013
883,2b51d4e3-f6b3-42ec-b47d-fa1be07cb1ed,8138.78,success,2026-09-10 08:21:18.663029
884,e2f4b67f-c501-46fc-812d-e6002d9d8ddd,14444.19,success,2026-09-10 08:21:18.665081
885,911ccb8e-15ed-4563-81cd-9545743a19e9,6226.11,success,2026-09-10 08:21:18.66707
886,9a0611ad-9d91-48cf-9c65-63692ae9c9e6,2035.58,success,2026-09-10 08:21:18.668961
887,19dc3957-d307-4c33-98e4-e1515e176fde,1839.68,success,2026-09-10 08:21:18.671182
888,4c4fc7c5-c809-4699-bdcd-e726199a5c52,18018.55,success,2026-09-10 08:21:18.673012
889,59255eb9-ab5b-4db2-a64d-a226a75e98a1,6625.02,success,2026-09-10 08:21:18.674961
890,20aa655a-eb77-4759-8ee4-e3fde614e10e,12920.20,success,2026-09-10 08:21:18.676951
891,a09724b0-3e4e-4906-acf1-1661ec8fdfec,3877.54,success,2026-09-10 08:21:18.678976
892,fc01d5cd-e8d7-46f5-b571-f9942a747918,16278.07,success,2026-09-10 08:21:18.68091
893,c88d4aba-4932-4a8e-b96a-9f4020054031,19653.94,success,2026-09-10 08:21:18.682867
894,829a4815-6a58-4633-9cab-f080984b53f4,14514.06,success,2026-09-10 08:21:18.684771
895,c96c465f-a94f-4554-9cc3-abc2e4c59a3d,3197.70,success,2026-09-10 08:21:18.686684
896,727b1d62-6185-4639-91fa-b86372424fa2,15769.91,success,2026-09-10 08:21:18.68868
897,93d575a3-01da-45b0-ab94-cda43914c7ca,18935.03,success,2026-09-10 08:21:18.690627
898,9a389c6d-9b3f-417a-b1f3-65473a7ca1a9,14442.33,success,2026-09-10 08:21:18.692404
899,55dc0ebe-39af-4e08-8158-872ebb2a1529,1027.26,success,2026-09-10 08:21:18.694014
900,2767806a-5af8-4e48-9e1a-53e06b1e8f63,12938.21,success,2026-09-10 08:21:18.696203
901,b7391d97-540b-46af-9d1d-2ff65b35805b,755.96,success,2026-09-10 08:21:18.698096
902,2cc1cbe5-6728-461c-b55e-bb3617b0747d,10509.36,success,2026-09-10 08:21:18.700029
903,4ef2c0ef-6578-445b-b9e8-0d900dbb5bf1,14058.46,success,2026-09-10 08:21:18.701985
904,2438ef11-f7ff-4ae5-96d8-d5171e0bf440,14389.38,success,2026-09-10 08:21:18.703887
905,9d9f44c9-5917-4171-bbe5-712a06d66534,3428.76,success,2026-09-10 08:21:18.706041
906,8b1a8566-b64d-4a1d-8b0b-2b95982398bb,8590.15,success,2026-09-10 08:21:18.707923
907,395f0f39-00ba-4774-b2f0-a6d7472b341e,15416.80,success,2026-09-10 08:21:18.70974
908,cade854a-af25-47c0-a6ca-35837f1ade26,7899.01,success,2026-09-10 08:21:18.711603
909,dfd7da36-3500-469a-9602-0ba5fec1a2be,19588.46,success,2026-09-10 08:21:18.713751
910,3a5811e5-e035-4e45-9fdf-af153a0d803f,16242.45,success,2026-09-10 08:21:18.71577
911,7539fe24-a0dd-4220-864d-3cd894646b18,10899.21,success,2026-09-10 08:21:18.717841
912,b0d68e1a-26b6-495e-b489-908c58b9f34f,6238.42,success,2026-09-10 08:21:18.719869
913,5fc7ff52-182f-473f-87b0-6a0d2aa75481,1879.82,success,2026-09-10 08:21:18.721702
914,049b3d91-ceaf-4dcc-9ab3-152bfdcdc328,12997.64,success,2026-09-10 08:21:18.723928
915,a0da5a27-2af1-4864-b8ef-ca961cf791e6,2689.67,success,2026-09-10 08:21:18.725818
916,855f651d-51a0-458d-b8a7-b967b642f76f,1301.93,success,2026-09-10 08:21:18.727894
917,24a847df-24c4-4f66-baaf-0affd7493e60,10737.70,success,2026-09-10 08:21:18.729777
918,63e1b761-d5b1-44be-b0c1-92d11b17868c,5446.63,success,2026-09-10 08:21:18.731799
919,cba7e245-0a80-44f7-8111-4273d413cc1f,1635.55,success,2026-09-10 08:21:18.733871
920,8ab4697e-e09b-44f5-b085-7777463b2267,16013.04,success,2026-09-10 08:21:18.735883
921,d4d4849d-69ee-454e-8105-06e44cdc48de,15493.31,success,2026-09-10 08:21:18.73789
922,14d33832-3131-4f71-ab26-b416a73dcb68,14923.78,success,2026-09-10 08:21:18.740041
923,abe8768a-09bf-4096-a6b0-e09a1ac4a2ca,16133.45,success,2026-09-10 08:21:18.741971
924,0c69de83-2561-4435-95fb-b6cb62246f9d,5744.48,success,2026-09-10 08:21:18.74373
925,b4a51a29-2d93-47ae-95d4-1165828e4802,4845.65,success,2026-09-10 08:21:18.74586
926,d3f28c41-fa30-482a-a2c5-381555dfa786,4634.21,success,2026-09-10 08:21:18.748029
927,2ffe5958-ea62-45d1-9127-5e6585987688,19259.02,success,2026-09-10 08:21:18.750019
928,b04e1116-9532-49bc-9df9-d6b7f729a75d,1679.19,success,2026-09-10 08:21:18.751972
929,f36e635b-d6a1-4ba9-ae6a-8ff5d9e5f4d4,1320.46,success,2026-09-10 08:21:18.753943
930,352b8ba4-68d6-444f-b7f7-905726e9f1dd,8708.05,success,2026-09-10 08:21:18.756224
931,84ee5559-d22b-4bbb-b2b9-04178d59030d,8819.28,success,2026-09-10 08:21:18.758282
932,664e8b35-a252-4687-b5b5-797add012faf,557.32,success,2026-09-10 08:21:18.760102
933,052f2605-1b8f-4513-a960-8dcc1c525951,16982.28,success,2026-09-10 08:21:18.762046
934,dfc971cf-123d-4622-bb50-c2ad1625f335,15978.89,success,2026-09-10 08:21:18.763904
935,931bb419-637d-4cfb-8c4c-2c749993c68e,7329.35,success,2026-09-10 08:21:18.765823
936,3a404bba-306d-40e8-8025-d8bf876626de,16686.44,success,2026-09-10 08:21:18.767869
937,84637d2b-8504-41e9-93c9-02d3286a7640,8916.32,success,2026-09-10 08:21:18.769716
938,672fcbaf-7018-42b5-98b2-7ce2b1f3df2d,16748.52,success,2026-09-10 08:21:18.771737
939,22731215-abd0-42f8-9e66-edfaf2981db3,7674.19,success,2026-09-10 08:21:18.773618
940,843dd3c1-257b-4cf6-899e-eb58dbf7cfd9,7950.51,success,2026-09-10 08:21:18.775488
941,ae3fb80a-ea0a-465b-83a4-7ab4134f6119,16591.41,success,2026-09-10 08:21:18.777425
942,ba75200f-8fbc-450c-8f13-e7ad13a785e2,18021.54,success,2026-09-10 08:21:18.779228
943,5c081299-be8d-48d1-a9ff-469f77790e36,4533.42,success,2026-09-10 08:21:18.78114
944,93f2341e-790f-43c7-b037-c1e8621af35d,8708.16,success,2026-09-10 08:21:18.783026
945,6334854d-c5ff-49c2-9b76-b9bb14fb3a5a,14762.81,success,2026-09-10 08:21:18.784961
946,be350140-c156-442f-89da-0a6e42ac8d4c,14098.60,success,2026-09-10 08:21:18.786817
947,a84c105c-c923-419b-957a-598454226478,13028.10,success,2026-09-10 08:21:18.788912
948,593e59ae-07d1-4ea3-823d-568c223bc056,6837.98,success,2026-09-10 08:21:18.790804
949,b962d2dd-839c-431b-b847-6d08c4f013e7,14126.16,success,2026-09-10 08:21:18.792702
950,b962d2dd-839c-431b-b847-6d08c4f013e7,14126.16,success,2026-09-10 08:21:18.792702
951,d99ba81e-9966-4821-b941-c0d4a78dc9e9,12298.98,success,2026-09-10 08:21:18.79488
952,6c667e3a-a59f-47f5-9f34-42383fd75b8f,5298.29,success,2026-09-10 08:21:18.796782
953,87a343fd-8fe2-4589-9a08-c19e8845cace,9701.71,success,2026-09-10 08:21:18.798801
954,0ec49a04-64ba-4180-a164-bac591838261,2194.40,success,2026-09-10 08:21:18.800777
955,473757bc-1952-4aa3-9c52-e395dae695a5,15487.01,success,2026-09-10 08:21:18.80279
956,d4bc820d-2665-4b42-88dc-aa628cb2777d,9970.70,success,2026-09-10 08:21:18.804813
957,273cec4f-96a8-4854-91e2-a1edb5202a85,2521.48,success,2026-09-10 08:21:18.806666
958,21b6c331-3b43-4ea3-808f-d99f1d39287b,19563.30,success,2026-09-10 08:21:18.808669
959,1f07fc4f-851a-4e57-be66-951e9c7e7137,16860.18,success,2026-09-10 08:21:18.810507
960,5d801a5e-8a8b-4dee-8f76-1960ee1f3ede,6592.90,success,2026-09-10 08:21:18.812634
961,d6f94b45-52bc-4ad1-b119-8a23de17cab0,8723.55,success,2026-09-10 08:21:18.814645
962,f640f7f2-74f6-4139-8459-91b0f87dd046,18108.73,success,2026-09-10 08:21:18.816565
963,0e5065c0-7498-4a99-8433-1d6d083fc1b8,17196.67,success,2026-09-10 08:21:18.818638
964,bd60b645-31ca-4e5b-81c5-bdd873c5ff10,4760.44,success,2026-09-10 08:21:18.820697
965,c6bbaefa-26f8-4698-bf82-4eb795bf6bb4,8411.89,success,2026-09-10 08:21:18.822759
966,718cc008-8648-463c-a6f0-49a07adf812e,11609.47,success,2026-09-10 08:21:18.824857
967,d32216c2-6832-4110-a54c-2445557f5b59,18565.94,success,2026-09-10 08:21:18.826786
968,03155fee-c40a-4c37-971f-27ae109c1e9f,18729.34,success,2026-09-10 08:21:18.828637
969,0d06ab39-e7fd-497c-b89d-6bbbd27a7bec,19683.16,success,2026-09-10 08:21:18.830549
970,f528a303-7614-479f-8122-4dbbfb1371a2,14368.14,success,2026-09-10 08:21:18.832541
971,26bfec8e-28bc-421a-b554-9cf652236f61,2050.33,success,2026-09-10 08:21:18.834376
972,832d9d97-fb99-4db8-b164-ccf6cc0b69fe,16125.22,success,2026-09-10 08:21:18.836468
973,0e750382-eef7-4ed5-ab89-68317ccf251c,17264.41,success,2026-09-10 08:21:18.838372
974,c1eab457-ba7f-4df0-9a82-0116446a5e4b,8477.87,success,2026-09-10 08:21:18.840251
975,f0efe701-a899-440c-aa3d-5fef1363529e,18495.58,success,2026-09-10 08:21:18.84207
976,273fe062-3d20-4d5b-9497-5ce040375e9d,17484.75,success,2026-09-10 08:21:18.844012
977,0f2fccc4-1c9e-4a5c-a7c8-73bd097bdbf0,9980.94,success,2026-09-10 08:21:18.845858
978,e4afbb35-47ab-418b-b7b2-7918fe25a35a,6873.58,success,2026-09-10 08:21:18.847946
979,fa7bf832-bde0-43e8-8f1b-7e0f497aa7f7,11273.35,success,2026-09-10 08:21:18.849934
980,ea31ae43-7215-4907-951b-da2ce021e38b,10480.63,success,2026-09-10 08:21:18.852052
981,d3613e8d-0396-4ae3-b94a-e9505c7f912e,1430.33,success,2026-09-10 08:21:18.853967
982,e232e970-c7c0-4ebd-a838-d69256e0461a,581.42,success,2026-09-10 08:21:18.855972
983,7057f7b4-e3a0-44f6-8d4f-fabbb9ac9d61,16879.02,success,2026-09-10 08:21:18.857774
984,a33c642e-2287-435d-b4cb-af625edc1109,15887.44,success,2026-09-10 08:21:18.859785
985,0774d2c7-d73d-4706-841e-10ed26e69f8a,19768.13,success,2026-09-10 08:21:18.861789
986,17f7441d-d53a-4c44-9e20-874d7077b0c2,12811.55,success,2026-09-10 08:21:18.863559
987,bb76b752-415a-41ef-a009-fb3be43115c9,12591.38,success,2026-09-10 08:21:18.865463
988,9f600acf-e1cd-4af7-b0ff-c826f3cd9e28,8004.31,success,2026-09-10 08:21:18.86738
989,9c27284d-d307-48cd-a9a9-6fd0bc953d65,4701.01,success,2026-09-10 08:21:18.869251
990,a827922d-c7e3-4ed6-aafa-3c10a3858886,9074.53,success,2026-09-10 08:21:18.871268
991,9db6d87e-ea9a-488a-8702-a4f0418a8181,6651.47,success,2026-09-10 08:21:18.873136
992,a59d2538-af0d-40b7-b315-d8427f481337,17964.41,success,2026-09-10 08:21:18.875135
993,f0c09108-f1aa-4ef9-85f7-a6e25b416596,1554.89,success,2026-09-10 08:21:18.877042
994,2027707a-cc98-46a3-bcae-8545bff2270b,7238.57,success,2026-09-10 08:21:18.878852
995,353e80cc-fc39-45a1-b42d-6d16eb65800d,5669.46,success,2026-09-10 08:21:18.880702
996,e311030c-cfbc-44b2-b6c0-f31b32f20656,2623.99,success,2026-09-10 08:21:18.882531
997,81b6f68e-88ac-44ff-bf55-f8d9b8da7ac5,15811.32,success,2026-09-10 08:21:18.884354
998,54fdf6d0-e7c0-4660-8f01-1d7a3f355071,3542.63,success,2026-09-10 08:21:18.886234
999,4261e9fb-db38-4fc8-a740-cb7df4746e4e,9279.02,success,2026-09-10 08:21:18.888143
1000,815e7a7b-f861-4a7b-b1f5-b71ba054d29a,9297.47,success,2026-09-10 08:21:18.890001
1001,815e7a7b-f861-4a7b-b1f5-b71ba054d29a,9297.47,success,2026-09-10 08:21:18.890001
1002,edf82372-9a8f-4a3a-bb84-1e5faecff061,13205.97,success,2026-09-10 08:21:18.89238
1003,c02e14fc-d844-43c7-86a4-dbd2199f6e05,16697.33,success,2026-09-10 08:21:18.894256
1004,bdba2993-3907-47c1-8cd8-ad867c0e3ff2,8602.09,success,2026-09-10 08:21:18.896142
1005,5d6bd075-5109-424c-93a3-139cdd0409c7,2349.93,success,2026-09-10 08:21:18.898013
1006,7b15be5f-0374-4dd3-84d6-0f47372bf1f3,7514.19,success,2026-09-10 08:21:18.90016
1007,f7d7eae0-e6ed-4484-abab-3ab7cce80bd8,9019.91,success,2026-09-10 08:21:18.901994
1008,1c551f60-921e-4adb-97bd-4d21321e4163,17954.99,success,2026-09-10 08:21:18.9039
1009,5fe79270-fc95-47d5-92b9-52203d942a2d,5951.65,success,2026-09-10 08:21:18.905999
1010,d2e982ff-348f-480e-803a-b33d963878ba,163.95,success,2026-09-10 08:21:18.908018
1011,73762543-52f7-4d30-b730-0f404cdc7a3d,895.94,success,2026-09-10 08:21:18.909941
1012,e16b871a-aabf-4040-89fd-375415d53cd4,10296.30,success,2026-09-10 08:21:18.912253
1013,7fa73b51-d19e-4834-b1a8-9561504ff7da,5967.04,success,2026-09-10 08:21:18.914333
1014,a6fdc20a-c1e2-45a7-863a-66f9f614901b,798.29,success,2026-09-10 08:21:18.916562
1015,a4e2dd18-9eff-488b-8ef1-4f1d6007b74d,16770.16,success,2026-09-10 08:21:18.918618
1016,cb9c0abc-d752-45c1-b142-6605975b786e,18084.80,success,2026-09-10 08:21:18.920572
1017,4885be65-34cb-4d63-b795-4b89f7104aa1,15486.38,success,2026-09-10 08:21:18.922573
1018,4a4e209f-500a-489c-82da-9569fa454582,2518.40,success,2026-09-10 08:21:18.924328
1019,c40efdb2-0343-4c61-af88-fe1cd2939fc5,2764.00,success,2026-09-10 08:21:18.926294
1020,6471033b-e457-4c07-a42c-3423226bbbcc,15135.11,success,2026-09-10 08:21:18.928235
1021,a963eb97-fc78-4eb2-a33a-56f87d63c277,11359.91,success,2026-09-10 08:21:18.930134
1022,f5c8a8c9-4264-47be-8084-ad4635e718a5,14048.47,success,2026-09-10 08:21:18.932084
1023,4e82aaa7-fbf3-49de-a8ed-5c677bf17cd8,19427.43,success,2026-09-10 08:21:18.934076
1024,ac00093f-3cdf-4b52-a724-a07b78403ec8,11177.57,success,2026-09-10 08:21:18.936015
1025,7ca0d00a-cc75-41da-a175-90bc41ead072,18508.94,success,2026-09-10 08:21:18.938029
1026,a895104c-1087-4656-af87-75e47be021f0,12259.71,success,2026-09-10 08:21:18.939964
1027,83e9ce2c-c6f9-4cec-9843-4c6777765e35,1231.78,success,2026-09-10 08:21:18.941963
1028,dba08fbc-65c6-4ef2-8653-f942a85c2339,12069.96,success,2026-09-10 08:21:18.943898
1029,4ba3aca9-2c16-4e99-af41-442c8efc9bd0,10035.55,success,2026-09-10 08:21:18.946127
1030,b29f35d5-7a3c-4cb4-9131-87490d4394af,16395.10,success,2026-09-10 08:21:18.948017
1031,01c546e9-1ffc-4595-9c1f-b7844435ff30,15785.43,success,2026-09-10 08:21:18.949945
1032,c14b05a9-3163-445b-b15b-f7e166d0f731,19399.65,success,2026-09-10 08:21:18.951965
1033,3ed91d4b-6c3e-49c6-aeb3-936ba49d4d8a,4376.34,success,2026-09-10 08:21:18.953765
1034,6ac83c24-6b9a-4742-853b-21cc21f1a12a,6478.67,success,2026-09-10 08:21:18.955608
1035,56511e57-2a5e-4291-827c-13bdaa034602,17052.14,success,2026-09-10 08:21:18.957459
1036,e0f555da-02e1-4bd9-9097-333ce20673d5,8010.72,success,2026-09-10 08:21:18.9595
1037,44c924d1-11e3-47dc-a19f-a519e7f586d6,10196.71,success,2026-09-10 08:21:18.961551
1038,3e566db5-2619-457f-ad50-455a2e854c76,12780.55,success,2026-09-10 08:21:18.963642
1039,5768c8c6-c1ff-4a11-a393-4c22eefc5d6b,5084.55,success,2026-09-10 08:21:18.965521
1040,e9157f0e-c99a-49cf-ab89-534223d1126a,7756.61,success,2026-09-10 08:21:18.967475
1041,0a563998-fd3b-4b9b-977c-741350b0d894,17431.25,success,2026-09-10 08:21:18.96941
1042,f262f674-b2ba-440d-adc9-fd4f3053f4d9,6227.79,success,2026-09-10 08:21:18.97142
1043,1d45f208-5a08-4425-97d5-196454469169,836.53,success,2026-09-10 08:21:18.973353
1044,9ce08e58-d792-4f4f-96d5-1f0f146f8693,18977.32,success,2026-09-10 08:21:18.976624
1045,620d3b7f-cc4a-4b0b-919f-ba14f58f22c5,15647.22,success,2026-09-10 08:21:18.978567
1046,d4e62a0b-9cfa-4f5e-af11-4f7e6c8d41a2,5125.34,success,2026-09-10 08:21:18.980502
1047,13639edf-abef-49a0-82ee-c582b5962e31,13390.88,success,2026-09-10 08:21:18.982438
1048,73bb3762-63bc-4594-8daa-7e594d4e61a4,5261.86,success,2026-09-10 08:21:18.984561
1049,de956796-a5fc-4e42-9aad-9a16998c5df8,11654.20,success,2026-09-10 08:21:18.986491
1050,86412efb-ff29-4b7e-bcc7-8b62e7e5fcef,2306.31,success,2026-09-10 08:21:18.988615
1051,88dbb56c-dd8e-49c5-b8a4-154b1d9fc501,16392.76,success,2026-09-10 08:21:18.990709
1052,7f90d753-b105-4de5-b1a1-e2f16bbe9525,8784.26,success,2026-09-10 08:21:18.992472
1053,44c19bb5-08af-4c4f-986e-8affd65883be,14442.09,success,2026-09-10 08:21:18.994569
1054,487c5974-3a26-408f-93f5-4f9fc5743685,14886.39,success,2026-09-10 08:21:18.996229
1055,f0cdfd80-c56f-4310-80a5-a1abb76fdcdc,3675.91,success,2026-09-10 08:21:18.998182
1056,ab4d3697-ae33-469f-b650-c2a060c6edf6,13930.73,success,2026-09-10 08:21:19.000289
1057,1665a756-028f-4b45-9447-bdcf456c9acf,6930.92,success,2026-09-10 08:21:19.001816
1058,1665a756-028f-4b45-9447-bdcf456c9acf,6930.92,success,2026-09-10 08:21:19.001816
1059,b76053fa-5476-4b48-a077-c8147b5ceb72,17833.46,success,2026-09-10 08:21:19.003661
1060,af284315-f1e9-4e2d-b59a-b56f6ead5f5b,12616.99,success,2026-09-10 08:21:19.005907
1061,47c6063f-9f9b-4131-a747-abd6c40096c4,8693.47,success,2026-09-10 08:21:19.007702
1062,69fa1a25-9ad0-447e-b761-ee9bf5e99afd,19007.10,success,2026-09-10 08:21:19.00989
1063,de8d85a0-73a9-4a6c-9d0c-8d79cd5b56ce,18643.77,success,2026-09-10 08:21:19.011776
1064,05ce063c-edea-4422-85a4-1e75f839b03c,17524.07,success,2026-09-10 08:21:19.013678
1065,c1c06d7e-110e-4640-bc2c-065dc5733860,7731.99,success,2026-09-10 08:21:19.01561
1066,58829b82-e08b-4024-8e33-9b0aa0d9a6ab,5796.02,success,2026-09-10 08:21:19.017471
1067,31ce784b-7877-47f3-bea0-8afc15b7bd25,17700.00,success,2026-09-10 08:21:19.019527
1068,ef2729a2-ca14-41cb-9bd4-d6fdcc2c6d83,8714.87,success,2026-09-10 08:21:19.021412
1069,683309af-34be-4eb4-a14d-11a20bd4b0e0,9206.94,success,2026-09-10 08:21:19.023327
1070,590ab5fe-0c24-4e98-945b-5bcafe188cb1,6013.38,success,2026-09-10 08:21:19.025331
1071,900530c4-0e1a-4475-8eb8-18bb4ba9b74d,6081.45,success,2026-09-10 08:21:19.027282
1072,50ea2ec8-2e40-45a5-91f4-c652a1da4b90,14072.75,success,2026-09-10 08:21:19.029231
1073,8ecf91ff-b547-4950-a735-ded829f39058,17758.70,success,2026-09-10 08:21:19.031432
1074,c3851507-cac7-4a5e-86cd-bdcb42d92cd7,16213.03,success,2026-09-10 08:21:19.033602
1075,c2a9393e-bfd6-45b7-b0d2-cc00c654620a,3338.18,success,2026-09-10 08:21:19.035458
1076,eda62458-37aa-4a17-b043-bcaff80a26cd,9292.61,success,2026-09-10 08:21:19.037376
1077,d12e3e1e-417b-47bd-a036-b7b98e6eb00b,4117.75,success,2026-09-10 08:21:19.039283
1078,7b3839de-521c-42c8-bda7-e95a69b2c636,2586.39,success,2026-09-10 08:21:19.041038
1079,3030085f-5cdc-45c7-99c0-c17ea5f126c0,16764.21,success,2026-09-10 08:21:19.043214
1080,4ade2773-7528-4078-9809-72d5142cab81,5494.88,success,2026-09-10 08:21:19.045122
1081,b2410bf8-eca8-48dc-a97b-5cb4fb46ccfe,13805.72,success,2026-09-10 08:21:19.046924
1082,214776ec-0026-4205-a216-df1d86026144,7114.53,success,2026-09-10 08:21:19.048734
1083,de92986b-9e59-40a4-a2d6-03e55f6b7639,14697.75,success,2026-09-10 08:21:19.050556
1084,25a029f6-2419-4f57-8972-bc36b27b2c96,15829.12,success,2026-09-10 08:21:19.052536
1085,837c9a2f-f210-415a-aba0-b42499f1a2d5,19752.88,success,2026-09-10 08:21:19.054392
1086,2e1a4c7d-b22e-4266-af8c-640b4a724712,895.17,success,2026-09-10 08:21:19.056198
1087,0209f6f9-a7e7-4961-8549-841d139710e4,10850.98,success,2026-09-10 08:21:19.058027
1088,f0d0465f-e1bb-4ada-b1fc-e718e586d18c,17414.38,success,2026-09-10 08:21:19.060109
1089,74a6b4a1-c031-4af1-b117-8187c21ff6d5,11747.24,success,2026-09-10 08:21:19.061967
1090,cd25b0f3-33b5-4ed6-84ae-2c04a6837c23,14350.81,success,2026-09-10 08:21:19.064024
1091,ad730fec-0a9a-45a6-bd62-e7c97977e9e0,13944.60,success,2026-09-10 08:21:19.066006
1092,221a1226-2292-43f9-9713-984eb042ec96,9064.91,success,2026-09-10 08:21:19.067834
1093,1ef0097d-d14a-48b5-9ee0-3d41673cb67d,12038.20,success,2026-09-10 08:21:19.069645
1094,ed5504ca-74f7-489f-8371-ba1b88fb942e,16277.35,success,2026-09-10 08:21:19.071606
1095,0544ec24-683a-4502-a246-ad4c968ace60,149.03,success,2026-09-10 08:21:19.073941
1096,0544ec24-683a-4502-a246-ad4c968ace60,149.03,success,2026-09-10 08:21:19.073941
1097,8cb5d458-1a62-4217-8f0b-6201b3a1e01d,8321.37,success,2026-09-10 08:21:19.076201
1098,73e8d81c-7d6a-406c-9ee6-fce53f9c671f,16219.39,success,2026-09-10 08:21:19.078099
1099,b50cd3a5-8c4f-4d20-9cf1-7883f43e8404,4379.09,success,2026-09-10 08:21:19.080201
1100,614c6169-8aad-4dd5-bdd2-e9465225201d,11611.98,success,2026-09-10 08:21:19.082268
1101,d662b57d-d50a-484b-a987-6833b4c1f333,4273.02,success,2026-09-10 08:21:19.084222
1102,02c247a8-1822-4bf8-9c9f-2a8b3c171586,9278.74,success,2026-09-10 08:21:19.086092
1103,b0c16cc4-9ec9-48a4-bf8e-e169239bc3eb,13518.05,success,2026-09-10 08:21:19.088045
1104,844aff16-9f9f-4300-99e9-ac9a276bfd0f,15271.04,success,2026-09-10 08:21:19.090418
1105,dd291648-660d-435f-8e1e-893f75651e37,17784.67,success,2026-09-10 08:21:19.092364
1106,3d4edabb-ad52-4d26-bf96-9cb23d21433c,8485.82,success,2026-09-10 08:21:19.094397
1107,c64871c0-2cf2-4369-943c-a96bd73453fc,19751.38,success,2026-09-10 08:21:19.096591
1108,168b6a2c-3b11-41a0-8ad1-b6e3e54e68c8,11762.13,success,2026-09-10 08:21:19.098737
1109,d59d471b-7e4c-4098-acdd-6da8d1c9b8da,18389.03,success,2026-09-10 08:21:19.100637
1110,74b69302-5a22-4c61-a8db-482940eb2604,8444.95,success,2026-09-10 08:21:19.102639
1111,45364b75-d3cb-4214-8066-25fc45176933,2565.41,success,2026-09-10 08:21:19.10475
1112,45364b75-d3cb-4214-8066-25fc45176933,2565.41,success,2026-09-10 08:21:19.10475
1113,8a98c0a2-d060-4390-a5fb-9548b2723a2d,18757.33,success,2026-09-10 08:21:19.106852
1114,569f649d-2f43-47b8-940a-9ab94370c451,17099.52,success,2026-09-10 08:21:19.108878
1115,823e7287-fbc5-4ccf-8eb5-6c6fa6a6904d,13343.86,success,2026-09-10 08:21:19.110824
1116,cb4ce21b-11c2-4f26-8466-e6d831d64022,12412.02,success,2026-09-10 08:21:19.112657
1117,cccac277-0cd8-4340-ace9-9d093d67fc37,18993.11,success,2026-09-10 08:21:19.114741
1118,0eb164c0-cd5b-449f-a0cc-a52c66b04562,17279.07,success,2026-09-10 08:21:19.116811
1119,13598fa4-61a9-4801-9949-b7b52c110c0a,7860.74,success,2026-09-10 08:21:19.118705
1120,080984c3-fc25-4730-913e-b8b11f01ec24,13750.38,success,2026-09-10 08:21:19.12082
1121,fe553387-7204-4e9b-a31a-6e00faf15bc5,4051.25,success,2026-09-10 08:21:19.122923
1122,ccd2bf1e-0aa8-4dcd-8dcb-b1b89f024010,8844.92,success,2026-09-10 08:21:19.124868
1123,a25d575f-069e-4def-9de2-8e0b89ac2466,19466.94,success,2026-09-10 08:21:19.126818
1124,8d12a641-b541-4650-8ba1-091cfc5cf74d,14071.18,success,2026-09-10 08:21:19.128723
1125,9d6b492f-960e-4d6e-b76d-73caa4bb160e,19313.13,success,2026-09-10 08:21:19.130707
1126,c691e98a-5a7c-4655-ad8b-74031ba60037,9735.13,success,2026-09-10 08:21:19.132444
1127,a5fed982-083d-4237-95cf-960243835e67,17286.32,success,2026-09-10 08:21:19.134528
1128,408085b0-9a89-49c3-a9fc-913a3044a10f,712.96,success,2026-09-10 08:21:19.136486
1129,04196713-fd3b-4f5c-8946-49577391473e,107.82,success,2026-09-10 08:21:19.138515
1130,0d20d823-d8aa-4cb6-a56c-7ec4d87f1fab,10897.06,success,2026-09-10 08:21:19.14034
1131,63aeff1c-a6a9-4087-b34c-4654613b4b73,9410.87,success,2026-09-10 08:21:19.142253
1132,4e385c1c-bfa2-41b9-8bc5-67d800ba2f75,9172.25,success,2026-09-10 08:21:19.144332
1133,d5387653-2436-434b-a23e-cd284bc9e921,15144.85,success,2026-09-10 08:21:19.14629
1134,5c9bc26a-4316-4742-b823-5b5fc87a015a,13536.41,success,2026-09-10 08:21:19.148094
1135,bd555011-1eed-44af-8091-82636ab3afd2,2825.93,success,2026-09-10 08:21:19.150041
1136,bf4b732f-0748-4566-9a7e-cf62c524ca8a,12686.52,success,2026-09-10 08:21:19.151894
1137,e5a9d775-aa92-45ea-a529-a9a60d61aaa0,12504.02,success,2026-09-10 08:21:19.154078
1138,3aba5221-a58e-4b96-9ef8-7fb9a8ae7f07,19412.80,success,2026-09-10 08:21:19.156044
1139,2293d932-e7dd-49f7-a8df-cec37657d49a,18749.05,success,2026-09-10 08:21:19.15798
1140,085f9d90-de27-4d87-9c68-6621b559ca1a,19442.30,success,2026-09-10 08:21:19.159942
1141,97ce1bd8-c891-4650-94f1-474dc6b763e5,4440.99,success,2026-09-10 08:21:19.162193
1142,f768194d-c573-4194-93c0-4168bfd0a904,15498.49,success,2026-09-10 08:21:19.16517
1143,6360c1af-3886-46b6-9caa-5ccd6be691bd,10664.99,success,2026-09-10 08:21:19.16715
1144,d27f55af-2bcd-4357-b5a4-05d9aeccd899,5871.85,success,2026-09-10 08:21:19.169136
1145,970ac361-c5aa-46a4-8987-dfd45ae16e3e,8833.06,success,2026-09-10 08:21:19.170916
1146,108686c9-56c8-4e65-a6b1-ffeff8e2dc49,15425.71,success,2026-09-10 08:21:19.173004
1147,0a86493a-0626-4481-a236-3370bf9b78f8,19280.73,success,2026-09-10 08:21:19.174934
1148,dbc8fb0b-f181-4c00-aa15-fc24e15d88f3,18120.52,success,2026-09-10 08:21:19.177051
1149,1226500c-6a15-4ed3-9829-b1220c4d8053,19411.78,success,2026-09-10 08:21:19.179083
1150,5544f266-20a8-4363-989c-255425d8d2f8,17391.62,success,2026-09-10 08:21:19.181075
1151,5544f266-20a8-4363-989c-255425d8d2f8,17391.62,success,2026-09-10 08:21:19.181075
1152,b665a462-fd19-467c-badc-26109b664f34,13499.21,success,2026-09-10 08:21:19.183198
1153,49e43015-4fdb-42c7-a16a-a824900f328b,7966.15,success,2026-09-10 08:21:19.185137
1154,a8298bb5-4fce-42bb-9088-17b6a29525d5,9537.11,success,2026-09-10 08:21:19.186945
1155,8c17cdea-ce0d-4e56-8d82-1a40959420f5,6453.27,success,2026-09-10 08:21:19.188904
1156,f8921c57-31d1-420d-9277-c743bf3bb1e9,9377.10,success,2026-09-10 08:21:19.191011
1157,79b134a7-394d-46e6-a49b-989b05778892,18948.22,success,2026-09-10 08:21:19.193251
1158,91961095-54ee-4dc7-91da-26bd2d283f2d,13653.75,success,2026-09-10 08:21:19.195138
1159,157c4526-17a3-40b6-8dcb-8abaad26e2bb,5659.41,success,2026-09-10 08:21:19.197058
1160,950f3085-792c-490b-ab78-a1afc0999021,9731.21,success,2026-09-10 08:21:19.199026
1161,b1c3ad26-37a4-4f23-8349-08cad0fb0773,13203.94,success,2026-09-10 08:21:19.200817
1162,00c6664c-8e9b-41e9-8297-059d336aca83,5937.51,success,2026-09-10 08:21:19.202704
1163,bbdcf238-18e7-4d9c-af9a-42540eecb095,2158.47,success,2026-09-10 08:21:19.205974
1164,8ff452f7-82f1-4dbb-b63c-c973b27afbd8,19866.65,success,2026-09-10 08:21:19.2079
1165,22a79c88-b4e4-4971-9e52-4019e9ca1072,18823.79,success,2026-09-10 08:21:19.209661
1166,49323989-cb73-4b93-95ab-d65cad6f738d,575.80,success,2026-09-10 08:21:19.211766
1167,2e86e1f9-4d16-4b53-8080-bfa2309fe57e,19468.89,success,2026-09-10 08:21:19.213827
1168,f0bdb152-59b2-4901-b745-13497907f6ac,18116.30,success,2026-09-10 08:21:19.215579
1169,78291de9-3719-445a-a3fc-feac189786ff,11423.71,success,2026-09-10 08:21:19.217646
1170,17201047-313d-4263-8208-32dd7bc6a97b,13343.68,success,2026-09-10 08:21:19.219605
1171,ccdcc34b-690c-4b28-98d5-7fa29db392ec,4707.86,success,2026-09-10 08:21:19.221579
1172,5d4e7641-6920-4554-b1e4-90b31e214f88,13309.40,success,2026-09-10 08:21:19.223696
1173,0c5101f4-8bb5-43a9-b13e-d9756d343a40,2631.09,success,2026-09-10 08:21:19.225653
1174,1418cec3-d4fb-4737-9c57-584601f30711,10385.82,success,2026-09-10 08:21:19.227673
1175,97f7e134-5e6f-4dc0-9625-802590a45f54,5566.92,success,2026-09-10 08:21:19.229613
1176,9558b662-15fc-4058-b669-dedcaaad18f2,10960.78,success,2026-09-10 08:21:19.231472
1177,a904ba30-ad99-4aa6-8f2d-321979e3d164,14260.73,success,2026-09-10 08:21:19.233552
1178,8e470e1b-fdef-4b81-8b55-3e293180a30b,339.00,success,2026-09-10 08:21:19.235428
1179,107bc2f5-3280-4616-b9a0-3afeceb3179c,19412.10,success,2026-09-10 08:21:19.237503
1180,6c29a1d8-a15a-4ec8-af29-6b007bf19350,1402.68,success,2026-09-10 08:21:19.239364
1181,f1194c09-11ae-457c-bc04-b819ba33bcae,15162.90,success,2026-09-10 08:21:19.24162
1182,81ed3694-3c6b-425a-ba82-9c594f7dddb4,13846.09,success,2026-09-10 08:21:19.243836
1183,e3b859b7-063d-45fa-936e-71377631622a,10289.86,success,2026-09-10 08:21:19.245821
1184,2ab01148-6a4d-434b-9a33-934b7b7bbbc8,1924.55,success,2026-09-10 08:21:19.247814
1185,dd385aa5-477c-4030-8934-da777364f212,9367.18,success,2026-09-10 08:21:19.249861
1186,c70e6349-c5b2-4a01-b4ff-20fd071c0d38,18753.98,success,2026-09-10 08:21:19.251861
1187,6e89edab-8783-4b76-8dc8-59625661c324,13819.73,success,2026-09-10 08:21:19.253807
1188,0e9b5810-ee36-4c71-b0ed-7908b5d50028,2659.34,success,2026-09-10 08:21:19.255764
1189,8485f8ee-4337-40a7-8cbb-18d3ae474718,19440.76,success,2026-09-10 08:21:19.257661
1190,786f7baf-d75d-4db5-8e65-a55563741759,19904.94,success,2026-09-10 08:21:19.259468
1191,7837b86a-de8a-44c6-99bd-8c8493a333ca,12984.72,success,2026-09-10 08:21:19.26136
1192,29d7bb02-1b98-4310-ba4f-a5c6f70003a1,19459.50,success,2026-09-10 08:21:19.263192
1193,a3506a37-11ce-4625-b90f-69cc117b8474,583.60,success,2026-09-10 08:21:19.265368
1194,10a06530-93bf-423c-8ca9-b13a2118bae2,15036.23,success,2026-09-10 08:21:19.267129
1195,ac51afd0-8cb4-4246-bf34-72797cb86eac,11604.59,success,2026-09-10 08:21:19.269001
1196,960fe487-3e7a-46ef-97f6-e87f37fc542e,16843.53,success,2026-09-10 08:21:19.270755
1197,a8d77116-8cd8-4b44-a062-2dedeae0e308,8157.84,success,2026-09-10 08:21:19.272571
1198,8f36787b-76d4-4f61-8c0a-bb381b382281,411.31,success,2026-09-10 08:21:19.274398
1199,91dbb159-cc65-4998-b403-39b6f0d4c7a4,18519.90,success,2026-09-10 08:21:19.27642
1200,8da738cb-9e70-4ada-a1df-4a5022935376,18403.33,success,2026-09-10 08:21:19.278303
1201,3473f34d-6fbd-4829-8868-c96916ae5f36,17373.83,success,2026-09-10 08:21:19.280154
1202,d39014df-8708-43ee-a8eb-809e56383a0f,3547.63,success,2026-09-10 08:21:19.282294
1203,d39014df-8708-43ee-a8eb-809e56383a0f,3547.63,success,2026-09-10 08:21:19.282294
1204,6d88c001-ff8e-4469-bc64-e08c7ab53e1f,8560.06,success,2026-09-10 08:21:19.284482
1205,44bd5f6a-58c2-4320-80fe-15ee65c36670,12346.37,success,2026-09-10 08:21:19.286505
1206,8b0d1875-bd7f-4914-b612-d889af86324d,7340.31,success,2026-09-10 08:21:19.288458
1207,b61b860f-a666-4486-b81e-0cb61cf5620b,10663.26,success,2026-09-10 08:21:19.29044
1208,0dba8412-5ac1-4ce8-8e8a-f5ded1cb6601,10619.00,success,2026-09-10 08:21:19.292328
1209,e313b56b-2416-45ff-9b95-199ae231aff6,14951.69,success,2026-09-10 08:21:19.294204
1210,ee85cea2-87e1-4966-9636-14601c288799,2324.59,success,2026-09-10 08:21:19.296239
1211,ee85cea2-87e1-4966-9636-14601c288799,2324.59,success,2026-09-10 08:21:19.296239
1212,e2512ecc-3ce8-45cf-8a83-c7d638b738df,17028.44,success,2026-09-10 08:21:19.298681
1213,d143a530-22f6-4cfa-866b-71c3050a8f1a,8934.06,success,2026-09-10 08:21:19.300816
1214,409c5be7-ce3f-4ace-af54-7c5b7aadcd8b,243.01,success,2026-09-10 08:21:19.302682
1215,768061ab-e66e-4686-ac0f-97b59bf387f4,12008.01,success,2026-09-10 08:21:19.304806
1216,43b0d382-4a58-4e08-85e0-3eaf09da6f72,12738.20,success,2026-09-10 08:21:19.306828
1217,e8d39f1d-32b5-40a9-8ec8-e783c62f00fe,7970.76,success,2026-09-10 08:21:19.308832
1218,b15d6ea1-91a4-4f66-8d2d-ee0418f49870,8068.26,success,2026-09-10 08:21:19.310692
1219,ac37c1f3-3125-4b0f-b21e-829591596847,7637.23,success,2026-09-10 08:21:19.313063
1220,19afb040-97b0-4ae1-90de-2557598a368d,12645.52,success,2026-09-10 08:21:19.315009
1221,6746f5b4-3582-4083-bc2d-55c390a07f2c,13631.20,success,2026-09-10 08:21:19.317151
1222,63a7a1bb-8222-40cf-ba0e-4405d6525428,18240.99,success,2026-09-10 08:21:19.319175
1223,c54d5188-ea1a-4964-9a1c-30ff304d0590,18680.95,success,2026-09-10 08:21:19.321138
1224,657129d6-8683-4402-81e0-263f19c7035a,18530.38,success,2026-09-10 08:21:19.323067
1225,89b2d504-99e2-4988-942c-ea468453fe39,7866.57,success,2026-09-10 08:21:19.324955
1226,0405566a-555b-4796-946c-775741ea53d6,11035.91,success,2026-09-10 08:21:19.326824
1227,4ba37b38-2829-4bf1-a1ee-df1fc7a4991c,12549.05,success,2026-09-10 08:21:19.32917
1228,b749404c-2269-4821-b0ba-eb6b210269f0,9842.31,success,2026-09-10 08:21:19.330816
1229,cd2429e6-a6e8-4221-9948-3b161f117518,19356.77,success,2026-09-10 08:21:19.332734
1230,5464c1b0-41b9-47cf-a0f9-0bed7da11a7b,7126.20,success,2026-09-10 08:21:19.334639
1231,57292542-a8c5-4666-b31c-4c3530db9598,11550.93,success,2026-09-10 08:21:19.336627
1232,96235427-0785-4990-a067-c409fc560137,10335.09,success,2026-09-10 08:21:19.338488
1233,cb8b742b-4493-4ae7-9037-4e90dd3e47b7,19646.90,success,2026-09-10 08:21:19.340409
1234,37cf8454-18f9-401b-8f84-4d19d6d9489e,7110.75,success,2026-09-10 08:21:19.34213
1235,aef4841b-606a-4dea-9ce8-3d7a33e8d5c6,1798.52,success,2026-09-10 08:21:19.344262
1236,e721c1f5-2f1a-43fc-b310-3930b9433728,12182.93,success,2026-09-10 08:21:19.346007
1237,345b16c1-e51b-42e0-8289-868fa905654d,13192.51,success,2026-09-10 08:21:19.34802
1238,2fd13ae8-8921-46b8-bed6-97e0b2fc075a,8672.88,success,2026-09-10 08:21:19.349903
1239,42dee1c9-8745-4228-a6b0-ae5277385211,17291.42,success,2026-09-10 08:21:19.351801
1240,ab9a7f9e-c931-4894-aab2-ad404439d0c2,6336.74,success,2026-09-10 08:21:19.353753
1241,0a2c7608-240f-478b-9b4e-80d2eb4ac3ea,9998.26,success,2026-09-10 08:21:19.355803
1242,5aa34a66-974d-495e-98ae-2a94a5fe10b3,11930.79,success,2026-09-10 08:21:19.35767
1243,21e148b3-939c-45d5-a9d0-90efd079516c,5017.41,success,2026-09-10 08:21:19.359729
1244,70ef8b30-049d-4f6b-b2ea-3df8d5821535,5118.99,success,2026-09-10 08:21:19.361634
1245,81fa9404-a540-4cc9-855e-bfa6b368586e,4723.39,success,2026-09-10 08:21:19.363611
1246,15a5ad19-67f8-4115-a4bb-5b4b003135bf,18562.21,success,2026-09-10 08:21:19.365596
1247,3acdc16c-c893-41c0-823d-9e0543d4ff70,18228.34,success,2026-09-10 08:21:19.367444
1248,511be1a5-cf2c-45d1-9e84-b5769118d411,19035.88,success,2026-09-10 08:21:19.369492
1249,bd67001e-1c47-42db-814c-ca65ed60b3cd,7069.60,success,2026-09-10 08:21:19.371545
1250,d31c12b2-3b9b-4a45-869b-8d76a90b1d4e,4992.18,success,2026-09-10 08:21:19.373425
1251,16515dd7-8bee-4209-9fd9-26cb290cb2d5,16415.18,success,2026-09-10 08:21:19.375267
1252,0318a4c7-45c4-4f99-8dcd-91c6e0f21666,17928.28,success,2026-09-10 08:21:19.377461
1253,1be12f02-e3a0-45d9-997f-f1f6489c6b00,18237.11,success,2026-09-10 08:21:19.37945
1254,d0cd8707-9b6d-4a17-914f-bc68df52ff8a,10946.50,success,2026-09-10 08:21:19.381449
1255,b3f7ad88-ab5c-4c10-a86d-566b9f7f7658,1089.64,success,2026-09-10 08:21:19.383309
1256,b2ca8121-f282-4db4-b878-b608b5b47efa,18096.90,success,2026-09-10 08:21:19.385243
1257,72783647-cc7c-45c8-989e-1bebfdc7a556,5296.87,success,2026-09-10 08:21:19.387248
1258,93ae73ae-bc40-4aba-a568-f2419b71a4c3,732.74,success,2026-09-10 08:21:19.389302
1259,7fc40de0-21e4-4411-9aa5-18621b88c050,16032.76,success,2026-09-10 08:21:19.391317
1260,e350f5f0-2546-4e52-b680-bc38df2ddf32,15511.26,success,2026-09-10 08:21:19.393353
1261,4d5beb9b-165a-42d0-b3bf-704540f8c437,5045.84,success,2026-09-10 08:21:19.395443
1262,7c47a760-41d3-4772-bf92-8f3343f973d0,12746.05,success,2026-09-10 08:21:19.397326
1263,6694e4ce-04e9-4b90-97ef-fd4c6ebaeacd,5058.76,success,2026-09-10 08:21:19.399301
1264,0056d394-8328-4407-8a18-da130236f177,16561.15,success,2026-09-10 08:21:19.401255
1265,715e45ff-c1bf-41b9-9779-ac9f1710ebc8,8322.62,success,2026-09-10 08:21:19.402996
1266,c45219f2-e167-4764-9b9d-2f1bb5062bbe,10093.97,success,2026-09-10 08:21:19.405057
1267,bf86cc90-956a-424e-bf90-abb1dd25c07f,17408.06,success,2026-09-10 08:21:19.407102
1268,d93cf21e-12b6-497a-8f65-201dce7b24e8,2176.53,success,2026-09-10 08:21:19.409196
1269,6fd754b7-201d-4273-b408-2e3a231b3430,15149.25,success,2026-09-10 08:21:19.411128
1270,1243b759-59fd-4878-a1e8-56403d0d4bac,1369.81,success,2026-09-10 08:21:19.413337
1271,62a617aa-f06e-48e1-946f-91aa551c0487,15929.92,success,2026-09-10 08:21:19.415261
1272,bd3b1fbb-342c-4c5d-9f3f-531f9121684a,9368.91,success,2026-09-10 08:21:19.417231
1273,9f263dad-9ff9-47ba-ae7f-181c14677b68,13432.57,success,2026-09-10 08:21:19.419178
1274,e22ca576-4788-4b20-a4ac-bfe438094a05,16072.71,success,2026-09-10 08:21:19.421246
1275,a18d95c4-6f92-4f53-a28d-a18e11bd1249,4588.50,success,2026-09-10 08:21:19.423216
1276,c7bba24b-de7d-4ffc-852e-f8bfd55477f4,11174.81,success,2026-09-10 08:21:19.425297
1277,7ad7f987-2443-4cb1-b4e0-394783a8c37c,3041.66,success,2026-09-10 08:21:19.427821
1278,97bc819c-6c9c-48ff-9f29-3a8a2bac26aa,1447.74,success,2026-09-10 08:21:19.429948
1279,46de20fc-5fb4-41a1-b63e-f615c670eaca,4782.56,success,2026-09-10 08:21:19.431712
1280,581b9cfa-eabc-467e-9d48-ba4ad28a5fa2,8714.58,success,2026-09-10 08:21:19.433601
1281,85d57e18-10cb-4854-a249-04e0dec38980,7082.57,success,2026-09-10 08:21:19.435635
1282,0414727c-7ac0-4b79-ba13-0d3f4b8807f4,16019.42,success,2026-09-10 08:21:19.437522
1283,319501bb-0897-4bd1-80a0-8492c3ea8ff2,866.89,success,2026-09-10 08:21:19.439925
1284,935a6c2b-9de9-4a66-879f-c3f47b859788,3076.71,success,2026-09-10 08:21:19.441911
1285,9f8989b3-2033-420c-8843-cded1317d963,6748.96,success,2026-09-10 08:21:19.44383
1286,2eff40f5-68fc-49a5-8375-b8d86ff79946,8608.34,success,2026-09-10 08:21:19.445798
1287,be9429e0-ee3f-477e-a866-e99d7fd3d178,4758.81,success,2026-09-10 08:21:19.447724
1288,73450251-500d-4fae-88b9-9360ccf2cfae,10008.49,success,2026-09-10 08:21:19.450146
1289,12c09fe6-2bba-446b-96f0-59bb8e95ceac,18689.98,success,2026-09-10 08:21:19.452118
1290,1144534b-e0d6-4dac-90fa-544ab78b22b4,17479.07,success,2026-09-10 08:21:19.454003
1291,29296751-350b-4d34-9b15-a9f3fa911c82,18676.78,success,2026-09-10 08:21:19.456256
1292,dd373ca0-9faf-4f92-97ad-861d8c4ab886,5721.71,success,2026-09-10 08:21:19.458282
1293,9410423b-a0cf-447c-be81-e284af8ee24c,9679.50,success,2026-09-10 08:21:19.460493
1294,82124f8b-82f3-40ce-9e4b-0aec3dcd1bef,8605.98,success,2026-09-10 08:21:19.46249
1295,3ef39a86-0cf2-4bcf-b26b-0f49e135a8ac,18048.53,success,2026-09-10 08:21:19.464356
1296,1696d045-70fa-4a59-8cbd-644a2b7e6481,15035.82,success,2026-09-10 08:21:19.466285
1297,eef31d20-7c67-44ef-b3e4-5fd02fdf9479,7398.17,success,2026-09-10 08:21:19.468179
1298,a32dfb19-82f1-4681-972f-0f474ae82eef,17264.41,success,2026-09-10 08:21:19.470077
1299,0d72f985-9dd8-4614-bd06-a27f6f445338,17905.10,success,2026-09-10 08:21:19.472126
1300,b54661f9-341d-4795-a67e-5a356d41dd7a,11146.65,success,2026-09-10 08:21:19.474024
1301,530cc5c8-7817-4246-a0cc-1106cdac8dd2,3343.95,success,2026-09-10 08:21:19.475975
1302,0ce0e272-98e9-4495-ad16-99f7f62ab29a,5073.70,success,2026-09-10 08:21:19.477815
1303,c1e9ecc0-2862-4bce-be54-082238ae9599,16154.47,success,2026-09-10 08:21:19.479685
1304,45ea9874-fed7-475a-b32f-5b4696ded2a8,16901.52,success,2026-09-10 08:21:19.481667
1305,8fa58156-6bb9-4b36-81bd-14cce1e9baba,9351.04,success,2026-09-10 08:21:19.483559
1306,3c7c1aba-cc28-49a7-bbba-9e01e7bbd6bb,554.81,success,2026-09-10 08:21:19.485674
1307,0f444e61-d2c6-4271-bff4-3528555e2737,12975.48,success,2026-09-10 08:21:19.487566
1308,fecbc7d5-04a6-443c-aee5-192bae5c445a,14954.66,success,2026-09-10 08:21:19.489524
1309,0bb6f8f4-d8bc-4999-82b9-807a12a5d2da,6782.11,success,2026-09-10 08:21:19.491564
1310,9cfdefac-bd1f-4a69-900d-3a93a6ab7ddb,1471.75,success,2026-09-10 08:21:19.493523
1311,0ffb57ea-f463-4dd7-87f6-ceccbd550ea0,7688.32,success,2026-09-10 08:21:19.495659
1312,4c7498d3-ee6c-4f7f-a9b8-ca5e8c5bd836,195.36,success,2026-09-10 08:21:19.497595
1313,802ffbe9-08e9-437e-99b0-8c275df13eb8,6060.58,success,2026-09-10 08:21:19.49946
1314,fce5fbe2-39a8-4491-a997-4a131d1c73a3,15630.78,success,2026-09-10 08:21:19.501387
1315,fbdc5804-589a-4bf3-8995-2563c49cda9d,18697.13,success,2026-09-10 08:21:19.503314
1316,40e91d14-4320-484c-898a-eae7052b7382,15703.27,success,2026-09-10 08:21:19.505331
1317,475df670-1ecd-4279-9a91-8dbb4c9f16bb,5573.65,success,2026-09-10 08:21:19.507313
1318,8a92ab81-f8f8-4ed9-a632-fbc367ac2718,4753.69,success,2026-09-10 08:21:19.509354
1319,8a92ab81-f8f8-4ed9-a632-fbc367ac2718,4753.69,success,2026-09-10 08:21:19.509354
1320,6a1e255d-a4e0-4b77-a4ba-6f11bb1c3fd2,2202.70,success,2026-09-10 08:21:19.511585
1321,f73e7de0-6a99-4222-be84-e54220ade2a9,11428.15,success,2026-09-10 08:21:19.513502
1322,a69b72fd-a030-4619-b8bc-5df1fdeae905,7003.36,success,2026-09-10 08:21:19.515623
1323,68428e0d-f8c8-4588-8a1c-196dea304949,3312.29,success,2026-09-10 08:21:19.517532
1324,5b48f9cd-6fc2-4862-9780-585b2623fbee,15456.64,success,2026-09-10 08:21:19.519688
1325,7af8a03c-0fb2-427c-8f44-d464b1cc7e61,16201.92,success,2026-09-10 08:21:19.52218
1326,d82f0b7d-4838-4387-973b-5fbfd95ae53f,2986.32,success,2026-09-10 08:21:19.524038
1327,4248b688-cc4f-4360-9c2f-afa8dd266977,4091.89,success,2026-09-10 08:21:19.526057
1328,e1d7a08d-75f6-4942-bd69-eb2475addcd0,18416.03,success,2026-09-10 08:21:19.527891
1329,feeabb7a-9325-448a-a39d-2349c58f593c,7254.51,success,2026-09-10 08:21:19.529747
1330,50428f22-13fd-4c07-9d73-a0de5004f644,5978.52,success,2026-09-10 08:21:19.531646
1331,b22b34aa-52f0-4fad-960f-8878095c8b10,17666.95,success,2026-09-10 08:21:19.533714
1332,39d95b3c-02fa-447b-8427-49d58ceed8af,17706.20,success,2026-09-10 08:21:19.538377
1333,94399289-c7ac-4773-9c99-6417bd822b86,1578.55,success,2026-09-10 08:21:19.540388
1334,4c8f7f0c-e6ca-4751-957b-ee08baa1af6c,19920.76,success,2026-09-10 08:21:19.542591
1335,7d42b1a4-b24f-49f8-bc8b-dc321a366151,11304.78,success,2026-09-10 08:21:19.54488
1336,c3c800cd-4e2a-4345-a78d-3b825dd89665,9214.65,success,2026-09-10 08:21:19.546956
1337,79539b10-db26-4c3f-92e0-4873dec8d0f8,705.75,success,2026-09-10 08:21:19.548855
1338,26ec5695-6d8b-4e40-acee-80a10bd0591f,668.91,success,2026-09-10 08:21:19.550916
1339,d4bf894e-8842-45bc-8122-8b9d1827f50b,14157.93,success,2026-09-10 08:21:19.552911
1340,9096a480-87aa-4729-83a3-b8a7bc6a1684,15292.09,success,2026-09-10 08:21:19.555052
1341,6071d11b-54dc-4d2d-bd0a-abe79b95776d,12219.77,success,2026-09-10 08:21:19.556844
1342,5edc443d-8fdc-40b9-b56e-84c7de680a2a,10883.30,success,2026-09-10 08:21:19.558926
1343,2642b3a9-d12f-4f31-9467-ea6bcd23d617,10851.89,success,2026-09-10 08:21:19.560834
1344,e9beceaa-5688-41c8-9f77-21ed4c95b66a,9845.00,success,2026-09-10 08:21:19.562746
1345,ce1f7e02-fea5-4108-83be-699122c9b6be,8020.02,success,2026-09-10 08:21:19.564811
1346,1b394a36-9bb6-4eed-8821-16cf388907a7,953.02,success,2026-09-10 08:21:19.566767
1347,fd893279-5d0a-4124-8a47-c6b48e0a3305,10329.46,success,2026-09-10 08:21:19.568735
1348,70dc3a49-cd0f-40b6-aeda-8c822f29e981,11539.71,success,2026-09-10 08:21:19.570625
1349,c03d259d-c1bb-44d3-a486-f37a7f479f2e,12281.19,success,2026-09-10 08:21:19.572622
1350,ca7007d9-516d-4f45-8ad7-444d5aab0408,14147.58,success,2026-09-10 08:21:19.57456
1351,f6d8bb2d-ea78-4ecd-8ca4-e98f5053d340,12366.44,success,2026-09-10 08:21:19.576434
1352,1a57641c-20fb-4e53-98e5-5cf124e55143,14438.92,success,2026-09-10 08:21:19.578309
1353,1050de3c-b93a-4750-9ced-328d204ad885,13873.26,success,2026-09-10 08:21:19.580241
1354,7476ed3e-8263-4e24-9023-2c63c1fa643e,7556.29,success,2026-09-10 08:21:19.582369
1355,c034aeda-2c41-4eb7-9865-d260113e7243,13110.39,success,2026-09-10 08:21:19.584643
1356,88f02e6a-2806-4fca-a7c4-50f09799bf13,2212.76,success,2026-09-10 08:21:19.586568
1357,e7e61555-187e-4aba-afd0-9a2deabbe3e0,9704.06,success,2026-09-10 08:21:19.588947
1358,7ac6a829-471b-43be-9aef-2a8abd677f6d,6801.33,success,2026-09-10 08:21:19.5908
1359,e07074cf-1635-4114-9207-66ead2b00a3f,367.03,success,2026-09-10 08:21:19.592695
1360,da80428f-0bf9-4533-a8c5-93874eae7eae,4919.65,success,2026-09-10 08:21:19.594783
1361,8f96f8d2-1974-4c79-a672-c521f50b88b9,4426.50,success,2026-09-10 08:21:19.59669
1362,1046ae2e-ca76-4f46-a5af-37fffa8e3bbc,258.80,success,2026-09-10 08:21:19.598573
1363,dd34d026-33fe-4f09-b079-bed7d4ee0e0f,10863.65,success,2026-09-10 08:21:19.600397
1364,e7991159-7b7b-4b9a-91a9-eb78c0421dcc,8370.35,success,2026-09-10 08:21:19.602536
1365,c661a9f7-5664-4759-8973-efdd1ef83195,7676.85,success,2026-09-10 08:21:19.604701
1366,bd2404b7-7db5-4e30-a7a0-3f6693f1aaeb,18686.91,success,2026-09-10 08:21:19.606765
1367,b718ee22-b132-4ef1-9fc2-6d6657c08638,1591.39,success,2026-09-10 08:21:19.608801
1368,60d74654-cf17-4b9b-9be7-dd445dcc4e34,18519.74,success,2026-09-10 08:21:19.61067
1369,ea0b15d6-a22b-4db8-8c1d-384b08ba2c9f,9960.94,success,2026-09-10 08:21:19.612592
1370,6774ea2b-a342-4ffb-9d83-4311bb5bed18,3708.52,success,2026-09-10 08:21:19.614499
1371,27d56820-b838-4c1f-8901-ab1023466dc7,12069.01,success,2026-09-10 08:21:19.616629
1372,1c50c9c3-039a-4dc2-9aff-3cec15e29978,19321.86,success,2026-09-10 08:21:19.618339
1373,0a5362b5-eb73-410c-8f83-49012b42422a,10202.45,success,2026-09-10 08:21:19.620216
1374,e583d39e-bb09-4dc4-bbf9-cc7e19d43c93,15578.23,success,2026-09-10 08:21:19.622142
1375,3f98e47b-fc2b-486d-9fca-fff560a3652d,14305.92,success,2026-09-10 08:21:19.624067
1376,f0c469cb-35c4-43cc-ba61-9f90d692494c,18667.29,success,2026-09-10 08:21:19.626058
1377,1b1c14db-aee0-429f-bc79-d646702e3604,16165.76,success,2026-09-10 08:21:19.627976
1378,c8897497-2539-4593-becf-0c64aa83626a,6323.72,success,2026-09-10 08:21:19.630029
1379,7d2ac473-3d7a-450c-bee2-72a5541ef43d,15103.38,success,2026-09-10 08:21:19.632073
1380,10fe3e23-56a9-441c-8738-f9e1aefda2e8,8247.25,success,2026-09-10 08:21:19.63406
1381,ce350dea-9888-42e2-9586-18e972d3a746,14390.45,success,2026-09-10 08:21:19.636039
1382,ccdde2c7-bcbf-426c-a606-d1a508d80e75,14437.03,success,2026-09-10 08:21:19.638053
1383,63557c67-3324-48b5-862c-fc56d0770221,16353.24,success,2026-09-10 08:21:19.639926
1384,9a3afc9a-b13b-4caf-a36a-1279a15c9647,162.81,success,2026-09-10 08:21:19.641794
1385,d3664d78-de41-4c34-88e9-bcb68840260c,369.89,success,2026-09-10 08:21:19.643705
1386,74d49b63-455d-4705-9571-6fa61ef4dd1b,7761.29,success,2026-09-10 08:21:19.645626
1387,2ba4f649-d475-4e13-872a-b77aa2c891a1,7069.14,success,2026-09-10 08:21:19.647717
1388,4c9806d5-32bd-4fc6-a4f0-ee6e969b09c1,8457.22,success,2026-09-10 08:21:19.649614
1389,63419091-29c0-444f-9ae0-b16469286471,4828.09,success,2026-09-10 08:21:19.651533
1390,d3a0cb32-ad42-4110-8e0c-dc2754bf87f9,1695.21,success,2026-09-10 08:21:19.653644
1391,eba36263-40c0-497f-bf58-604ca83619b3,1591.65,success,2026-09-10 08:21:19.655592
1392,1915e63a-ee9a-4b11-b344-4f618214a591,4565.41,success,2026-09-10 08:21:19.657615
1393,291c75c6-8763-4b91-84a5-07f8c8228195,5997.82,success,2026-09-10 08:21:19.659643
1394,ae68e21b-2620-4afd-a5b8-4b2b2026eb1f,12234.57,success,2026-09-10 08:21:19.661553
1395,60781835-13e8-413f-8a00-5d06160006a5,14098.68,success,2026-09-10 08:21:19.663643
1396,27878855-7b40-4757-8d17-e62b62ac4a4c,18663.07,success,2026-09-10 08:21:19.665597
1397,09ffffbc-5411-413f-b02b-1010bf149309,7684.87,success,2026-09-10 08:21:19.667611
1398,c7c6540d-b6e1-4e9e-928a-f082c22ab284,11414.37,success,2026-09-10 08:21:19.669462
1399,b905027d-29ff-49de-b4be-3e141446edbe,2050.85,success,2026-09-10 08:21:19.671356
1400,b905027d-29ff-49de-b4be-3e141446edbe,2050.85,success,2026-09-10 08:21:19.671356
1401,c5ee599d-9000-460c-a4d1-b7d6d53318d2,13425.10,success,2026-09-10 08:21:19.673685
1402,55d022f1-dac5-4990-85c4-2c09aa0c3d97,3856.57,success,2026-09-10 08:21:19.675615
1403,ec3be046-7aba-4ef4-81b0-446f95304973,5899.96,success,2026-09-10 08:21:19.677615
1404,a02fa377-c34c-4057-8ff3-e58b4a0f65cf,18791.85,success,2026-09-10 08:21:19.679842
1405,07d04c93-bacf-4f67-a891-5646bf5086d8,16661.39,success,2026-09-10 08:21:19.681714
1406,04965421-35c1-4ef4-b914-0d737ebba51d,13296.87,success,2026-09-10 08:21:19.683607
1407,366aad4c-ea98-4358-8088-a43740c75f32,13543.68,success,2026-09-10 08:21:19.68566
1408,cd59881a-606f-44ec-8ae1-f25ec49ee163,12583.04,success,2026-09-10 08:21:19.687714
1409,c64dd1ea-6f3f-4646-86f9-3afb4a8a4d4f,3448.73,success,2026-09-10 08:21:19.689565
1410,016a7ab6-42b3-4bf8-b16a-e4b958925a25,2099.21,success,2026-09-10 08:21:19.691546
1411,26101827-60fe-43d9-95ac-092fd4ca5861,12586.38,success,2026-09-10 08:21:19.693656
1412,38b16eec-a273-4eef-afe3-785ffffb7a6b,3147.24,success,2026-09-10 08:21:19.695729
1413,fc1e4213-6f2d-455b-b0ea-8ef51a895459,2789.04,success,2026-09-10 08:21:19.69784
1414,383501fe-e1ac-468f-b5a9-77f626ea059e,3913.90,success,2026-09-10 08:21:19.699979
1415,59e87596-4918-4a04-8989-34380ba0cb03,6426.32,success,2026-09-10 08:21:19.70181
1416,70a6f74e-d412-4e93-a84a-44556c474bb4,2774.55,success,2026-09-10 08:21:19.703933
1417,543776e8-5258-431a-930d-2983980c4ac1,9284.52,success,2026-09-10 08:21:19.705869
1418,30835206-4747-4f56-8ac9-256152298417,12212.42,success,2026-09-10 08:21:19.707923
1419,20cadf4a-88d2-46df-a254-c08ce4af1eda,7538.88,success,2026-09-10 08:21:19.709679
1420,bca082f6-c06e-4dc9-9acc-52b09460b737,15673.57,success,2026-09-10 08:21:19.711643
1421,a3740d9e-649a-453c-870c-df22344f8392,1011.44,success,2026-09-10 08:21:19.713724
1422,021fc907-a511-4d2b-ab8f-b5de992bed3c,3197.17,success,2026-09-10 08:21:19.715834
1423,58c2bfdb-802e-45f9-82fa-eb795fb08fef,946.97,success,2026-09-10 08:21:19.717862
1424,6893c581-6a56-4bc6-9892-8278c0766cce,17881.64,success,2026-09-10 08:21:19.719693
1425,b32245c4-be25-4196-b83a-cc59c7c6e7fc,14605.95,success,2026-09-10 08:21:19.721559
1426,c76c300e-4b11-4235-ab49-7ad04965444d,9837.93,success,2026-09-10 08:21:19.723483
1427,8947a616-f653-4052-80ca-9930d8affa05,991.16,success,2026-09-10 08:21:19.725389
1428,c08c3383-0a2a-4a0d-b61f-142a6d4584bb,19118.18,success,2026-09-10 08:21:19.727243
1429,b47042c4-0676-4248-9559-84309886a692,6046.16,success,2026-09-10 08:21:19.729319
1430,bec2279d-475d-4634-a7ee-ba24a2bae25c,3595.67,success,2026-09-10 08:21:19.731171
1431,fec8092e-c99f-49a3-8630-e3d002d55e9e,6319.90,success,2026-09-10 08:21:19.733018
1432,c0e84e39-5add-44e2-9faa-37f95d719801,68.65,success,2026-09-10 08:21:19.73492
1433,264ab100-eda8-495d-856c-7cd459dda167,4492.47,success,2026-09-10 08:21:19.736939
1434,104c6b05-72d2-41c2-898b-b98a4a2b10fc,9261.47,success,2026-09-10 08:21:19.738904
1435,f8626996-a284-4230-9400-ce05add09cdc,3176.72,success,2026-09-10 08:21:19.740916
1436,6cb8bf6e-441e-4e4b-946c-c727c805c416,8582.54,success,2026-09-10 08:21:19.742797
1437,01a114f6-bf02-4301-a59e-f7e1e712ff69,14574.73,success,2026-09-10 08:21:19.744687
1438,aaa6254e-4fef-4a2b-a52c-dea333c1659d,3665.15,success,2026-09-10 08:21:19.746533
1439,921c0dae-e9ad-4b8e-b669-b216308ab5e4,8080.99,success,2026-09-10 08:21:19.749346
1440,63c7dd96-40d4-414b-b2d6-e2758bda1bb7,6828.60,success,2026-09-10 08:21:19.751542
1441,7085d616-edc4-47c6-a69e-ca8f7ff8ec9f,15207.86,success,2026-09-10 08:21:19.753447
1442,fdc4710d-a428-46a4-95e4-be3d7d1b71c6,18659.50,success,2026-09-10 08:21:19.755268
1443,be852082-4056-40a8-af2b-4adb329a791b,11937.02,success,2026-09-10 08:21:19.757161
1444,a9d35b28-78e7-48e3-88fc-47a76099d67d,6830.02,success,2026-09-10 08:21:19.758973
1445,b1e27d09-b3d1-43ef-a975-542469f51aef,11046.68,success,2026-09-10 08:21:19.760977
1446,65d930a0-1061-49f2-b179-c8b2e6a75531,11133.10,success,2026-09-10 08:21:19.762762
1447,bb5e815d-3b1e-4efb-b478-19eabddd8100,16933.00,success,2026-09-10 08:21:19.764635
1448,b9fd674a-7d4f-4f28-82ea-5077254171ea,16103.15,success,2026-09-10 08:21:19.766492
1449,bb866390-d485-487f-94f4-a64abd7a654e,17808.61,success,2026-09-10 08:21:19.768462
1450,815a8031-7ee3-495f-a672-c5bbd008c3e0,16113.91,success,2026-09-10 08:21:19.770605
1451,0b18c41e-0dff-4937-a562-7f55c6ddebd2,18180.20,success,2026-09-10 08:21:19.772351
1452,272bc585-90cb-44eb-913c-d0edf3f1b2d9,859.98,success,2026-09-10 08:21:19.774355
1453,cfecbb38-de4f-4c52-a0a6-d405f17f3a1a,17706.51,success,2026-09-10 08:21:19.776341
1454,87a969ce-0303-478b-9fdd-d9797fbc8d2f,6838.66,success,2026-09-10 08:21:19.779415
1455,cb5da4c2-3b93-4700-bd2a-d240eb870dd7,7814.60,success,2026-09-10 08:21:19.781426
1456,30796b02-0700-4369-8f5c-4dafd1208216,15845.94,success,2026-09-10 08:21:19.783345
1457,e68ac9ef-0862-4ea7-b68d-60c6732c0a45,809.25,success,2026-09-10 08:21:19.785419
1458,fd84ef33-0949-4330-84ac-a2b50f4c9c95,8354.63,success,2026-09-10 08:21:19.787153
1459,929db29f-19fd-4994-a2f3-b6e93906e15a,10433.48,success,2026-09-10 08:21:19.789018
1460,4705fb6b-cfd7-44aa-9aba-693741829bfb,1449.08,success,2026-09-10 08:21:19.790914
1461,577c84e5-8c82-47dd-8184-8bef37c9b66e,6006.08,success,2026-09-10 08:21:19.79287
1462,0b9b5ea9-ddff-4461-85fb-699727fdfbe3,6677.68,success,2026-09-10 08:21:19.794716
1463,aaaee0ef-cbf3-4191-b993-95f06d4ab099,823.25,success,2026-09-10 08:21:19.796787
1464,88a5b30d-c62c-4451-8345-d62fbc9b5aac,7773.07,success,2026-09-10 08:21:19.798728
1465,3634adf5-bbe6-48b9-8715-74ad08a40db0,18012.77,success,2026-09-10 08:21:19.800828
1466,c640a92e-4086-4c84-b2a3-9e6e5cc742f4,12736.69,success,2026-09-10 08:21:19.80285
1467,c06a91bd-7d0e-4db2-971e-4ab90a24cd64,12078.35,success,2026-09-10 08:21:19.8048
1468,5df9718e-2707-42e5-9b9c-d070aa092239,3307.97,success,2026-09-10 08:21:19.806727
1469,8661106e-9316-4302-abaa-c75926b786cb,16330.47,success,2026-09-10 08:21:19.808506
1470,b7135458-820f-4e1c-9fef-1da8a380ae51,11666.08,success,2026-09-10 08:21:19.810612
1471,6194e6a3-0293-4499-b445-767fd5d5720c,6322.65,success,2026-09-10 08:21:19.813646
1472,cccd016c-1cbc-4d4f-a6df-323aaeca40a6,1744.10,success,2026-09-10 08:21:19.815477
1473,9eaaa14f-85aa-48af-a9d1-3e5751a49efe,2954.32,success,2026-09-10 08:21:19.817505
1474,1e1d2838-967e-4d82-af6f-fea4281a41b8,10841.14,success,2026-09-10 08:21:19.819367
1475,1166a37c-7dce-44a6-bc7a-179dba0b12b1,11412.29,success,2026-09-10 08:21:19.821346
1476,632b0d11-d8e2-4587-a51c-a9656a74430d,529.84,success,2026-09-10 08:21:19.823281
1477,262af0fe-182d-4fd0-912d-db58fe163bcd,18744.77,success,2026-09-10 08:21:19.825227
1478,74b15f30-bb9c-47e5-a7b4-cf6faac2cc9e,9799.51,success,2026-09-10 08:21:19.827065
1479,5968735b-fc99-45a6-9a51-31774fa456ef,6381.59,success,2026-09-10 08:21:19.828958
1480,9f97c493-92d7-44bd-9dbf-850b5fd8a196,16436.47,success,2026-09-10 08:21:19.830694
1481,dda4b6ad-968b-4407-b5c8-f8c6c0d629b0,17210.10,success,2026-09-10 08:21:19.832647
1482,1cd1bef7-a4f6-44e1-8ccf-10be777010b7,17008.55,success,2026-09-10 08:21:19.834466
1483,97ce8845-ae1d-4bab-a25d-82250c52e3b4,2671.24,success,2026-09-10 08:21:19.836479
1484,a086c3d6-9432-4b66-b3d4-bbb5b515922f,19857.41,success,2026-09-10 08:21:19.83859
1485,e29e060c-0574-4b43-9866-5df82d862757,15933.57,success,2026-09-10 08:21:19.840613
1486,37ae1761-2f31-4052-babd-403561beaeb1,17179.93,success,2026-09-10 08:21:19.842621
1487,5cce3ccc-3495-40a0-9777-7062fd777b97,17131.66,success,2026-09-10 08:21:19.844531
1488,c5e82bcf-f883-43b2-afde-c2ad3910f85c,11676.46,success,2026-09-10 08:21:19.846682
1489,b4e4041c-0b73-4596-a4f5-3a14f2e0868e,2387.61,success,2026-09-10 08:21:19.848586
1490,2a88858e-dde9-491a-b63f-e39d62666c86,1770.36,success,2026-09-10 08:21:19.850565
1491,56324f6a-5e6a-47f8-8a5b-a590f40a595e,8924.95,success,2026-09-10 08:21:19.852405
1492,24e6f92e-8dc4-4dd2-a200-a5e254f16abc,19820.18,success,2026-09-10 08:21:19.8544
1493,965a31f3-c15a-4e21-8e25-8d5f26e36241,11484.48,success,2026-09-10 08:21:19.856273
1494,ddea2079-b447-48cf-b6c3-85c19555a9f1,7826.05,success,2026-09-10 08:21:19.858297
1495,491a8e61-1844-4e80-b142-f5d8291c2e39,735.96,success,2026-09-10 08:21:19.860337
1496,cd2bca3a-e502-434c-82fc-a327f256cab5,9348.18,success,2026-09-10 08:21:19.86222
1497,548284de-9944-44ca-9a98-372d14f411c1,3980.68,success,2026-09-10 08:21:19.864407
1498,17ed1424-8906-42f7-a505-9621a716cd3c,4888.05,success,2026-09-10 08:21:19.866579
1499,4371cffb-c4d9-445b-ba09-4bcba28bc05a,14612.36,success,2026-09-10 08:21:19.86866
1500,644e9c58-e4e9-4a91-948d-5060a3f01d82,16739.23,success,2026-09-10 08:21:19.870596
1501,084757a7-a660-4545-bd12-60cbc89fb03e,16891.73,success,2026-09-10 08:21:19.872645
1502,57245d1a-6db7-4ff7-97fa-55e6468cee92,13096.02,success,2026-09-10 08:21:19.874743
1503,6ca45f9e-8e29-413c-a057-b3c3755f0df0,14439.95,success,2026-09-10 08:21:19.876763
1504,7760b420-eef7-4b32-81ef-a1bb2e1defb5,13933.97,success,2026-09-10 08:21:19.878708
1505,4529329c-4923-41d4-873c-107a76b66656,512.75,success,2026-09-10 08:21:19.880859
1506,a4431c72-9837-46f2-80bb-c0fb6a335964,14706.02,success,2026-09-10 08:21:19.882787
1507,4e828fc1-33d1-4fb9-ba9b-939d9502d84b,9532.65,success,2026-09-10 08:21:19.884912
1508,b75d9c12-8fa1-41a4-8404-2851cde41361,5136.18,success,2026-09-10 08:21:19.886863
1509,b198e624-873b-4e07-b54a-d651aab87a68,1402.44,success,2026-09-10 08:21:19.888737
1510,2c464d68-5743-4730-830b-48e6a166e119,4644.11,success,2026-09-10 08:21:19.890597
1511,063f4417-8427-4f0d-973a-e98cf996b5bd,13509.84,success,2026-09-10 08:21:19.892533
1512,e3117dec-7b10-4098-957c-a6b727cb3d49,5280.68,success,2026-09-10 08:21:19.894755
1513,0cd404ef-e974-4fe8-a4bd-a4a132694617,14956.73,success,2026-09-10 08:21:19.896809
1514,64d9fede-7bd3-4b5d-8e97-ad8f9cc746e9,11619.49,success,2026-09-10 08:21:19.898597
1515,7fbd02c6-5b07-4a5a-b9a2-c2363a5e89b6,17276.87,success,2026-09-10 08:21:19.900744
1516,cc9e1c38-a55f-4a52-bf68-8e7734454e95,15166.20,success,2026-09-10 08:21:19.902763
1517,69442134-7812-44aa-8a3f-6f29c92a8ff5,2849.91,success,2026-09-10 08:21:19.904736
1518,26b09e15-e8ca-49b7-827b-5822491254fb,18019.81,success,2026-09-10 08:21:19.906794
1519,f05c7a47-e466-49a5-88e1-2e01672d6895,349.38,success,2026-09-10 08:21:19.908665
1520,50144421-e4ee-4095-a550-7679f1ee3253,15289.55,success,2026-09-10 08:21:19.91055
1521,c60de78c-9773-4c87-8413-aa55d7570980,12854.80,success,2026-09-10 08:21:19.912348
1522,a6406c2a-9ef8-4dcd-8a3b-e6641778eb99,5228.77,success,2026-09-10 08:21:19.914335
1523,3367443e-2059-49fa-bb5f-8f4c6e3ceb8a,17333.28,success,2026-09-10 08:21:19.916291
1524,e8d9fbb5-375c-4b9e-84fc-c9abe7bca312,17922.54,success,2026-09-10 08:21:19.918266
1525,a458be18-2564-462d-b308-7c6dc09295a4,18490.92,success,2026-09-10 08:21:19.920119
1526,d7b72623-03a8-4b50-becb-14cca77ed01b,12383.16,success,2026-09-10 08:21:19.921977
1527,0f5904d8-e68e-4db7-a624-8551a41f4744,79.79,success,2026-09-10 08:21:19.924206
1528,6c94722b-392a-4313-97c2-855afb387d98,17784.44,success,2026-09-10 08:21:19.926129
1529,7b08d41b-b276-43e1-b0d2-3dfbd1575cb2,16528.79,success,2026-09-10 08:21:19.92822
1530,d0a7d3e4-43bd-4142-9d6a-fd844fa34ad9,8600.26,success,2026-09-10 08:21:19.930144
1531,4c9f54b3-159c-419d-af8f-cf345d056d61,6523.49,success,2026-09-10 08:21:19.931961
1532,f9e94ca9-1fcb-45c4-9df6-759ad20d43ca,6962.36,success,2026-09-10 08:21:19.933867
1533,c423d5d9-b248-4f82-b08a-a74be3866f66,1440.01,success,2026-09-10 08:21:19.93592
1534,870f1d58-7522-4886-92fb-d15503ada2a3,18477.38,success,2026-09-10 08:21:19.937838
1535,4a744ed9-9f47-42b2-8fdd-578576a18cdf,2204.95,success,2026-09-10 08:21:19.939722
1536,651c0b2c-8fcf-44e4-93da-4ac8fb349007,3718.83,success,2026-09-10 08:21:19.941353
1537,49f1bbef-efc3-42c7-b55f-3a75c7021f65,16361.05,success,2026-09-10 08:21:19.94332
1538,ae5573c9-6669-4027-9997-8c021b0cc8b7,19636.22,success,2026-09-10 08:21:19.945326
1539,59e41ab1-2c17-4e8b-84af-73f23329001a,15657.17,success,2026-09-10 08:21:19.947141
1540,39c552df-4366-45e8-bfe2-e4e9cf661286,14881.19,success,2026-09-10 08:21:19.949225
1541,a597a848-0ff8-4905-b2e5-0dafd4b13884,6847.10,success,2026-09-10 08:21:19.950923
1542,d31248ed-7622-4512-abf4-5c8bfa3bcfb6,15849.37,success,2026-09-10 08:21:19.953839
1543,857b76b7-7c85-4530-8f7e-f59870f92739,8761.92,success,2026-09-10 08:21:19.956068
1544,fa7795a0-772a-47ed-8647-58abb08cffe4,9426.93,success,2026-09-10 08:21:19.957782
1545,a2aa8fe7-9e46-47b2-b730-77225c0b0baf,10407.13,success,2026-09-10 08:21:19.959814
1546,64c0310d-eee2-4a05-a6ec-f63c747c134d,158.34,success,2026-09-10 08:21:19.96166
1547,ba78d1d6-de89-4770-8c48-7bf9ac8b0364,13963.65,success,2026-09-10 08:21:19.963353
1548,db04dbd2-51ef-4626-a56e-e82626730b7f,7601.53,success,2026-09-10 08:21:19.965111
1549,53e938bc-ca8c-470a-ade0-9a01fa02873d,19381.44,success,2026-09-10 08:21:19.966886
1550,bf62d500-56cf-4c18-a87c-d25cc54d0528,13636.51,success,2026-09-10 08:21:19.96879
1551,302cb24f-759d-4485-b40b-0eb3ddd4a9c5,3234.80,success,2026-09-10 08:21:19.971038
1552,8260c102-c5ca-4220-b7de-5a3d52b8f660,5912.89,success,2026-09-10 08:21:19.973009
1553,aff77a9f-e3c9-44e6-956d-d2f19ff3122e,4707.31,success,2026-09-10 08:21:19.975239
1554,feb200a6-b58e-47e5-b229-4b7ea7f3ed7b,15892.75,success,2026-09-10 08:21:19.977366
1555,92c0454f-6850-4323-bf7c-471ae94254e1,1172.62,success,2026-09-10 08:21:19.979341
1556,e8ef3dfa-994f-4562-821a-140a381dcc6c,493.51,success,2026-09-10 08:21:19.981055
1557,5cb49c43-97ce-45e9-aa0c-78389a0e6363,12653.86,success,2026-09-10 08:21:19.983023
1558,1db98ec3-b1ef-4a2a-a5df-6f8d9ca95c76,14982.10,success,2026-09-10 08:21:19.985529
1559,e3d90220-5cb8-490e-8703-836c041e2c41,8485.25,success,2026-09-10 08:21:19.987524
1560,27bc458b-e95f-499f-9a14-94e84bba0538,12175.35,success,2026-09-10 08:21:19.989628
1561,97fb2c02-2562-4547-857c-4c01528b9fc4,13893.06,success,2026-09-10 08:21:19.991904
1562,6138d995-172e-400e-8621-d0b59465840b,11172.85,success,2026-09-10 08:21:19.993988
1563,727a130e-754b-4f2c-addd-110fff3ba664,14070.97,success,2026-09-10 08:21:19.995954
1564,3c708b7b-6300-41b0-b4d8-8d13b2a943cd,11739.04,success,2026-09-10 08:21:19.998115
1565,17ce23d9-e93a-46af-bf9f-7633d1394e86,16570.26,success,2026-09-10 08:21:19.999819
1566,d49ceb31-d804-42b0-8de3-058d3fec756f,14233.00,success,2026-09-10 08:21:20.001726
1567,b9cdb838-f351-4d48-b03b-e74555252c74,12117.70,success,2026-09-10 08:21:20.004665
1568,45723cff-258c-4660-9120-128f1522e5c9,12122.82,success,2026-09-10 08:21:20.006376
1569,1b456126-217b-4701-b571-ceaa6a7cdc88,18010.16,success,2026-09-10 08:21:20.008724
1570,050592b2-8264-4a92-9170-e9a8c6b98373,14256.22,success,2026-09-10 08:21:20.010416
1571,59badb13-8566-440c-b8f5-ed458e23a8b9,16833.64,success,2026-09-10 08:21:20.012309
1572,0d2f2114-97ad-47db-854a-948f74fda794,4991.74,success,2026-09-10 08:21:20.014271
1573,87541207-4a43-4366-9a96-c8eaba1cfba7,8577.64,success,2026-09-10 08:21:20.016578
1574,5ae81296-c0f3-402f-a745-af5dc36b6edf,9664.35,success,2026-09-10 08:21:20.018269
1575,8bc8dc48-fd3b-45ec-8929-1f57491c1c3b,4279.57,success,2026-09-10 08:21:20.019827
1576,c8af37a1-5000-4af3-aa6e-669a923e8a46,11282.72,success,2026-09-10 08:21:20.021268
1577,b282a940-0bda-4748-aba0-945cfaf6c906,18549.29,success,2026-09-10 08:21:20.023145
1578,7ce60f16-134f-4654-8d35-60848f5f06cf,12033.68,success,2026-09-10 08:21:20.025104
1579,30929fe7-f9ce-49ff-9603-8b2f38e438db,15630.90,success,2026-09-10 08:21:20.026676
1580,3cfaf8d2-6e5c-4db2-bda5-9d0ae5a5310d,9631.88,success,2026-09-10 08:21:20.028389
1581,27459353-1336-4984-9fd0-24c628b68c83,14965.94,success,2026-09-10 08:21:20.030315
1582,b7c192d8-ea11-403c-9434-fd3e8b0fdaf5,3544.02,success,2026-09-10 08:21:20.03208
1583,89354ee9-a5d5-4ae2-abaa-3410a9eccd5b,686.12,success,2026-09-10 08:21:20.03375
1584,e0f23d13-df37-4948-ac7a-e41cf4bf9a8b,1539.90,success,2026-09-10 08:21:20.035548
1585,c9468c8e-407f-4fd3-aa8c-75da8098a5e5,10579.39,success,2026-09-10 08:21:20.037218
1586,00d8624e-940b-4c9a-8e2a-2772732c8909,9139.78,success,2026-09-10 08:21:20.0388
1587,2af143c1-07ef-4871-8c9a-dcefe71acc64,19029.48,success,2026-09-10 08:21:20.040561
1588,20b5c662-93c0-4e70-998f-c7cb0d5c8007,15665.85,success,2026-09-10 08:21:20.042419
1589,35ccae04-388d-409f-95b5-64d7da69df43,7097.39,success,2026-09-10 08:21:20.044347
1590,cae4a440-f1e0-40ab-b2b8-5a0e7be1a0e0,16028.78,success,2026-09-10 08:21:20.046419
1591,c8f505f4-d496-45db-a1c7-97a966930bbe,7073.67,success,2026-09-10 08:21:20.048584
1592,f00d48d7-fa2a-48b2-8dff-74495a973b31,17579.69,success,2026-09-10 08:21:20.050526
1593,e65dfe59-a95e-4203-9056-14cf0e24f417,5611.98,success,2026-09-10 08:21:20.052565
1594,a1b2926e-3ad0-4d16-9046-0ecce8059a88,8219.29,success,2026-09-10 08:21:20.054528
1595,7ddf08fd-1b9d-4567-baad-1de575effd35,8749.89,success,2026-09-10 08:21:20.056735
1596,985e7b76-10e5-4aeb-a456-2f59b994257e,12911.30,success,2026-09-10 08:21:20.058784
1597,95e0353c-b1ac-4400-afea-51920eeff265,3677.95,success,2026-09-10 08:21:20.060551
1598,ad78b7cf-64e8-46df-a505-2aa279dc1889,5552.74,success,2026-09-10 08:21:20.062434
1599,bae9adf2-0862-4362-91c6-67d88a6205ad,11792.41,success,2026-09-10 08:21:20.064361
1600,1c380246-d6ef-45fa-9311-aef6048394d6,9644.17,success,2026-09-10 08:21:20.06645
1601,af1f1517-85b6-47fc-8dea-ad371d5032cc,18001.57,success,2026-09-10 08:21:20.068464
1602,63c048e2-aead-46ec-b523-f379018164a2,3054.94,success,2026-09-10 08:21:20.070386
1603,dba742fb-28cf-4033-b7c8-77bdb17204cc,3437.25,success,2026-09-10 08:21:20.072368
1604,50f1e24f-780a-4c3c-919e-2220f86c2a23,17415.06,success,2026-09-10 08:21:20.074492
1605,2d953cd7-3f7c-4b95-b53d-a8a8d26d2864,10215.09,success,2026-09-10 08:21:20.076394
1606,7b7512f4-af20-47a6-919d-87c0f8160d83,5509.44,success,2026-09-10 08:21:20.07867
1607,c3c38283-a962-45fe-87e4-75566833015b,3940.24,success,2026-09-10 08:21:20.080755
1608,57f714ec-5d03-475d-84a9-c05eb7920c6e,12034.11,success,2026-09-10 08:21:20.082697
1609,627f359f-ca71-462b-b6ae-6eb957981da1,133.01,success,2026-09-10 08:21:20.084538
1610,25a995fd-aea3-45e4-9b33-9adaf6390497,16548.74,success,2026-09-10 08:21:20.086194
1611,9ad2518f-a297-4000-830e-7fdd790a9991,5828.07,success,2026-09-10 08:21:20.08833
1612,f7eded21-4889-43cc-b36a-9ccde26965e3,7170.39,success,2026-09-10 08:21:20.09039
1613,24d12b0c-6a66-4ef9-bb1a-5daeae484012,10410.54,success,2026-09-10 08:21:20.092416
1614,9b8f8f72-cd38-41cf-8efe-0a56d7e9603f,17226.28,success,2026-09-10 08:21:20.094369
1615,7fba5544-93a0-4847-9638-717b27c13a78,15674.96,success,2026-09-10 08:21:20.096332
1616,9cdd828e-f0d3-455a-9afd-f94feb162e12,5180.32,success,2026-09-10 08:21:20.09841
1617,66ddd492-2080-4a04-af21-1862f5eaf5ec,17240.45,success,2026-09-10 08:21:20.100485
1618,2cfd6357-d684-428c-9b2c-ccb7767c208f,9704.54,success,2026-09-10 08:21:20.102549
1619,0b7a401f-0a95-4279-b3af-1dee9134de9b,6686.66,success,2026-09-10 08:21:20.104491
1620,06afea6d-851e-4811-9274-95e553209d5d,18565.91,success,2026-09-10 08:21:20.106545
1621,4a9335be-40c8-4ee7-8642-98e20051405e,14924.61,success,2026-09-10 08:21:20.10859
1622,5f2ffe34-09e4-48f7-94c0-0d480eabb309,10392.27,success,2026-09-10 08:21:20.110707
1623,6b355546-e41f-4c64-9cc7-0252846b40d5,11260.86,success,2026-09-10 08:21:20.112819
1624,902576fa-153b-40d5-adc5-d29315ffbdbe,11112.92,success,2026-09-10 08:21:20.114937
1625,96e36ca6-f17d-4f02-af88-a91b84ef4525,1624.73,success,2026-09-10 08:21:20.117067
1626,8246f062-a835-4489-bad9-2383e21e35b4,8177.42,success,2026-09-10 08:21:20.119305
1627,a4ca2462-65be-4938-a325-209a05e42649,12006.27,success,2026-09-10 08:21:20.121123
1628,2f8b3d77-6cf2-4708-a6fe-5e98ba00282d,212.12,success,2026-09-10 08:21:20.126577
1629,8afb9cad-8de3-4104-bc04-b3db1a91e231,1624.84,success,2026-09-10 08:21:20.129085
1630,d6a512ee-793b-4641-958c-d21e140a0a75,14871.17,success,2026-09-10 08:21:20.13107
1631,ee7f649e-e3cb-4abb-852a-ba0aba70da46,8601.59,success,2026-09-10 08:21:20.133059
1632,2f60f0cb-9f1d-4149-96e4-633740b4ae06,16542.69,success,2026-09-10 08:21:20.134925
1633,e28fd53a-71b5-49ed-bcb4-0b9011270840,17640.97,success,2026-09-10 08:21:20.13725
1634,aea5e44b-cfda-45f1-9733-bcaf00bc2a75,1923.70,success,2026-09-10 08:21:20.139156
1635,fbee2f68-6804-42f2-a420-f054c51d4333,19497.59,success,2026-09-10 08:21:20.14112
1636,8ec60c5b-185f-4a2e-b9bf-5380740ff513,2135.96,success,2026-09-10 08:21:20.142819
1637,8c741e39-3a45-4672-a6ae-ca6c51f451f0,15985.52,success,2026-09-10 08:21:20.144823
1638,163d7fb9-c87a-402f-8039-ba7efc15a13a,18321.79,success,2026-09-10 08:21:20.146767
1639,d147a661-42b3-42cc-8a07-cfb003f28462,15653.63,success,2026-09-10 08:21:20.148898
1640,e57c905f-813b-4ac2-aac4-ea977395bef6,551.41,success,2026-09-10 08:21:20.150777
1641,2516e9ae-77fc-4126-8637-12bda8881f89,18682.48,success,2026-09-10 08:21:20.152739
1642,cffec9aa-6462-46fd-8eff-dacd2a960838,125.90,success,2026-09-10 08:21:20.154436
1643,6fb5c39e-01bd-4027-9f84-0208c17ccb44,5707.45,success,2026-09-10 08:21:20.157522
1644,3eaf6ab5-b5ce-460e-8398-97a47a5dbd54,10946.86,success,2026-09-10 08:21:20.159612
1645,77c7c371-eb5d-4d23-a08d-ba98bae13ebc,16322.91,success,2026-09-10 08:21:20.161613
1646,b9d417c9-6ec4-4d36-a9ff-30706eb201e1,11885.79,success,2026-09-10 08:21:20.163607
1647,2743d089-2a72-4bf1-b92a-4deeed28c42f,1088.77,success,2026-09-10 08:21:20.165616
1648,0948b03c-a41e-4a3e-95c4-3629b1dabd86,4851.66,success,2026-09-10 08:21:20.167453
1649,0d1bc89e-1599-4407-a5a2-604270336fc5,17792.60,success,2026-09-10 08:21:20.169511
1650,8d737e46-2879-460c-98d5-ae5b9d64ec1f,1520.00,success,2026-09-10 08:21:20.171699
1651,caecc612-e645-4d24-8a37-656e2f715dc8,4489.12,success,2026-09-10 08:21:20.17384
1652,afd8c84c-733e-465a-8c44-6559eb5b96b4,14461.13,success,2026-09-10 08:21:20.175767
1653,fced1ac4-0add-44bc-9e2a-59fea42e2637,5511.16,success,2026-09-10 08:21:20.17779
1654,49e60025-c7b1-4b0f-902c-4de6bcf37f7d,489.83,success,2026-09-10 08:21:20.179785
1655,476459a0-eaf8-477c-b7fd-1acbe72fc98e,10641.31,success,2026-09-10 08:21:20.181673
1656,00921598-25f2-4a66-b47e-f2dfb79ae1c7,12045.87,success,2026-09-10 08:21:20.183851
1657,8c5ef0d2-1086-44b8-b310-b306a9e02859,1964.54,success,2026-09-10 08:21:20.185915
1658,953e30dc-419e-416b-a6c5-5f522eeda3f4,6472.37,success,2026-09-10 08:21:20.187635
1659,85b01a42-1289-4860-99a2-b9e8ba66e786,3816.21,success,2026-09-10 08:21:20.189577
1660,dc9d99d0-7d0d-45ec-8853-26668caf0c24,16991.14,success,2026-09-10 08:21:20.191677
1661,d34f10d1-08cc-49f8-a1f9-904a168a09e6,2031.18,success,2026-09-10 08:21:20.193573
1662,e2e6fe04-0542-4ffd-bc71-bfd2422f9ca2,10871.07,success,2026-09-10 08:21:20.195527
1663,2c69d9c3-460e-4c82-a5a1-847edb267637,140.86,success,2026-09-10 08:21:20.197455
1664,b862a1b9-a4eb-4494-9c23-682b31939c76,479.68,success,2026-09-10 08:21:20.19942
1665,6b01beae-b5a7-495b-8daa-cf5263520489,12489.50,success,2026-09-10 08:21:20.20137
1666,85b933b3-cb6b-4bab-9d24-a56af17940c9,14748.79,success,2026-09-10 08:21:20.203375
1667,691b7e8c-709e-4447-82aa-b000b4157b77,2973.00,success,2026-09-10 08:21:20.205283
1668,93d8b3da-2009-4483-81b6-5c1e4330cc98,8738.76,success,2026-09-10 08:21:20.207404
1669,d0367e37-211d-4a37-8a8b-6d9519090458,5228.49,success,2026-09-10 08:21:20.209381
1670,251c8962-80ad-4920-bf74-af84f5d62675,14469.51,success,2026-09-10 08:21:20.211326
1671,09b90cf6-b18d-41b2-bd79-38cae5a43869,417.31,success,2026-09-10 08:21:20.213322
1672,de93eb3e-f754-4907-a4ab-2f91ef3fe1a5,2227.90,success,2026-09-10 08:21:20.215459
1673,12787599-100d-4f7a-a889-40bebd2c3852,14564.83,success,2026-09-10 08:21:20.217374
1674,e9b8932e-8161-4711-9961-8bb5cb96f00f,15105.62,success,2026-09-10 08:21:20.219351
1675,29eedd36-382e-4302-a97a-d43f8f110629,1552.24,success,2026-09-10 08:21:20.221462
1676,4cb463e7-2e06-4a41-84ca-74d3014ee03c,15083.16,success,2026-09-10 08:21:20.22337
1677,c586bfb9-beea-4b5a-800b-0e59e8cd4d24,18154.13,success,2026-09-10 08:21:20.225333
1678,3f4e10d6-04c5-4cba-990f-341355b7ab05,479.33,success,2026-09-10 08:21:20.227421
1679,274fefbf-3181-4086-84e8-c548fefc487d,2161.12,success,2026-09-10 08:21:20.22924
1680,c22461c3-3e07-4cb4-b5e9-85c7bac585b3,5589.23,success,2026-09-10 08:21:20.231267
1681,9e1a08b1-cd8d-411f-8354-4b2cce4e400e,18995.70,success,2026-09-10 08:21:20.233471
1682,9382b542-a79c-4124-8ff4-3872389de06a,8528.72,success,2026-09-10 08:21:20.235275
1683,67494528-fde8-4757-b7dc-91140e248b59,18732.67,success,2026-09-10 08:21:20.237449
1684,0b537c59-17b5-42da-9775-c08f094ff95e,6990.36,success,2026-09-10 08:21:20.239455
1685,ea052072-8407-4c14-847b-eae97d4bc518,6735.51,success,2026-09-10 08:21:20.24154
1686,a416bfbe-ad22-4556-957f-3850bb60ccf1,507.53,success,2026-09-10 08:21:20.243322
1687,3e0c0fe7-790a-4e26-9736-61607ee32118,416.02,success,2026-09-10 08:21:20.245333
1688,3e0c0fe7-790a-4e26-9736-61607ee32118,416.02,success,2026-09-10 08:21:20.245333
1689,824c4868-b7e6-47ba-857c-0f7326000d7b,13042.68,success,2026-09-10 08:21:20.247508
1690,9a127831-faf0-4668-b5aa-b98638146fe2,10849.11,success,2026-09-10 08:21:20.249358
1691,cfe7afb1-4a02-49d8-a56d-f65069f63c1e,3682.85,success,2026-09-10 08:21:20.25137
1692,fa5c40ce-e516-4431-b8e7-6f53b4f289c5,11495.82,success,2026-09-10 08:21:20.253407
1693,5f117545-722a-4e58-b47c-41e060c66822,3401.05,success,2026-09-10 08:21:20.255334
1694,a43d4040-7a9f-4867-a8dc-8f08168011bf,5732.41,success,2026-09-10 08:21:20.257141
1695,9b00e199-5f9b-4ce7-850c-bac2f660d72e,18187.06,success,2026-09-10 08:21:20.259171
1696,23da80be-3465-4ff5-8f1f-8e0b2fa5de2d,6465.26,success,2026-09-10 08:21:20.26115
1697,563ce1a7-fc34-4a6a-b63c-ec46c9444660,1378.58,success,2026-09-10 08:21:20.263002
1698,b0439a00-714c-400a-8751-61a42ac5f474,2509.87,success,2026-09-10 08:21:20.264878
1699,89bb1f87-dbd4-4740-9856-60dbb0c56865,11684.11,success,2026-09-10 08:21:20.266872
1700,6c7867d0-dd7b-421b-9bbd-091e7a939dea,5764.02,success,2026-09-10 08:21:20.26882
1701,622abc9f-4035-422b-aad4-a87ab7464268,11616.18,success,2026-09-10 08:21:20.27093
1702,180d5c0d-2b6d-45df-9873-0cd147941bae,10215.09,success,2026-09-10 08:21:20.272846
1703,f8ffce2d-c542-4cc7-85b2-e6540858ec29,13932.61,success,2026-09-10 08:21:20.274917
1704,a0101c08-4be9-48d6-898c-0f2adc99c401,1894.83,success,2026-09-10 08:21:20.27712
1705,8cdd610e-a37b-420c-9027-b165213f20fe,7852.14,success,2026-09-10 08:21:20.279059
1706,8878d669-5192-476c-970a-37202b9ce71b,17102.26,success,2026-09-10 08:21:20.28103
1707,b595acf5-7911-4a5f-8d75-b5696fd90fee,3037.51,success,2026-09-10 08:21:20.283208
1708,42932663-5448-47ae-bfaf-9749a44e9601,13416.37,success,2026-09-10 08:21:20.285124
1709,0f22ce14-2b56-4ae1-9df2-c4b138cbc75e,14761.03,success,2026-09-10 08:21:20.287056
1710,b07de26e-61c0-4687-854a-ad823d6e10e1,12218.47,success,2026-09-10 08:21:20.288989
1711,d93424e6-b4cb-45eb-9a86-142cc78d6a49,19666.09,success,2026-09-10 08:21:20.291143
1712,8bcebba6-3ff5-4975-80de-202d73998e7c,19933.17,success,2026-09-10 08:21:20.293126
1713,621fdfbb-4a7e-47b4-8eae-289805713aed,1533.87,success,2026-09-10 08:21:20.295153
1714,a64560d3-aae4-414a-a058-088bc8badccd,12259.78,success,2026-09-10 08:21:20.296976
1715,dd76bb9b-d033-44fc-ba59-3484f484ecd9,14974.38,success,2026-09-10 08:21:20.298908
1716,ee89e945-1e0d-4940-a468-d8e701f2af97,3629.85,success,2026-09-10 08:21:20.301799
1717,8ab5e168-da3b-4b27-a6f8-189c1a1bd6ee,11866.99,success,2026-09-10 08:21:20.303681
1718,6a5f6922-359c-460d-89c1-62910456d3e9,10569.43,success,2026-09-10 08:21:20.305543
1719,7b71d781-b48f-448f-b6e6-e9e986c9c41a,10702.77,success,2026-09-10 08:21:20.307473
1720,b591ad2b-beb0-4e06-8627-15972bcc52f6,10609.77,success,2026-09-10 08:21:20.309263
1721,16c77ae5-1ed6-4f15-a4e0-d32020ffbc06,3000.82,success,2026-09-10 08:21:20.311276
1722,09696562-fd28-49de-8fdd-40199028aeb3,7816.95,success,2026-09-10 08:21:20.313261
1723,7b6cba54-0603-4c29-9fdb-6f759bb857a2,15454.35,success,2026-09-10 08:21:20.315118
1724,1c407326-a978-4ead-9f02-e6e720211ec4,15501.50,success,2026-09-10 08:21:20.317261
1725,c14fa777-683c-4542-803b-22838c9c1b70,9977.92,success,2026-09-10 08:21:20.319399
1726,96d4b4c8-5c38-462e-bca7-eedf3007c6e4,18183.36,success,2026-09-10 08:21:20.321353
1727,43bcc068-0888-4fe1-b855-ddee67f77d4f,7509.28,success,2026-09-10 08:21:20.323385
1728,4da8c90f-df1e-4400-96f4-a5ab439250c8,8164.53,success,2026-09-10 08:21:20.326643
1729,9951ee9f-8642-47e2-bd6b-4fdc4058c52f,12633.36,success,2026-09-10 08:21:20.328461
1730,4ec3129d-0a1f-45aa-aa0f-8fec0fe9e66f,14995.48,success,2026-09-10 08:21:20.330338
1731,495ff24a-9b8a-4ea2-af8f-b5e446a655aa,5029.88,success,2026-09-10 08:21:20.332065
1732,062c4238-60fa-40ec-bab2-8546fe9f7b2f,18330.52,success,2026-09-10 08:21:20.334108
1733,28d4b9ae-9cf2-492c-981c-4810e9bc93aa,16165.58,success,2026-09-10 08:21:20.336078
1734,f74d6e41-939e-4322-b0c5-0863afd39a8f,4122.44,success,2026-09-10 08:21:20.338129
1735,424450fc-cc88-41b4-ab8a-02a858edad99,12939.78,success,2026-09-10 08:21:20.340184
1736,41056cc0-fe0d-43f8-b234-dfa4de0d3062,14948.27,success,2026-09-10 08:21:20.34204
1737,c09e2276-98ff-4548-9b77-fd99f9baa5bd,13198.01,success,2026-09-10 08:21:20.344228
1738,08aa1c5c-d0a9-4e1a-ab4d-cfaef245280e,16152.67,success,2026-09-10 08:21:20.345967
1739,52780936-661f-418a-a943-1677230d9517,2644.03,success,2026-09-10 08:21:20.347812
1740,05d84d60-0b33-4d23-b00a-3058f1bc9552,15824.62,success,2026-09-10 08:21:20.349812
1741,cd963f0e-c4c5-4a15-9921-a68492c7d212,4858.28,success,2026-09-10 08:21:20.35193
1742,620f6e21-7908-4b70-84f9-800d962ed03c,17530.42,success,2026-09-10 08:21:20.354163
1743,9185da2e-7678-4b44-bc35-00bc22f02ab1,14336.04,success,2026-09-10 08:21:20.356126
1744,9d6016dc-0750-42c0-b004-3bb8de8bffdf,14335.21,success,2026-09-10 08:21:20.358359
1745,bbfb93ae-8dff-4ec2-b33c-fc6b780649a6,18577.77,success,2026-09-10 08:21:20.360347
1746,e1fa5b94-904d-48a9-a21d-dcc9c1dadf56,15690.71,success,2026-09-10 08:21:20.362469
1747,e1fa5b94-904d-48a9-a21d-dcc9c1dadf56,15690.71,success,2026-09-10 08:21:20.362469
1748,fd180af6-31e1-4835-8448-92821525f7eb,17294.36,success,2026-09-10 08:21:20.364627
1749,e162f95a-c0eb-4f9e-8aea-a63f053bfa9e,12346.68,success,2026-09-10 08:21:20.366573
1750,e162f95a-c0eb-4f9e-8aea-a63f053bfa9e,12346.68,success,2026-09-10 08:21:20.366573
1751,edbcfe24-3834-49ab-96e4-c858ea135b1a,2258.80,success,2026-09-10 08:21:20.368794
1752,7d42019f-9b48-40ab-9169-79af97edc2d3,8218.46,success,2026-09-10 08:21:20.370735
1753,7271646f-2053-45dd-8a3c-b80d73b176d8,794.48,success,2026-09-10 08:21:20.372616
1754,bb785020-89d4-49a9-a074-cbc31a4f2789,5001.68,success,2026-09-10 08:21:20.374727
1755,2ddd5133-32d3-4b85-bac0-9ee4a53a70b9,18438.52,success,2026-09-10 08:21:20.376788
1756,e6b48c9b-bb88-462d-89d3-fcd58ab96ffc,12876.44,success,2026-09-10 08:21:20.378751
1757,2bcccee8-26c5-44a5-9e51-4968a4cb8390,3398.22,success,2026-09-10 08:21:20.380904
1758,25580025-3a7d-4312-9137-97d80283ed76,5484.63,success,2026-09-10 08:21:20.382673
1759,c1e30f04-f7c7-4247-a3a5-b8245f9310ad,1037.09,success,2026-09-10 08:21:20.384575
1760,cb47f874-1bb9-41e1-ac56-4977c994bca7,17017.02,success,2026-09-10 08:21:20.386468
1761,6df8085d-a804-480f-8987-7d9b9bd104ad,17965.73,success,2026-09-10 08:21:20.388305
1762,5c974f70-94b9-44ae-9463-3ab0426dba14,13804.63,success,2026-09-10 08:21:20.390372
1763,9007db02-9fdd-461f-b6bb-41d35be5c759,2303.43,success,2026-09-10 08:21:20.392174
1764,8a509f8f-52ea-4116-ad74-797265d3461b,5008.51,success,2026-09-10 08:21:20.394995
1765,12e7345f-cd2b-4ce9-9e73-85f1e8918247,1579.24,success,2026-09-10 08:21:20.397065
1766,6f7ef728-cd0d-4ddd-a364-8e3247da45ec,6892.03,success,2026-09-10 08:21:20.398942
1767,931272bf-e16c-4f6b-986d-1af0ef1651f1,4038.38,success,2026-09-10 08:21:20.401032
1768,27894a5f-56ee-4d91-a02a-3f6eb820b776,13986.23,success,2026-09-10 08:21:20.403134
1769,d00f072c-fcc6-4ffc-bed1-281d8c3da871,1376.95,success,2026-09-10 08:21:20.405097
1770,a7a05398-0c61-48f7-869b-1dc01256cc64,14631.94,success,2026-09-10 08:21:20.408022
1771,1ea0cc86-e692-4c62-92b0-930a49d085f4,19466.68,success,2026-09-10 08:21:20.409888
1772,cd92353c-5be1-4329-91dd-e8def8526d81,858.01,success,2026-09-10 08:21:20.411702
1773,acb266da-69b7-4148-8ef8-399290452ec1,1699.92,success,2026-09-10 08:21:20.413639
1774,287c2113-b2da-4484-82ab-75f9b2be096a,16997.43,success,2026-09-10 08:21:20.415574
1775,f2926003-190c-41de-8cfe-7e522780cfb3,7690.25,success,2026-09-10 08:21:20.41734
1776,f22ba5d2-8844-4aa0-8b19-d6bc87201bfd,2611.22,success,2026-09-10 08:21:20.419339
1777,6ecebd6a-6cfd-4190-9fe5-8a36e7a2ed1f,13925.63,success,2026-09-10 08:21:20.421305
1778,fc431c20-84cf-4e59-a250-ee28a3862d72,7459.99,success,2026-09-10 08:21:20.423323
1779,1a0fa54c-a7f2-45ef-b3d3-8abffd16cd43,11856.17,success,2026-09-10 08:21:20.42531
1780,3679ec5f-426c-4907-a364-39489b053fba,3368.24,success,2026-09-10 08:21:20.427344
1781,af09187e-5152-4514-bedf-cd3793bd0059,7546.14,success,2026-09-10 08:21:20.429409
1782,5278d872-5939-4727-aaff-46dd3c2a654c,8581.75,success,2026-09-10 08:21:20.431423
1783,aa9a60ec-3a3b-427d-b788-138dc140ea79,10609.76,success,2026-09-10 08:21:20.433488
1784,29c9e1cf-2f65-4b04-a79f-ed293a10f960,6140.58,success,2026-09-10 08:21:20.435379
1785,43250421-2591-40fc-be9e-fafe66723361,12368.27,success,2026-09-10 08:21:20.4374
1786,8094f9aa-5c96-4339-bebe-59b7f00a428c,11433.58,success,2026-09-10 08:21:20.439538
1787,87d1594f-a3c8-4cfb-a6e0-1c2334aade41,13519.92,success,2026-09-10 08:21:20.441625
1788,d3d0e447-02f2-486e-969f-7918672cdc8d,3158.49,success,2026-09-10 08:21:20.443613
1789,02ddbecb-0e4b-406c-b1a5-a8af633830ff,12433.53,success,2026-09-10 08:21:20.445614
1790,47bd0388-f915-4fc8-bd82-a1df6fbc7fe2,5555.57,success,2026-09-10 08:21:20.44769
1791,4af1c222-4dcd-4f0f-9b4e-4b119452bd2e,9684.96,success,2026-09-10 08:21:20.449779
1792,14150a67-6fc6-40d5-937b-30335acb9fca,125.52,success,2026-09-10 08:21:20.45179
1793,628d6abf-0a27-4104-81c6-7c901d27afe4,14425.73,success,2026-09-10 08:21:20.453806
1794,45e20fb7-4f56-4d27-a9e3-2052db44357e,19366.38,success,2026-09-10 08:21:20.4559
1795,b6a0eee0-316d-472a-be51-8b5cca1e85ca,18193.85,success,2026-09-10 08:21:20.457872
1796,28060e96-7e0d-4bb7-9c87-b9e20563673f,16209.47,success,2026-09-10 08:21:20.459929
1797,15176007-a1fd-4642-ba80-fbc7cc2c8405,12934.63,success,2026-09-10 08:21:20.461974
1798,5202e860-643b-42fd-9425-e660478d300c,9119.31,success,2026-09-10 08:21:20.464108
1799,9a5688ff-8076-48f9-98b4-8f76ad5aa8d1,1246.10,success,2026-09-10 08:21:20.466216
1800,4e78efae-c5b3-444d-933c-ce5865ce4ef4,10243.84,success,2026-09-10 08:21:20.468264
1801,74026951-aa5b-4ee4-b0ad-119a17ba4e9a,4146.88,success,2026-09-10 08:21:20.470318
1802,7d3a137c-898b-4a80-a931-3c39e8701b69,11356.15,success,2026-09-10 08:21:20.472428
1803,6b38ebea-c0bf-4e3a-8ad5-3e114791bf3e,9637.93,success,2026-09-10 08:21:20.47449
1804,8f2bf484-b42c-4165-8c12-cd817c6420d0,15029.83,success,2026-09-10 08:21:20.476461
1805,2865863e-d775-4301-ab0c-dfac5329d3a8,12823.90,success,2026-09-10 08:21:20.478538
1806,d2b502db-e8a6-4cf3-8107-3278eea85c55,14600.93,success,2026-09-10 08:21:20.480585
1807,ce83f465-7689-4fb2-b990-8b7e2443be1d,5114.64,success,2026-09-10 08:21:20.482632
1808,a3de01a7-95a7-49ad-a036-5140f7de15fb,13797.52,success,2026-09-10 08:21:20.484762
1809,9edb32be-8fe9-42fd-94b6-13ee4ef04010,14532.44,success,2026-09-10 08:21:20.486739
1810,b6b28cb4-e683-4bc9-bf67-bdd11bd49457,6082.37,success,2026-09-10 08:21:20.488686
1811,5324ffd7-e2e5-4c3d-8176-959caace8bc5,19955.73,success,2026-09-10 08:21:20.490755
1812,31532175-7f08-417f-ba6c-473e0e278214,8645.86,success,2026-09-10 08:21:20.49301
1813,77dae156-35f7-4109-acc1-a4f10f7b5d08,19143.39,success,2026-09-10 08:21:20.495298
1814,0a467dd9-27ba-4a16-b996-5ed5cf94a010,3062.62,success,2026-09-10 08:21:20.497217
1815,3c5cdbf1-ffc2-4e3e-b5d5-3579c9719fe3,2068.72,success,2026-09-10 08:21:20.499412
1816,081d9a78-80cc-4bc1-85bb-f6ceadb1f67b,592.20,success,2026-09-10 08:21:20.501484
1817,b3f3733b-2939-47b7-a318-c73e83b3715a,13241.33,success,2026-09-10 08:21:20.503518
1818,df0fda3c-74f1-4c64-9e59-28a742844348,2415.00,success,2026-09-10 08:21:20.505399
1819,a5ac2e1e-538c-4b8a-8a70-e16db930cded,16085.59,success,2026-09-10 08:21:20.507297
1820,10cf36d6-2452-4030-aca2-8e502d3084cc,9380.07,success,2026-09-10 08:21:20.509083
1821,5accd34a-6e5d-4f4b-bb6d-fbe9c67ac281,7352.32,success,2026-09-10 08:21:20.512029
1822,59411f04-6303-48ac-b32e-9b6dd00fc513,12936.10,success,2026-09-10 08:21:20.513978
1823,837890af-93a6-48f8-b10f-254d5655d5e1,11013.32,success,2026-09-10 08:21:20.516159
1824,c7309fb7-5e3b-4822-bcd6-5fee0269a009,2695.49,success,2026-09-10 08:21:20.518089
1825,301c4c25-601e-4106-afec-73b29836ae0d,1001.60,success,2026-09-10 08:21:20.520068
1826,96dce439-4e72-4e66-a66b-405a74f5665d,12902.50,success,2026-09-10 08:21:20.522019
1827,2fd39b7d-cfe9-4d4e-8311-399024b6ec08,2004.81,success,2026-09-10 08:21:20.524038
1828,2fd39b7d-cfe9-4d4e-8311-399024b6ec08,2004.81,success,2026-09-10 08:21:20.524038
1829,3e81627d-8939-4a77-a650-cd1ac6a77da4,1103.51,success,2026-09-10 08:21:20.526132
1830,3d77428f-9008-4d1c-886f-1c80705dc44d,3258.29,success,2026-09-10 08:21:20.528145
1831,85cd194d-be04-4fca-aa02-97134491692b,6816.91,success,2026-09-10 08:21:20.530167
1832,6267e731-b56f-4fa7-9914-e4697d22dbd7,9264.55,success,2026-09-10 08:21:20.532282
1833,b2ffe28c-a4d7-44d5-9d3e-b35b06f1c8d7,2350.41,success,2026-09-10 08:21:20.534216
1834,96689491-fed3-480b-aed3-7bab19ad967b,15641.15,success,2026-09-10 08:21:20.536223
1835,516f494c-f378-4bca-abd3-6216a74954b3,10053.46,success,2026-09-10 08:21:20.538079
1836,467dc877-4898-4335-8688-3c6884445a95,18935.14,success,2026-09-10 08:21:20.540293
1837,719a4756-1f75-4b31-9f0b-01dbf894fdf0,9441.10,success,2026-09-10 08:21:20.542329
1838,5a3221d4-72fa-450e-ba2b-ff18fc58d84c,7487.72,success,2026-09-10 08:21:20.54428
1839,e5486070-f685-4602-bdf9-ce3706302351,1152.66,success,2026-09-10 08:21:20.546073
1840,0993f5c5-e3d4-4ef0-88ee-f09b2fe50bde,10362.65,success,2026-09-10 08:21:20.547933
1841,9433ba6d-3cc3-4b6d-8df0-92acec6ca384,13477.27,success,2026-09-10 08:21:20.550089
1842,8f62206f-ea89-44cd-ba33-2f68ded38e4d,14429.42,success,2026-09-10 08:21:20.55195
1843,d8c470f5-9884-4c66-a231-ccd002beed67,18936.95,success,2026-09-10 08:21:20.553747
1844,14dd0973-7024-449f-8dc4-897aa1c08b96,10567.15,success,2026-09-10 08:21:20.555837
1845,2a512769-f326-4666-85cb-46a94508a704,1136.42,success,2026-09-10 08:21:20.557759
1846,c6a7a03b-5d3c-4596-876d-a2727444e2d4,14323.85,success,2026-09-10 08:21:20.55966
1847,fd0ef66a-2816-4048-a73c-da692fe3dd90,8939.48,success,2026-09-10 08:21:20.561563
1848,fd0ef66a-2816-4048-a73c-da692fe3dd90,8939.48,success,2026-09-10 08:21:20.561563
1849,f40ec104-a778-4cae-98b7-2a6937de5cac,10853.54,success,2026-09-10 08:21:20.56404
1850,1e2327ad-d605-481d-8a0c-b48f1ecd3c7f,8039.66,success,2026-09-10 08:21:20.566132
1851,9c806afc-780c-4678-aece-a5142078b0e7,11541.32,success,2026-09-10 08:21:20.567904
1852,21eb5a32-f8cc-46bc-9262-69b2e6dc74c3,15702.96,success,2026-09-10 08:21:20.570148
1853,26959994-f688-4b3e-9eab-432c72f303a4,11082.27,success,2026-09-10 08:21:20.572112
1854,20388f2a-28c3-450c-98cb-d47102d2f245,17301.66,success,2026-09-10 08:21:20.574186
1855,b7936f25-e314-4053-823d-4f208bc2b7c6,11782.35,success,2026-09-10 08:21:20.57613
1856,c50c2835-a39a-4364-809a-9a9abb4bab03,11098.53,success,2026-09-10 08:21:20.57814
1857,52d0af34-31d9-4405-81e5-89c70178cd38,1460.40,success,2026-09-10 08:21:20.579923
1858,0e18ac2a-0cfe-4740-82f8-f8dc621ca5f2,19311.54,success,2026-09-10 08:21:20.581923
1859,54603355-caff-45b8-a3a2-e8c3d4180a6e,14708.90,success,2026-09-10 08:21:20.583732
1860,304174b7-b0ad-4449-b2de-72c0a06f0da1,10931.94,success,2026-09-10 08:21:20.585652
1861,aff25a58-0991-421d-8129-4e28222cf99f,10209.31,success,2026-09-10 08:21:20.58742
1862,8acb6334-fcb6-47fb-9600-8c7d8113f529,4642.35,success,2026-09-10 08:21:20.589382
1863,427c678e-abf3-4bf2-b5ec-838c1330d68a,13956.96,success,2026-09-10 08:21:20.591434
1864,2651fb1f-7c2f-46c7-a9aa-206413df1f8d,19342.48,success,2026-09-10 08:21:20.593815
1865,34389343-fadd-4bc8-918d-aebdbb03c9b2,12976.91,success,2026-09-10 08:21:20.59575
1866,c272f228-cd9b-42af-8c34-1279cc04d083,4059.13,success,2026-09-10 08:21:20.597571
1867,a1c89c97-fd87-4f24-8128-4206f63ab3e9,1373.99,success,2026-09-10 08:21:20.599446
1868,489d8a5f-95a4-4ad0-99b0-56654db069a6,14474.28,success,2026-09-10 08:21:20.601911
1869,aeade782-190d-40a8-8735-552786094f8a,19141.80,success,2026-09-10 08:21:20.604014
1870,95a76079-a3cc-45be-9eb5-82abb0d56eac,3361.99,success,2026-09-10 08:21:20.606244
1871,2c23c1dd-ca29-484d-97f2-b6a7c3a8ab19,7571.52,success,2026-09-10 08:21:20.607814
1872,44ce8d50-f60e-4384-86d6-2bef1d4db53f,11281.70,success,2026-09-10 08:21:20.609435
1873,57e87199-da21-4453-856e-bff0405dbcb0,4583.98,success,2026-09-10 08:21:20.611168
1874,602a2455-5c0d-4c77-82be-71cd690e2a3f,10394.61,success,2026-09-10 08:21:20.613027
1875,7b124e49-2745-4a78-9d3b-cb378a2986b6,17854.05,success,2026-09-10 08:21:20.614487
1876,5792b350-2b8c-4a51-9cbb-fc19f359b5cd,14141.50,success,2026-09-10 08:21:20.616593
1877,501ecd2e-4a4a-403a-b363-383fff2df808,10846.22,success,2026-09-10 08:21:20.61818
1878,f8b23086-fd50-4fd0-8e9a-81374a8e1976,9580.88,success,2026-09-10 08:21:20.620827
1879,ee152b18-0d96-45e7-8124-267d8c1f1f33,10270.19,success,2026-09-10 08:21:20.622448
1880,c17870e9-3cb0-4872-9801-e61940694787,1611.66,success,2026-09-10 08:21:20.624299
1881,0f29fac5-3cc3-4e15-899a-a94fc467c61c,2736.83,success,2026-09-10 08:21:20.626293
1882,ff994659-f050-4e84-af11-f51b13b11bc2,11227.27,success,2026-09-10 08:21:20.628211
1883,c1823f9f-004e-4c7e-a1fd-cb5454aee583,15444.60,success,2026-09-10 08:21:20.630059
1884,98980fbb-128f-4037-8b85-62cb5de1cfdd,11865.70,success,2026-09-10 08:21:20.631992
1885,5b3c5b33-54eb-4325-a209-05c839d5f987,7312.73,success,2026-09-10 08:21:20.633995
1886,68887340-a935-4a91-b94c-35cc7c2bed0e,8896.43,success,2026-09-10 08:21:20.636042
1887,68f22f3a-4ac4-4deb-9a9d-4f9c1149c100,3104.65,success,2026-09-10 08:21:20.637978
1888,0c94a539-6bb8-44ea-8cdc-76edf3215487,3847.29,success,2026-09-10 08:21:20.639918
1889,3331fa07-50a4-4306-8f82-efdc29839594,15071.87,success,2026-09-10 08:21:20.641955
1890,c0bf2601-c1ca-4698-9f22-7ce637fede31,13075.06,success,2026-09-10 08:21:20.644023
1891,63e9cab8-12eb-4c01-ac83-cdc1d85f7ea5,16765.43,success,2026-09-10 08:21:20.647218
1892,bc05389b-8eba-4e63-ad8c-e0a6d0467a30,17821.78,success,2026-09-10 08:21:20.649406
1893,c416ada2-d94f-4872-a66b-08d05d265f8e,19754.58,success,2026-09-10 08:21:20.651429
1894,365058f5-f4fc-4247-bab6-933815c32b99,12837.71,success,2026-09-10 08:21:20.653491
1895,431e362b-d174-4901-9cf3-ffe536bdb452,11086.90,success,2026-09-10 08:21:20.655542
1896,b9d15091-d34d-4436-bc0c-8bf49ead2ab8,18296.39,success,2026-09-10 08:21:20.657632
1897,0a9ec8df-5219-4377-800c-0db8bea9b7d3,2335.83,success,2026-09-10 08:21:20.659663
1898,f3cc9235-b6a4-4335-bf9e-f5267a8f8ef1,6502.06,success,2026-09-10 08:21:20.661869
1899,703a26e2-b5d1-45fe-a6b4-8d0fd907f82f,7778.73,success,2026-09-10 08:21:20.664039
1900,e637b54f-862a-45be-a95f-73d01e47afed,16653.89,success,2026-09-10 08:21:20.666069
1901,e637b54f-862a-45be-a95f-73d01e47afed,16653.89,success,2026-09-10 08:21:20.666069
1902,3bb59295-9c93-4c60-bdf9-966cf3a8b2ff,3249.60,success,2026-09-10 08:21:20.668428
1903,26700078-7cb3-495b-93ac-9e0217202dc1,5303.01,success,2026-09-10 08:21:20.67054
1904,8a78f528-6719-475b-81d9-44231a254d77,12535.65,success,2026-09-10 08:21:20.672543
1905,045b105d-2861-4a97-bdd1-b78f06433b0e,14951.39,success,2026-09-10 08:21:20.674554
1906,5a459c5a-6cdc-4863-a0c7-545b9f69968f,10235.88,success,2026-09-10 08:21:20.676533
1907,2a2849c7-9fb6-41db-914b-e524442b3a2a,9292.76,success,2026-09-10 08:21:20.678665
1908,a81a7153-735e-4854-9d2e-f839cd7934fc,6261.00,success,2026-09-10 08:21:20.680623
1909,fd30b721-4130-4a7b-85fe-e1606daac0b3,19279.02,success,2026-09-10 08:21:20.682725
1910,10880d45-aa29-449c-91f8-41ebb2380052,4149.50,success,2026-09-10 08:21:20.684783
1911,05004a25-2e8c-4007-bafa-e564c1e002ad,1535.23,success,2026-09-10 08:21:20.686763
1912,49357a97-ded0-486c-9281-b0076fdd0fd7,997.74,success,2026-09-10 08:21:20.688722
1913,39e9ef41-1031-4f4b-b165-2a19c75a2b15,9773.76,success,2026-09-10 08:21:20.690775
1914,79dfde88-1160-4c8c-b006-bb71c65e681b,17222.57,success,2026-09-10 08:21:20.692913
1915,7ed1480f-6a87-433e-9637-8d8c54101222,11918.64,success,2026-09-10 08:21:20.695
1916,1ad40c32-e16c-4499-9eeb-56b248429d4f,2238.79,success,2026-09-10 08:21:20.6971
1917,1411d2b7-2c0e-4054-9a40-3438622d5f8a,4553.65,success,2026-09-10 08:21:20.699139
1918,6e95621d-b4db-4dca-b26c-afd14ed19762,4513.70,success,2026-09-10 08:21:20.701165
1919,579605b6-bfef-4d59-b779-dbdabc6f90f6,15236.92,success,2026-09-10 08:21:20.703069
1920,308549fd-993b-4f90-bcb7-a585d6c16d03,17907.76,success,2026-09-10 08:21:20.705029
1921,5feed8bf-b1eb-478c-9170-1d06b0593921,7851.02,success,2026-09-10 08:21:20.706921
1922,0f204485-f72e-44d3-84bc-2a796418e934,3773.43,success,2026-09-10 08:21:20.708958
1923,57f8fb85-b1d7-4599-9c43-0335c28ee226,668.46,success,2026-09-10 08:21:20.711002
1924,465ab6c6-dc3e-44f0-8281-e3c40642f26f,8862.20,success,2026-09-10 08:21:20.713018
1925,156b32cd-8787-4522-a0f8-592a5b066805,15467.90,success,2026-09-10 08:21:20.714984
1926,b4c74fcc-e48f-4d5c-9b7c-8378e7dcd0de,10423.86,success,2026-09-10 08:21:20.717138
1927,4dc7f006-b1cb-4969-bc5a-ab11ae863027,18863.40,success,2026-09-10 08:21:20.719106
1928,f03277ab-895f-4be4-a0a9-8b9bdd230666,11568.61,success,2026-09-10 08:21:20.721029
1929,68f19f1d-1749-4c95-abc3-404bae687441,11212.77,success,2026-09-10 08:21:20.723095
1930,e9340996-6254-4029-81aa-7cedc44a2600,6720.35,success,2026-09-10 08:21:20.725071
1931,ce174aa9-a6fc-422c-905d-77c53a1f53f7,15314.42,success,2026-09-10 08:21:20.727122
1932,b17f8950-c8f1-431c-943b-b859e7b64508,12670.24,success,2026-09-10 08:21:20.72904
1933,a9370982-64dc-42cf-9211-b6dc764af66b,6407.87,success,2026-09-10 08:21:20.731084
1934,aa8be660-2f56-4202-aee9-5778c6f6bce5,4547.51,success,2026-09-10 08:21:20.733008
1935,fffbd98e-05a8-4d32-bd90-c817f3bf3d85,6152.09,success,2026-09-10 08:21:20.735084
1936,fec60187-974c-4a04-8712-e2fc4e9b09ed,13077.51,success,2026-09-10 08:21:20.736809
1937,42532f6c-6f6a-4329-8b6f-d739c02dd6a0,3044.11,success,2026-09-10 08:21:20.738979
1938,0df6918b-cc16-4207-a784-745338b92277,4021.20,success,2026-09-10 08:21:20.741056
1939,dc201bf1-24a1-4d8a-9772-1332d3eddbcc,19979.36,success,2026-09-10 08:21:20.743036
1940,77e159b2-e641-4ad0-92fb-e63bc5822a74,13935.17,success,2026-09-10 08:21:20.745119
1941,6a47b00f-1df7-4057-9762-4cac126e5da7,11179.36,success,2026-09-10 08:21:20.746902
1942,e710d260-621b-4cb7-9d58-36f6e2cb7381,6456.32,success,2026-09-10 08:21:20.749084
1943,b470e5ec-b0bc-4717-bbf1-f2a306f104e6,10769.20,success,2026-09-10 08:21:20.751142
1944,93dab145-46e7-4c65-8c8e-ae1060df7f83,12443.28,success,2026-09-10 08:21:20.753172
1945,30d559f6-24df-4767-874d-cc89ff4ca51f,10617.15,success,2026-09-10 08:21:20.755207
1946,0f7b228c-ee18-4100-9739-e33bc941451c,1942.38,success,2026-09-10 08:21:20.757208
1947,454afb17-40a4-41cd-acb5-25358ef14a2b,10932.25,success,2026-09-10 08:21:20.759303
1948,491c785d-b6a5-4c17-b103-645ef0817abb,2716.60,success,2026-09-10 08:21:20.761334
1949,8e2393ea-6a85-4be0-b31b-1c1bd06a2274,107.01,success,2026-09-10 08:21:20.763287
1950,3892c493-9cca-4f1f-a581-7b21ca818d12,10292.81,success,2026-09-10 08:21:20.765318
1951,2eccd324-8a0b-4ce1-abe8-170f4959798f,9129.83,success,2026-09-10 08:21:20.767274
1952,1282f95a-c78c-4e09-ad40-236e01a0e2f8,3411.50,success,2026-09-10 08:21:20.769876
1953,71339f53-6f50-43de-b689-bd0217b18917,12480.18,success,2026-09-10 08:21:20.771917
1954,4dfd09a8-945c-4a30-bfe5-0a737214dfee,8128.52,success,2026-09-10 08:21:20.774088
1955,fc7d02f6-6d88-4054-beaf-f187149df328,5772.20,success,2026-09-10 08:21:20.776082
1956,aebfacea-52bf-4ff4-8f9c-1df9451e031d,19892.75,success,2026-09-10 08:21:20.778211
1957,0c8bae0a-e98a-4a6a-bb09-71a50dba3c81,17366.31,success,2026-09-10 08:21:20.78058
1958,770c65e0-d7cd-4443-af27-331b3f45dfbe,1787.40,success,2026-09-10 08:21:20.782511
1959,f16b4f2a-9b5c-441a-9b17-b413b1bede51,6625.06,success,2026-09-10 08:21:20.784538
1960,315e244f-3f46-474b-95e4-e32061d67982,2772.21,success,2026-09-10 08:21:20.786332
1961,757eaa8b-f49c-4f6c-8ff6-e917d2658c29,13215.37,success,2026-09-10 08:21:20.788251
1962,e85d1b83-936d-49f3-9f6f-223237603858,16892.60,success,2026-09-10 08:21:20.790209
1963,5d8a2179-ad2d-42b2-9c0c-46032397d86f,13385.15,success,2026-09-10 08:21:20.792129
1964,60bc4a06-2fad-44bf-b650-ca42b4ab8bfe,19219.16,success,2026-09-10 08:21:20.794053
1965,f4c1fb03-f5de-47ec-8f4c-e56f9af15540,2052.12,success,2026-09-10 08:21:20.796176
1966,21279293-48e5-45ce-ae56-4dbe9f85bb66,11558.82,success,2026-09-10 08:21:20.797981
1967,45574d21-21b2-4475-be23-47ebad4e7c00,12489.92,success,2026-09-10 08:21:20.801063
1968,214ce27d-ad86-432e-b6e8-86e9e8103b40,5435.73,success,2026-09-10 08:21:20.802981
1969,9b99cff6-9327-44bf-898a-ef9d3ac27d85,10885.43,success,2026-09-10 08:21:20.805193
1970,8e215ab2-3a4b-4c2c-bfff-7531bd7cb261,14739.84,success,2026-09-10 08:21:20.807187
1971,9d67b7c4-7fbc-4580-a5ba-81ab7de6d430,11225.29,success,2026-09-10 08:21:20.809215
1972,0511824f-fe88-4d77-8751-0e869194ae6a,14313.06,success,2026-09-10 08:21:20.811052
1973,5a56ccec-cfe8-40c1-8064-8295fb9febc6,6183.53,success,2026-09-10 08:21:20.812923
1974,0a04b1d1-89ec-4557-a410-b339160b0dcc,1350.19,success,2026-09-10 08:21:20.815007
1975,acf886af-ab4f-44b8-acf4-45330cd449d9,771.14,success,2026-09-10 08:21:20.81729
1976,a9662e4f-df4f-4a2b-833d-d10e8a83b63c,19613.84,success,2026-09-10 08:21:20.819094
1977,ff2cdfa3-3ad3-41d5-b702-2efd6d510e30,16195.67,success,2026-09-10 08:21:20.821169
1978,a68002b5-bfc4-452f-8623-3bad2c35fd5a,16163.66,success,2026-09-10 08:21:20.823123
1979,6c9ec0e5-a58d-4c0b-9868-3caefac3c23a,11510.50,success,2026-09-10 08:21:20.824989
1980,d7b3921f-2356-433b-9217-ec9d129ca343,15889.19,success,2026-09-10 08:21:20.827202
1981,fecae4ff-7792-40ab-bb54-aa9d26fbcea4,13868.26,success,2026-09-10 08:21:20.829015
1982,23ca5595-3d3f-4517-8f72-8f2f32ec22bc,7709.47,success,2026-09-10 08:21:20.830921
1983,b289d8b4-8a29-4eec-a98b-42187ea49381,4838.11,success,2026-09-10 08:21:20.832761
1984,13bb75e5-f1d5-4e86-9f39-01969808456e,18759.28,success,2026-09-10 08:21:20.834743
1985,5d88c52d-5a79-4a3e-a9a5-fa4baa8cb57e,3150.20,success,2026-09-10 08:21:20.836632
1986,178062d4-c9f1-40ff-b559-d8cc16c55953,11171.79,success,2026-09-10 08:21:20.838391
1987,f08418e9-869d-48d5-9690-efafadae2e2e,2756.20,success,2026-09-10 08:21:20.840212
1988,461e76b7-3724-4098-8c99-0782766f0774,14469.20,success,2026-09-10 08:21:20.842206
1989,1f892153-27bd-4f27-9f08-038c251a7f39,9500.73,success,2026-09-10 08:21:20.844109
1990,783dea66-5358-4857-8154-936cf5b4a7e0,6587.00,success,2026-09-10 08:21:20.846266
1991,783dea66-5358-4857-8154-936cf5b4a7e0,6587.00,success,2026-09-10 08:21:20.846266
1992,f5ea9287-dedd-4076-b747-c30185163080,4308.53,success,2026-09-10 08:21:20.848615
1993,6364be4d-c3c0-4650-8886-0d5b66d367aa,12855.88,success,2026-09-10 08:21:20.850609
1994,5bcb260b-6c5c-47c3-b25b-5de03873c928,19969.30,success,2026-09-10 08:21:20.852824
1995,74216cdf-060a-4bd3-bae5-bca9c0cba83d,19925.68,success,2026-09-10 08:21:20.854798
1996,6c3aef9d-11f1-4cca-a263-a7efffc4d0ae,8484.69,success,2026-09-10 08:21:20.856693
1997,bf9606ee-09f3-4577-9d3e-47f7482851c7,9528.90,success,2026-09-10 08:21:20.858496
1998,28360b51-18ce-4b07-96db-b732243f0620,10341.78,success,2026-09-10 08:21:20.860451
1999,0b0d81e3-f88b-4a6e-9836-3eaa07b135b4,1961.02,success,2026-09-10 08:21:20.86238
2000,41cb8ce4-bd02-4e87-964f-d9e26469b484,5608.22,success,2026-09-10 08:21:20.864271
2001,5fb1924f-7f31-4b57-b6f9-37ad58d06a22,4799.02,success,2026-09-10 08:21:20.866244
2002,eac8ef0f-25d0-46ae-8e61-fb669f7dc08f,6943.14,success,2026-09-10 08:21:20.868483
2003,916dbae3-204b-45af-b16e-9e1c82005f19,10966.56,success,2026-09-10 08:21:20.870347
2004,a4e24ca3-989a-4e06-961b-e3e69c544c1b,8786.06,success,2026-09-10 08:21:20.872222
2005,635682b1-7680-45bf-9e97-6c0f625c2160,9945.30,success,2026-09-10 08:21:20.874232
2006,ef1e4ad0-8c4f-4aaa-b01e-7fc39517ef9d,9011.90,success,2026-09-10 08:21:20.876085
2007,454088a9-36ea-4cb1-896d-d611bc82df02,14243.81,success,2026-09-10 08:21:20.877944
2008,c1c4b0c7-4c16-4317-b66f-5d828fede3ec,9268.61,success,2026-09-10 08:21:20.879738
2009,f5ccd021-e67e-467f-97ca-158ae48ae5a8,7132.02,success,2026-09-10 08:21:20.881529
2010,72e17967-ab5f-4308-8317-470f1f541ea5,17304.35,success,2026-09-10 08:21:20.884188
2011,f6029e0f-2f66-4f97-ab88-a19e29e30166,1324.31,success,2026-09-10 08:21:20.886353
2012,ac9601ae-933d-4ff1-b41c-373aff464e65,11588.14,success,2026-09-10 08:21:20.888303
2013,ac9601ae-933d-4ff1-b41c-373aff464e65,11588.14,success,2026-09-10 08:21:20.888303
2014,5b1a8a9e-6a63-40b4-9143-2de52665cf63,3342.55,success,2026-09-10 08:21:20.890902
2015,5b1a8a9e-6a63-40b4-9143-2de52665cf63,3342.55,success,2026-09-10 08:21:20.890902
2016,957af8ab-1192-4bb7-95cb-e60a82c3d30d,7135.51,success,2026-09-10 08:21:20.893239
2017,b030c074-2519-4b21-919a-160b3ad7abd5,1899.51,success,2026-09-10 08:21:20.895415
2018,06334964-f871-4285-90b7-2c825e415a6f,19959.57,success,2026-09-10 08:21:20.898514
2019,9cf31e50-37c9-4500-82bb-62026143a3ec,19737.56,success,2026-09-10 08:21:20.900445
2020,2f0b5d24-af51-4db0-914d-cb8cd475a9b0,450.14,success,2026-09-10 08:21:20.902443
2021,f68e8097-8021-4437-892c-c8a115b80e61,51.13,success,2026-09-10 08:21:20.904259
2022,33673433-b8cf-446d-a431-d9649b2898b3,17747.35,success,2026-09-10 08:21:20.906193
2023,24a372db-c975-45c7-944a-71b6104f5a17,5971.30,success,2026-09-10 08:21:20.908276
2024,249c9e9f-d4c5-44f6-ac39-902d7bd865ef,11913.44,success,2026-09-10 08:21:20.910248
2025,88d14782-625a-41c9-9de3-b76d375e1382,12212.56,success,2026-09-10 08:21:20.912199
2026,8b9725c9-ef81-48ca-a413-d1f79b4cfe6c,16397.22,success,2026-09-10 08:21:20.914206
2027,3fd8d244-5739-4e35-ad78-44b62fbb7493,6227.76,success,2026-09-10 08:21:20.916248
2028,349040be-691a-4156-b083-202efa970c51,10698.87,success,2026-09-10 08:21:20.918324
2029,e14c557d-04e1-4621-b457-b510eb1cca06,13484.87,success,2026-09-10 08:21:20.920407
2030,717268ff-a2c0-407a-961a-47528f422225,9315.09,success,2026-09-10 08:21:20.922168
2031,b2bcaa17-cc00-4169-95c4-7e0bef2dc868,17534.48,success,2026-09-10 08:21:20.924211
2032,390b059b-3883-4b4c-b5b8-433aa4b07ec9,15422.21,success,2026-09-10 08:21:20.92622
2033,18199698-6d90-44b5-8826-56e3cc406679,1201.69,success,2026-09-10 08:21:20.928253
2034,1c5e9e22-b50c-4e9e-896e-fd28c36e2ab8,4070.08,success,2026-09-10 08:21:20.930342
2035,11d654a2-fb1c-4674-af9a-61dc4bd0feae,13122.79,success,2026-09-10 08:21:20.932416
2036,6085c955-29d6-4755-8d8f-beaf1ebcdb96,6768.02,success,2026-09-10 08:21:20.934467
2037,9457f436-21f4-419a-90cd-50d534ef22b2,11178.29,success,2026-09-10 08:21:20.936441
2038,b805cab9-03d2-4c6a-9cb3-b25c96d994ec,10980.38,success,2026-09-10 08:21:20.938292
2039,f593e80e-6ff6-4259-b4bc-0cacf581fd04,7918.22,success,2026-09-10 08:21:20.940244
2040,0742bff0-1bf9-4941-a6be-dc14b20222d9,7872.97,success,2026-09-10 08:21:20.942296
2041,10b80813-5c84-4f4f-90a0-358a3a88e22b,5491.88,success,2026-09-10 08:21:20.944119
2042,1d5cdaa4-1a1a-45e8-bfad-491e49b42958,4246.45,success,2026-09-10 08:21:20.946253
2043,7a2fa1ed-e8f1-4e6a-8bf9-f76452afc5be,1108.93,success,2026-09-10 08:21:20.948241
2044,0ed2ebde-abb0-4f72-b854-a438ec45ca0c,14550.93,success,2026-09-10 08:21:20.950277
2045,0ed2ebde-abb0-4f72-b854-a438ec45ca0c,14550.93,success,2026-09-10 08:21:20.950277
2046,c4be4516-d73a-47f2-ba6b-fc00f775b620,2162.43,success,2026-09-10 08:21:20.952817
2047,43f231db-3f61-4a3f-959e-b7696dc7dfc2,19339.97,success,2026-09-10 08:21:20.954829
2048,f5a8cd33-824b-4bbd-bf83-02e352a8c945,10437.92,success,2026-09-10 08:21:20.956875
2049,01d1d7a0-9506-4a9e-b53c-aab3cfe6f887,1155.55,success,2026-09-10 08:21:20.958927
2050,c3b41219-27ca-43c7-9553-d741e1aaafee,13884.48,success,2026-09-10 08:21:20.960907
2051,665fe025-6910-49c4-a4ca-7e3eb0a1f7b8,8852.39,success,2026-09-10 08:21:20.963344
2052,e2238afc-504e-484f-af90-4023868aced3,10116.07,success,2026-09-10 08:21:20.965353
2053,4baba027-0bd5-4cfc-a4f8-d357fd8b894e,279.04,success,2026-09-10 08:21:20.967167
2054,74af777c-3e1c-429f-94e2-5e2c81448c54,9856.21,success,2026-09-10 08:21:20.969093
2055,91f4bb68-bcd6-40ba-84c8-9ed6eab8df68,9213.52,success,2026-09-10 08:21:20.970951
2056,61d32c10-1862-4cd4-ac9c-0e6b92f0d494,4159.51,success,2026-09-10 08:21:20.973093
2057,0d746b8c-49f6-4a4c-b0ee-2a554efd643b,8683.63,success,2026-09-10 08:21:20.974891
2058,a32a1e19-e5b8-4ee7-a827-5d0f954b4b50,14093.18,success,2026-09-10 08:21:20.978076
2059,f35a5735-857f-4a3f-b430-f87b32a5fb32,18049.50,success,2026-09-10 08:21:20.979824
2060,69fd6553-68e6-4156-a873-41166148080b,11441.11,success,2026-09-10 08:21:20.981775
2061,6d813b45-b18d-450f-9dd3-18fd381ebf2a,7737.05,success,2026-09-10 08:21:20.983709
2062,ac36dd0a-d8e0-4596-879c-dcd70095044d,14015.67,success,2026-09-10 08:21:20.985521
2063,a300fa68-dd38-46c3-95dd-87bf02cb45a8,15824.57,success,2026-09-10 08:21:20.987457
2064,0688d341-81ea-403d-b31a-69aa7f5fcc71,10734.09,success,2026-09-10 08:21:20.989356
2065,f8ab2a1b-5e7a-44c2-b026-53f3d4ec459c,2945.14,success,2026-09-10 08:21:20.991209
2066,95e73e47-a39e-43cc-bb8c-725868374ae1,9905.27,success,2026-09-10 08:21:20.993121
2067,aab39fdb-e172-4cde-b263-01d5a5e2b577,7126.71,success,2026-09-10 08:21:20.995115
2068,28ca7780-e161-4266-b94b-817a63a3e6c2,1871.05,success,2026-09-10 08:21:20.996994
2069,b52ac7c2-9974-4831-b51f-2ffb36eed47e,10121.76,success,2026-09-10 08:21:20.999085
2070,0fdbfd9d-87e4-4ac5-b094-f0d417dc9de8,13800.14,success,2026-09-10 08:21:21.000748
2071,dad9aa8a-15d2-4f04-9781-44cdc9fcf533,15708.29,success,2026-09-10 08:21:21.002765
2072,620c2e5a-d785-445a-9bc9-8400138bd109,17241.73,success,2026-09-10 08:21:21.004598
2073,7c35f2b0-2336-49bd-aad0-6f7df94f268c,19654.26,success,2026-09-10 08:21:21.006366
2074,9f957483-5d46-440e-9413-9ece3de8f1d0,6044.24,success,2026-09-10 08:21:21.008321
2075,3586fdab-f7fa-4d05-94a5-c1ced889001c,10429.80,success,2026-09-10 08:21:21.010303
2076,c5573a32-8f34-4bf8-82d7-65469997e51d,16551.76,success,2026-09-10 08:21:21.012316
2077,b3ec33ef-c22e-4b60-b174-e3a7af301b9d,1538.82,success,2026-09-10 08:21:21.014377
2078,0e9842df-c93c-4794-9459-0be1e72482d3,10665.10,success,2026-09-10 08:21:21.016327
2079,88a0cc52-7fa4-4142-ae5a-804e4f7ba711,15275.68,success,2026-09-10 08:21:21.018338
2080,186c0228-b173-40e2-b80d-c6e716158750,15633.75,success,2026-09-10 08:21:21.020221
2081,8c19b613-2dc5-4b77-81cd-e648929eddd7,2670.02,success,2026-09-10 08:21:21.022086
2082,94a96ea8-1806-45f2-982f-01ff11f46492,10482.87,success,2026-09-10 08:21:21.024051
2083,8eb39432-1679-4fcf-a234-58336085a933,19286.47,success,2026-09-10 08:21:21.026095
2084,1cf805dd-b19a-4208-a2bb-3bfb0f9536a5,6464.23,success,2026-09-10 08:21:21.028262
2085,fc40dd1a-7911-459e-95a6-1bc70e7062d9,6573.40,success,2026-09-10 08:21:21.030218
2086,98bf69bb-c597-4a72-8147-a0d1d0a58126,17607.54,success,2026-09-10 08:21:21.032102
2087,4e2619ec-c8f0-4124-9091-366754dd0f2d,4988.24,success,2026-09-10 08:21:21.034185
2088,44680adc-b805-4366-b97f-1cdc4752b80f,11861.16,success,2026-09-10 08:21:21.035904
2089,1ba9babe-faea-49c7-9bab-832bc53ac617,10620.54,success,2026-09-10 08:21:21.03793
2090,be9dcc04-728a-4925-9217-06f86a16e67e,15201.39,success,2026-09-10 08:21:21.040068
2091,358563e8-7802-4a33-a86c-953aee9baa24,12660.20,success,2026-09-10 08:21:21.041794
2092,c3a97e18-1455-49b3-9e27-2d75ee96c4cc,11649.29,success,2026-09-10 08:21:21.043722
2093,d67de5bd-b140-4611-804e-ee1cbd8fdbc4,4044.45,success,2026-09-10 08:21:21.045711
2094,d320ded8-93bf-4c88-ab83-d33749dd8131,1487.88,success,2026-09-10 08:21:21.04769
2095,72bf15f5-9b74-4c87-8aa5-1da87bee5140,5036.99,success,2026-09-10 08:21:21.049549
2096,62a701e0-994e-44fc-bc10-57398a04ed3b,8944.77,success,2026-09-10 08:21:21.051415
2097,8722ea0b-bcc9-4912-896c-e0b0872bcd38,10607.24,success,2026-09-10 08:21:21.053417
2098,24f369a6-0748-4685-8ab1-024af578452f,8582.68,success,2026-09-10 08:21:21.05532
2099,b47309f2-86ad-4baa-acd4-5af5196c9bdd,15721.45,success,2026-09-10 08:21:21.057352
2100,df54ab1b-d01a-4899-80ec-eda6bee11974,12347.66,success,2026-09-10 08:21:21.059067
2101,d3f1a33e-d570-4bab-87ef-cd5d1e4a616e,5433.10,success,2026-09-10 08:21:21.061193
2102,8f359833-ddd0-404a-b8f6-81b756ab83f5,3806.87,success,2026-09-10 08:21:21.063005
2103,130709ad-06d9-4ec4-9736-cf83e7164895,18219.03,success,2026-09-10 08:21:21.064824
2104,655410e6-5e3f-492f-bb1f-33b2c20df629,9257.83,success,2026-09-10 08:21:21.066711
2105,adedb4dd-557b-487e-a7b7-9dd5d00bd0a1,18714.21,success,2026-09-10 08:21:21.068775
2106,a0840af5-fb7d-4b32-8904-843438453003,8956.41,success,2026-09-10 08:21:21.070818
2107,0a3378cf-d35d-462a-87c9-303dce95b896,9179.50,success,2026-09-10 08:21:21.072598
2108,17ecb017-819d-42cf-8fcb-6bb483267afe,5194.83,success,2026-09-10 08:21:21.074525
2109,48ed1649-162c-427e-9fa4-8757562f930e,6826.99,success,2026-09-10 08:21:21.076428
2110,9237a60a-0d5b-4e91-83a3-9a603404774d,12899.39,success,2026-09-10 08:21:21.078325
2111,4a417def-c3c5-4849-9406-013385e1f38e,12385.41,success,2026-09-10 08:21:21.080405
2112,5a4f32b3-ab7d-4c5e-a009-c5ec298ebdfc,14065.14,success,2026-09-10 08:21:21.082279
2113,1a640a6f-1fe6-4f47-bda0-4baf75f7e96d,197.71,success,2026-09-10 08:21:21.08418
2114,4e46cbf7-bd32-4412-a09e-580f94256673,14279.62,success,2026-09-10 08:21:21.086148
2115,ca4573da-6c47-4186-806f-e1fd330ca6ad,17652.03,success,2026-09-10 08:21:21.0881
2116,20b9da54-d9b5-4cac-82da-3449afb01f1c,7095.05,success,2026-09-10 08:21:21.090177
2117,17fdc2c7-749f-4728-8d29-02eacf7aed9b,7144.91,success,2026-09-10 08:21:21.092176
2118,1f79f7cd-d58b-49f6-adbf-47a7c27c2c37,5906.90,success,2026-09-10 08:21:21.094049
2119,6aace97a-c690-427f-9663-46b798be8124,6912.20,success,2026-09-10 08:21:21.096243
2120,71ff9518-085a-43fc-bc08-ccb6a9d244c6,6755.19,success,2026-09-10 08:21:21.098159
2121,5beefd93-0117-4a74-814c-6ce6f49dae54,6526.44,success,2026-09-10 08:21:21.100293
2122,979a7fcf-37b8-4d4c-b0ce-44d8e90cb68f,8748.18,success,2026-09-10 08:21:21.102249
2123,d7f53e84-372d-4b06-84e2-29f35ceb77ad,4947.25,success,2026-09-10 08:21:21.104122
2124,b118e0d8-126f-4f53-87eb-8c98ba55fcea,5163.53,success,2026-09-10 08:21:21.106198
2125,e06ebf4c-5a2c-40b2-b85e-a4565d97470b,2479.56,success,2026-09-10 08:21:21.108345
2126,0f29c1bb-15e8-4021-ab28-6eb57e37e3ae,15558.29,success,2026-09-10 08:21:21.110261
2127,46b1f215-476e-48a9-9c65-2695e69e4f73,16154.87,success,2026-09-10 08:21:21.112353
2128,a6dabb5c-0138-44c1-8d6a-1ee9ccd865f6,10893.46,success,2026-09-10 08:21:21.114101
2129,892a70e4-6cf8-4dd5-b8de-1ad4c2234663,3247.57,success,2026-09-10 08:21:21.116236
2130,1a6017ca-658d-4907-9e47-321c798daa6a,5534.54,success,2026-09-10 08:21:21.117986
2131,7f2ea0c8-a99d-44e9-9003-0ab66bd46e53,14068.41,success,2026-09-10 08:21:21.120052
2132,53987f31-ff8c-4740-b714-0e89cacabeb5,6936.16,success,2026-09-10 08:21:21.122126
2133,1b3315f2-beea-4a7b-82e3-6fbacd70818c,11949.35,success,2026-09-10 08:21:21.124274
2134,2f1db753-d9b7-4a54-9665-c0486c53c967,3725.90,success,2026-09-10 08:21:21.126541
2135,0b4b316e-bafe-4c51-ac1e-3b20ed0b0ebd,3660.85,success,2026-09-10 08:21:21.128678
2136,6d01e1c4-8c9d-4cb1-97b1-c718c1ff80c3,904.93,success,2026-09-10 08:21:21.130523
2137,dcbe2f15-9b17-40ad-a7ff-9342a893740b,14498.13,success,2026-09-10 08:21:21.132485
2138,e7cbd3a4-49ef-40f8-8677-260f79b45020,6172.71,success,2026-09-10 08:21:21.134584
2139,ff5da066-9b7c-4bb6-bfa5-e317d311a50c,4728.32,success,2026-09-10 08:21:21.136554
2140,6eee5a8a-7839-4fa0-a197-0316f035ab48,10560.08,success,2026-09-10 08:21:21.138289
2141,337d184c-5f27-44ff-9b6f-f124a2f7dad1,17972.63,success,2026-09-10 08:21:21.139788
2142,c6bfaf83-b47a-43f2-a5a1-2884dfd68781,12481.11,success,2026-09-10 08:21:21.142177
2143,170e5863-51f7-4fdd-bb4c-755c513a595d,7241.07,success,2026-09-10 08:21:21.144118
2144,865153c4-9a9f-4208-aa30-e8b6269df49f,7091.73,success,2026-09-10 08:21:21.14621
2145,fd921cc1-3859-463e-a706-5ae670005f5b,7586.14,success,2026-09-10 08:21:21.147745
2146,81dda211-7861-4263-a99a-a5e6e12816ed,1670.23,success,2026-09-10 08:21:21.149676
2147,191d800b-bec8-4e5f-a799-b36e59144fca,10159.63,success,2026-09-10 08:21:21.151672
2148,302b4492-6c8d-401c-8514-4f9d43507988,5468.67,success,2026-09-10 08:21:21.153566
2149,e9d2beff-fae8-4051-9c70-6fb90198f625,18994.78,success,2026-09-10 08:21:21.155734
2150,b14c1f39-c971-4d1f-9fdd-9ec64253f1eb,4438.08,success,2026-09-10 08:21:21.157749
2151,3b3e78fc-73c8-475f-8197-2ebb0db0dad3,2382.69,success,2026-09-10 08:21:21.159579
2152,86355791-b34d-4b6c-9d53-da4fe1856915,453.10,success,2026-09-10 08:21:21.161404
2153,ec7cc631-436d-4591-9a9a-68efc8975f85,9210.31,success,2026-09-10 08:21:21.1633
2154,c13e39d3-637f-4e66-97db-437353fab833,19375.47,success,2026-09-10 08:21:21.165265
2155,2f9a75f9-6ebb-4894-b557-ceb2cd642597,5652.65,success,2026-09-10 08:21:21.167212
2156,fa49f181-a8d1-4efe-b095-cbdd597f6a1f,9242.40,success,2026-09-10 08:21:21.169138
2157,dc05ef7e-2f9e-4d78-865b-3c7c16324191,11356.12,success,2026-09-10 08:21:21.171259
2158,dfff557d-d6ec-4146-b7b4-ab0a0b222438,14075.60,success,2026-09-10 08:21:21.173261
2159,053dba49-395e-4dcd-ab26-8ca7707d1822,8455.73,success,2026-09-10 08:21:21.175357
2160,4c450ac8-59bd-4da1-a98d-a2f258ad5f92,7626.86,success,2026-09-10 08:21:21.177209
2161,eeb31e94-bde4-4ecb-a45b-515d38f53d84,2865.82,success,2026-09-10 08:21:21.179231
2162,7294380f-7619-424d-bb34-fcc275b142ff,10982.98,success,2026-09-10 08:21:21.181049
2163,234a3711-50ed-4726-b95f-5cd780968df1,10177.57,success,2026-09-10 08:21:21.182948
2164,bfe40d85-8ee0-4f85-99df-86323e53415c,9687.85,success,2026-09-10 08:21:21.184946
2165,a54ea2d6-6760-4931-98c4-d0c9719cbee4,1534.39,success,2026-09-10 08:21:21.18695
2166,c36898f0-d1ec-4580-bdbc-edb4b9530517,158.89,success,2026-09-10 08:21:21.188989
2167,84a3d9ef-d489-4bcf-a8aa-b22d60fc3a39,15210.40,success,2026-09-10 08:21:21.190956
2168,c96c55db-aa26-4c8e-97c0-1ffabc5897af,1533.86,success,2026-09-10 08:21:21.192798
2169,88ba5cb3-fcd1-4579-8ca1-649bcc9d3168,6868.52,success,2026-09-10 08:21:21.194832
2170,33a8d37b-f4e5-4bb0-81a0-0ff8fa3828a7,3259.26,success,2026-09-10 08:21:21.196723
2171,c4f8d44a-77ee-4db5-988f-44a1c07cd36a,14160.91,success,2026-09-10 08:21:21.198545
2172,14b7a989-7034-454b-b22e-344db9ba62c0,1652.10,success,2026-09-10 08:21:21.200493
2173,e8c074b6-7d9e-45bc-a576-e8e65d60b680,18605.85,success,2026-09-10 08:21:21.202429
2174,9610295e-af75-44c9-a7e8-33eea4adc3d2,9260.18,success,2026-09-10 08:21:21.204422
2175,63d3a8a5-9cc9-4585-bafd-4df30916931e,7026.82,success,2026-09-10 08:21:21.206567
2176,b98d3561-3a65-419c-af90-6fb9b44b3863,15128.00,success,2026-09-10 08:21:21.208473
2177,68983052-397d-4e53-80cd-d75e45099111,13895.11,success,2026-09-10 08:21:21.210566
2178,76c6f4ec-9577-4496-bf9c-cf3d44636ea0,16242.41,success,2026-09-10 08:21:21.212537
2179,2c783bb5-71a2-46f9-bb05-840c2c6f9d16,155.26,success,2026-09-10 08:21:21.214446
2180,4363af90-c5e4-45ba-8ae4-00535dd54cbf,3366.06,success,2026-09-10 08:21:21.216372
2181,ddf54704-ddb2-4612-a9fa-49d1dd34a587,1160.11,success,2026-09-10 08:21:21.218468
2182,5ab26496-36b8-4384-82bd-e026ae384dfb,11469.39,success,2026-09-10 08:21:21.22048
2183,85676dba-5853-4507-96a5-6af9be75a076,12249.85,success,2026-09-10 08:21:21.222411
2184,f96cb02c-e835-467f-a236-4a5e62a22fc7,18361.59,success,2026-09-10 08:21:21.224402
2185,8ccb2254-f180-401e-936c-ba2b0fb855e5,13425.65,success,2026-09-10 08:21:21.226346
2186,ea7d20cc-3054-4319-9063-59e30018372a,11743.94,success,2026-09-10 08:21:21.228275
2187,947a8bf5-61fa-4053-8326-ca29658f2c95,5685.21,success,2026-09-10 08:21:21.230299
2188,25ef0c2d-bac3-4f38-bc14-7f30b1a3e8cb,2153.56,success,2026-09-10 08:21:21.232368
2189,e252e2de-9fc7-4392-9474-6bc70478dddb,13082.59,success,2026-09-10 08:21:21.234395
2190,e252e2de-9fc7-4392-9474-6bc70478dddb,13082.59,success,2026-09-10 08:21:21.234395
2191,c5a3c541-2c2e-4a2f-abff-f7c2b9fedf7d,6283.04,success,2026-09-10 08:21:21.236745
2192,120a4108-eef4-468d-9fd1-1ca8d5fb95b7,735.97,success,2026-09-10 08:21:21.238786
2193,0a13c428-29bf-4db3-8dc5-6abec25cd5ba,8829.40,success,2026-09-10 08:21:21.24068
2194,23a47d60-8ef2-421a-b032-5c5f60f96f00,15932.59,success,2026-09-10 08:21:21.242585
2195,8829d7a9-b111-42ae-9320-af94fb18a6f4,9231.40,success,2026-09-10 08:21:21.244471
2196,7a62447f-7a82-45d3-953b-19e99b36d96e,459.21,success,2026-09-10 08:21:21.246311
2197,8e86aa3d-0b3c-4be5-b8d8-0442653c1fbe,14387.30,success,2026-09-10 08:21:21.248504
2198,a4bf927d-1e56-4fc6-9ea8-d9f2cfe24d8a,18658.23,success,2026-09-10 08:21:21.250542
2199,ced46cfd-3869-4f29-8c06-f0856dabd6aa,16251.17,success,2026-09-10 08:21:21.252473
2200,f83a6a9f-c9c3-419c-b642-f190fcf4f673,6206.30,success,2026-09-10 08:21:21.254348
2201,5598f1f4-3446-4ad0-811e-c18ef79eb390,219.84,success,2026-09-10 08:21:21.256156
2202,74958887-91b6-4fcd-9f39-091a55043a73,15495.77,success,2026-09-10 08:21:21.2581
2203,be7201fd-cf33-47cb-b6ec-3973e2f5d3bd,726.70,success,2026-09-10 08:21:21.260061
2204,d83374cc-b13a-4d1f-9e22-3a239c2240f1,2170.07,success,2026-09-10 08:21:21.262051
2205,9622c47e-9932-44c8-8a5b-471070662313,17281.19,success,2026-09-10 08:21:21.263951
2206,9971615f-e035-471c-9f6f-e1f1d417987b,17396.35,success,2026-09-10 08:21:21.265864
2207,c1a4b38b-b6cb-42b7-ba13-ccc28382fd85,19546.98,success,2026-09-10 08:21:21.267673
2208,9e1e7fd7-3254-48fd-a9be-c46abd6fd2e8,10220.14,success,2026-09-10 08:21:21.269731
2209,02c2be34-f33b-476f-9745-586464a2ceb1,16933.42,success,2026-09-10 08:21:21.271647
2210,0c19768e-9f25-4daf-acbb-9dd73f23353a,17027.59,success,2026-09-10 08:21:21.273764
2211,1b8aba5d-d8a6-4e8a-96fa-c8ac69d43991,1104.26,success,2026-09-10 08:21:21.275705
2212,3b7fe73d-08a9-4513-9fa3-327aee1c2492,7634.09,success,2026-09-10 08:21:21.277715
2213,f78c1310-d421-45ad-b298-0814596a4ccd,4287.00,success,2026-09-10 08:21:21.279658
2214,10f74201-ac8f-4b6e-9b75-06fa9f08aa54,11986.48,success,2026-09-10 08:21:21.281759
2215,f216b68f-9fcf-487c-bda2-948f5443296f,14063.62,success,2026-09-10 08:21:21.283646
2216,3db87146-7b4d-4cca-9d2a-a07da94bdecd,13521.64,success,2026-09-10 08:21:21.285564
2217,8c5eb159-26c2-4df0-9c75-f6319b6445f7,5950.13,success,2026-09-10 08:21:21.28759
2218,369ae9b0-72a0-489b-bad8-a9a5c8e3ac23,16979.31,success,2026-09-10 08:21:21.289631
2219,04938f87-f2e7-4826-b657-08bfdf323308,15625.41,success,2026-09-10 08:21:21.291514
2220,0b4cf814-b1c6-429f-8442-87ed69562979,10600.31,success,2026-09-10 08:21:21.293293
2221,02d8f20d-9092-4dd4-82e8-1c8d1f71270a,17061.82,success,2026-09-10 08:21:21.295349
2222,ac63ca54-f3a4-4e5d-9cec-d300540da476,4571.38,success,2026-09-10 08:21:21.29731
2223,ac63ca54-f3a4-4e5d-9cec-d300540da476,4571.38,success,2026-09-10 08:21:21.29731
2224,caf15567-814a-49a8-b420-f62727bc1da8,11046.62,success,2026-09-10 08:21:21.299526
2225,f4a11ba1-15a8-4fb2-8f07-3408f45a2f25,2950.74,success,2026-09-10 08:21:21.301297
2226,3c7e0dfa-d1be-4d30-9c72-b55636339ab8,8687.94,success,2026-09-10 08:21:21.303334
2227,9cbe89a0-f07e-4733-84e9-5e14c404e5f4,8870.93,success,2026-09-10 08:21:21.305238
2228,b8b8d3b7-21f6-433b-8669-21c72c9c99df,11617.03,success,2026-09-10 08:21:21.307029
2229,4adc31d2-24b8-43fe-915b-81c50c12c031,3383.61,success,2026-09-10 08:21:21.308989
2230,f3a8c97d-d4d1-4d9b-8cca-9ff0dbe7204d,14884.59,success,2026-09-10 08:21:21.311061
2231,7ac1e395-e2d5-4fa5-9256-48768dc7066f,8986.04,success,2026-09-10 08:21:21.312869
2232,772d0827-c6da-4de6-9b28-739595e75037,9209.38,success,2026-09-10 08:21:21.314928
2233,e5e00af4-b6ea-423d-9627-6fb448d553c7,12093.87,success,2026-09-10 08:21:21.31701
2234,c75d084e-942e-44c2-8506-29ccdf39d46a,13160.86,success,2026-09-10 08:21:21.318939
2235,098a17dc-8e36-411f-b0a7-181ca816bc80,2249.69,success,2026-09-10 08:21:21.320788
2236,de3cee91-50f0-4adf-9183-5a4b3e9177dc,14657.72,success,2026-09-10 08:21:21.322741
2237,bae1b75f-004c-4700-a698-89b52a482ee1,7144.23,success,2026-09-10 08:21:21.324725
2238,af801238-f94a-4a67-b673-66cc920420d0,12113.84,success,2026-09-10 08:21:21.326457
2239,1f218e12-7024-4c27-92a5-5d8e77829bc8,16124.96,success,2026-09-10 08:21:21.328585
2240,224db80e-7055-45e8-9441-6dd995844ad2,237.06,success,2026-09-10 08:21:21.330456
2241,224db80e-7055-45e8-9441-6dd995844ad2,237.06,success,2026-09-10 08:21:21.330456
2242,1b73c56e-44ee-4207-b371-a60c9e052f84,15033.53,success,2026-09-10 08:21:21.332777
2243,5d2f3020-2407-4f4e-acce-3f84c12d28f8,8297.92,success,2026-09-10 08:21:21.334726
2244,a5ae167e-f3e0-4123-8491-d23ea3ce8d00,17061.05,success,2026-09-10 08:21:21.336745
2245,7afcae9c-6155-40d5-9b38-31acd88de868,425.38,success,2026-09-10 08:21:21.338664
2246,7f98fa39-cc40-43c5-9a2d-7993ff657786,8698.38,success,2026-09-10 08:21:21.340769
2247,90b3300e-74cc-4d42-8185-03f9092e8bc3,18292.44,success,2026-09-10 08:21:21.342816
2248,0ee130fe-7eb2-40eb-8adc-852da5c84c61,2908.42,success,2026-09-10 08:21:21.344824
2249,c25f3854-2d8e-43da-9378-178be1be006f,19620.20,success,2026-09-10 08:21:21.346794
2250,01ec70fd-73c9-494d-bfca-43878442a46a,10707.88,success,2026-09-10 08:21:21.348801
2251,71f1ee05-8398-4178-bda6-47990f508fad,9701.43,success,2026-09-10 08:21:21.350699
2252,a1bc1ad2-a955-49a3-95d3-48595c239791,16624.26,success,2026-09-10 08:21:21.352656
2253,f91fb35e-456a-49aa-8bce-5c4a299d58df,2412.75,success,2026-09-10 08:21:21.354649
2254,e824d9ff-5637-4484-a5ce-33202465054d,8243.98,success,2026-09-10 08:21:21.356472
2255,e824d9ff-5637-4484-a5ce-33202465054d,8243.98,success,2026-09-10 08:21:21.356472
2256,37188116-3fff-4a74-b09f-b2a24010f8db,11174.12,success,2026-09-10 08:21:21.358706
2257,307b36c8-3d2f-4862-b57c-4049732ed577,8862.12,success,2026-09-10 08:21:21.36097
2258,307b36c8-3d2f-4862-b57c-4049732ed577,8862.12,success,2026-09-10 08:21:21.36097
2259,2c73d7a4-bf25-4567-a1ec-071a05ee72aa,9560.99,success,2026-09-10 08:21:21.363363
2260,24128b35-eac8-4092-baa6-7e14598a5d32,7416.43,success,2026-09-10 08:21:21.365256
2261,04423b35-18d8-41b0-b007-e16d9582ad14,1918.67,success,2026-09-10 08:21:21.367307
2262,36c6805e-c126-41b8-82e3-055ba58a21b0,12564.68,success,2026-09-10 08:21:21.369111
2263,752b224d-a2ee-4f11-92a7-eff1518c60ce,712.12,success,2026-09-10 08:21:21.370966
2264,23acbf9e-63fb-4e16-9b72-341766494ae9,12532.12,success,2026-09-10 08:21:21.372813
2265,819b4fc6-37af-4056-8f5f-939ab7a1fd52,10233.08,success,2026-09-10 08:21:21.374827
2266,b540da12-1604-447d-8df9-72aabab77097,1833.34,success,2026-09-10 08:21:21.37691
2267,eb485b37-987a-4617-b2b9-102caa29007f,11425.55,success,2026-09-10 08:21:21.378992
2268,2d669ea0-0e4d-4063-920c-7b634944e2db,9029.88,success,2026-09-10 08:21:21.380901
2269,cc6f5f2c-f207-4226-90e2-753e00ab9212,5693.13,success,2026-09-10 08:21:21.383082
2270,b8ddbf78-e0d9-48e0-a445-9d74ffa80353,1879.11,success,2026-09-10 08:21:21.384915
2271,fc2f6251-22ca-421c-8bcd-68d54792506d,12950.04,success,2026-09-10 08:21:21.386887
2272,a960a0e6-bba3-4b51-b51f-75693f16e65b,5977.45,success,2026-09-10 08:21:21.388794
2273,e3f7064a-eed9-4c76-913f-051e45cd74f5,3664.40,success,2026-09-10 08:21:21.39086
2274,14178d3e-27ea-41d2-8dd9-ab12eca9e091,16604.88,success,2026-09-10 08:21:21.392969
2275,20b5c4d0-7c12-4b2f-b0ea-7e291bb0bf01,16730.71,success,2026-09-10 08:21:21.394945
2276,919b494f-5d3e-49a0-a28d-46ad14ad8f27,13692.22,success,2026-09-10 08:21:21.396838
2277,bfb86566-3da1-47b3-a891-c6975d084cc2,9557.60,success,2026-09-10 08:21:21.39879
2278,bdc83c30-b39a-4cb3-8c40-6f9f3a98709a,10479.45,success,2026-09-10 08:21:21.400784
2279,d5b7f4d3-fd26-45c2-909f-cab7a5d4ec9e,8156.25,success,2026-09-10 08:21:21.402735
2280,031352c7-f532-4039-8ffe-af270a7fcd5c,18755.06,success,2026-09-10 08:21:21.404715
2281,0c5f312f-8e8b-44b4-82de-d2dee0d7fd6f,7126.47,success,2026-09-10 08:21:21.406794
2282,cfe60269-7aab-4bd1-9f85-ef9de6138ed0,11187.75,success,2026-09-10 08:21:21.408695
2283,eb5cb225-b15f-4082-9ab0-859af2d475ae,6857.45,success,2026-09-10 08:21:21.410708
2284,4185982a-0b00-4ab6-bf26-a54977fb9aea,7697.72,success,2026-09-10 08:21:21.412641
2285,0dd3cb50-5cb7-4372-b864-959eb57f52b5,112.97,success,2026-09-10 08:21:21.414679
2286,be37e232-cd16-45b8-a5d7-53ac16afe262,5284.52,success,2026-09-10 08:21:21.416688
2287,aca3f7eb-24fa-41ae-a2e1-29554822f00d,11633.18,success,2026-09-10 08:21:21.418587
2288,05bd7044-8400-4a81-b319-1e1d9a98afea,18485.24,success,2026-09-10 08:21:21.420424
2289,0df854aa-00b9-4391-9f68-1b958c1b5d25,16052.82,success,2026-09-10 08:21:21.422542
2290,abbfc7c1-c117-4f8c-b4b5-03cf097e9160,11227.30,success,2026-09-10 08:21:21.424522
2291,117b6de6-1ec6-4109-b877-f405cdd68c43,4021.88,success,2026-09-10 08:21:21.426671
2292,da446d4c-40e7-480c-b548-6bfebd872ad0,5671.56,success,2026-09-10 08:21:21.428528
2293,ba11a719-1bfa-4b9e-86c8-2b89fb9eeb8d,6759.41,success,2026-09-10 08:21:21.430388
2294,02129fe0-019e-46f6-81d0-f26d4290a3c6,3685.08,success,2026-09-10 08:21:21.432434
2295,f02601b1-4a0c-4f75-882e-5e0b159821d6,3988.37,success,2026-09-10 08:21:21.434359
2296,623a0c73-1b2f-4936-b408-287498a47aa6,6908.91,success,2026-09-10 08:21:21.43642
2297,75865aa4-999c-40e6-96c1-dfb3bcb03561,12174.87,success,2026-09-10 08:21:21.438422
2298,0b5e90dd-3013-4ed2-8895-6a40696cb2bb,19174.08,success,2026-09-10 08:21:21.440343
2299,49dc61cb-71df-4895-9b64-f726f5bb829e,3002.39,success,2026-09-10 08:21:21.442365
2300,e426b9e8-4f23-4db6-a1e0-033d73910cca,3677.62,success,2026-09-10 08:21:21.444477
2301,85232662-ef96-48cc-87f2-1a8e2a02b4e1,4325.98,success,2026-09-10 08:21:21.446363
2302,90968941-762d-4b4c-8123-472914c24e63,17331.83,success,2026-09-10 08:21:21.44819
2303,8c5e104a-bd58-480c-9179-2ae22d71d8a1,4759.90,success,2026-09-10 08:21:21.450335
2304,07053dac-2f24-4067-b6ca-d7a0e5f6cef0,4644.97,success,2026-09-10 08:21:21.452343
2305,867a9d5f-8eda-4b52-b815-6aad833b8111,9749.48,success,2026-09-10 08:21:21.454539
2306,14140c4a-44f7-4894-9604-50a9ffc31ef1,5275.52,success,2026-09-10 08:21:21.456736
2307,0f9898c5-39ae-40a2-b70e-10376e0e3ec6,3153.35,success,2026-09-10 08:21:21.458757
2308,7aaec366-2371-4c76-a809-570da7bc548e,11153.89,success,2026-09-10 08:21:21.460737
2309,56cf9849-8f4a-4264-8e8a-17024d7b5444,3211.57,success,2026-09-10 08:21:21.462613
2310,868b469f-8907-49a0-8e16-72f3e3da2b26,15293.74,success,2026-09-10 08:21:21.464706
2311,90465a72-e14d-45d6-a72d-570c36acf5d5,7064.11,success,2026-09-10 08:21:21.466682
2312,034d87d0-737b-4839-ab12-191251156537,13422.11,success,2026-09-10 08:21:21.468805
2313,d1d17ddd-ce7f-446d-bc1a-3f43daac0408,6532.08,success,2026-09-10 08:21:21.470995
2314,d92419f4-43ab-4bd3-a8ad-1b64b4c76d4a,3881.48,success,2026-09-10 08:21:21.473066
2315,09407882-ccdc-49cb-a733-47957a7a9dfc,10407.06,success,2026-09-10 08:21:21.474985
2316,95d81cb8-170f-4dee-a21a-4480b8cc0127,4398.81,success,2026-09-10 08:21:21.477138
2317,441aa3d5-6889-475b-9f38-c020650a6c2f,4052.23,success,2026-09-10 08:21:21.479024
2318,2bdea79a-19f4-4351-a2fb-5b40d9400d49,14306.84,success,2026-09-10 08:21:21.480978
2319,4c5c75fa-21b2-41b2-ad59-61d9ac8cf70b,15152.37,success,2026-09-10 08:21:21.482877
2320,fa7de3ca-6827-4931-83c4-86a5a87b683a,13492.22,success,2026-09-10 08:21:21.485051
2321,2f24676b-10f0-4485-9337-03108ee9566e,17507.22,success,2026-09-10 08:21:21.487105
2322,c69d8358-b4d3-4e54-92a9-04ee0084a3f6,4942.52,success,2026-09-10 08:21:21.489192
2323,dd3b1184-e783-465e-8608-706ae985157f,19390.92,success,2026-09-10 08:21:21.49121
2324,75efdd18-ce30-4d60-b0c1-38682e7da4ca,16110.04,success,2026-09-10 08:21:21.493228
2325,dfc01c26-7437-4f36-ab67-ab0c1ac5a1d4,5717.47,success,2026-09-10 08:21:21.495342
2326,77988869-d01a-43ca-99a7-dd8ec3fd6280,10466.04,success,2026-09-10 08:21:21.497424
2327,daf2193d-e062-4ce4-b019-7feca7289ce8,13898.43,success,2026-09-10 08:21:21.499575
2328,0940f065-0690-42ed-a397-275e36ea9ee5,1453.56,success,2026-09-10 08:21:21.501318
2329,55f7c3ea-6beb-49b8-ab0e-f6ab9ffa9512,18823.80,success,2026-09-10 08:21:21.503282
2330,af67a1f0-7ac9-49e4-8f79-1f615992794b,7430.61,success,2026-09-10 08:21:21.505132
2331,0b508b3a-b8e7-43a9-91fa-1bc6152303cd,16692.07,success,2026-09-10 08:21:21.507218
2332,c89d447f-5cd7-44c6-b127-8fbc0c3429c0,11349.67,success,2026-09-10 08:21:21.509198
2333,2f48bfb0-06ab-48a4-869f-cb4d66ef2107,423.68,success,2026-09-10 08:21:21.511125
2334,966dd6cf-0341-47cb-98e3-a476b884c1ab,3220.13,success,2026-09-10 08:21:21.513017
2335,966dd6cf-0341-47cb-98e3-a476b884c1ab,3220.13,success,2026-09-10 08:21:21.513017
2336,cc1ba769-76f3-468d-9bf7-0fde65f65ae6,15349.57,success,2026-09-10 08:21:21.515344
2337,b251152b-e2de-48db-b74e-bfd1cbf357fd,10844.10,success,2026-09-10 08:21:21.517276
2338,ffc25c19-ba7f-4348-94c3-359ea463143f,8019.62,success,2026-09-10 08:21:21.519397
2339,892a2b3b-0b64-49fd-8052-a0633063537a,13896.15,success,2026-09-10 08:21:21.521318
2340,71a738d7-6a13-4fdb-bfb4-a2d9fd2e3dc3,16389.84,success,2026-09-10 08:21:21.523299
2341,f57cbd4e-0dc5-466b-97fd-03f3a3b4180c,5560.05,success,2026-09-10 08:21:21.525431
2342,bde18c03-8874-4f59-aeec-60868d454353,1708.92,success,2026-09-10 08:21:21.527446
2343,2f711686-b5a2-459f-85b0-78435accdc6a,18543.35,success,2026-09-10 08:21:21.529402
2344,98a5d362-6c81-4be7-9833-a741cc287f76,8907.37,success,2026-09-10 08:21:21.531351
2345,49b58c2a-9ac9-4494-9723-61f460bfbf54,9174.31,success,2026-09-10 08:21:21.533508
2346,adcd694c-ccab-48f0-acb3-cdf79e321eb1,2235.52,success,2026-09-10 08:21:21.535407
2347,70783087-6b55-40e9-9500-f06a2b52a49a,18269.09,success,2026-09-10 08:21:21.537555
2348,dafb3fc5-5fe8-46e9-bcfb-82114c4fc346,2871.05,success,2026-09-10 08:21:21.539525
2349,99b885ec-0146-4b19-8fef-0fdc9397117f,15937.20,success,2026-09-10 08:21:21.541264
2350,5a166595-d7fb-4b57-9285-1db9cc0f61b7,7872.47,success,2026-09-10 08:21:21.543237
2351,92080ed3-b670-4140-a17d-0a6d259c0a81,14524.64,success,2026-09-10 08:21:21.545069
2352,45bcb1da-71b2-47ce-9fdd-e18e591f3024,14055.68,success,2026-09-10 08:21:21.547029
2353,0be8224a-ad5b-443d-b642-54ab27946d4d,3329.69,success,2026-09-10 08:21:21.548877
2354,d4c81843-aad0-4fb6-bde1-033e0ddea4d2,1064.76,success,2026-09-10 08:21:21.550883
2355,0f1342ae-cdb0-4e1d-a9ed-99a3c54d9bee,16714.43,success,2026-09-10 08:21:21.552874
2356,bba1f88f-2e9b-467b-800d-09607f228a91,5194.49,success,2026-09-10 08:21:21.554764
2357,0542a5f3-b497-40d2-af36-86450b792132,18935.14,success,2026-09-10 08:21:21.556667
2358,98f9208e-9c7f-44be-bfa8-be1f0fef5b3b,19763.87,success,2026-09-10 08:21:21.558583
2359,4025d4d5-d22e-4d4c-85af-09482791fff8,16062.00,success,2026-09-10 08:21:21.560518
2360,89b29155-9f34-4555-92cc-7978aaf723df,13889.13,success,2026-09-10 08:21:21.562424
2361,688bf256-2ed8-4642-83ed-ef6e86d8a36b,13261.28,success,2026-09-10 08:21:21.564343
2362,e88f43bf-4863-4626-b0c4-5af26fdb2e20,289.52,success,2026-09-10 08:21:21.566619
2363,3a95a6e4-feb6-469c-8852-f05290f47d39,3915.72,success,2026-09-10 08:21:21.568621
2364,ffd49a5e-99f4-40b1-b9ed-1d7c521c5295,1220.69,success,2026-09-10 08:21:21.570469
2365,721f0821-be9d-433b-9b62-aff496a5448a,3503.20,success,2026-09-10 08:21:21.572373
2366,140ba18d-f35e-4f66-b5a1-4c0a279b47cc,2529.31,success,2026-09-10 08:21:21.574669
2367,0ac235f7-621b-4f58-b43e-3dfe7ce8bafc,6158.18,success,2026-09-10 08:21:21.576907
2368,16a618e8-c5f9-48eb-b7ff-5e1aa4708132,5725.52,success,2026-09-10 08:21:21.57898
2369,283a97fd-9909-43da-8e9f-a6600d48841f,15699.12,success,2026-09-10 08:21:21.580867
2370,bb2681f8-f3f5-432a-ae1c-85ee07b7884b,2074.46,success,2026-09-10 08:21:21.582665
2371,6b9c24e7-1102-4e06-9b6a-6356b273a7f4,9716.07,success,2026-09-10 08:21:21.586099
2372,d3ec4151-47d2-4bfb-a9c0-70477974d133,1159.64,success,2026-09-10 08:21:21.588121
2373,81ef4fc1-99ee-4b81-837f-8261b34390a0,5606.71,success,2026-09-10 08:21:21.590268
2374,9964dadd-f04c-4cc5-a73f-c6b576a8b6e6,1505.28,success,2026-09-10 08:21:21.592317
2375,5785cfd8-9157-4046-bf8a-12d285640080,15700.16,success,2026-09-10 08:21:21.5942
2376,5478ae61-00c7-42c5-8816-05f10f3606a4,8783.38,success,2026-09-10 08:21:21.595933
2377,8bb76a32-58e6-4571-b69e-ba8d097467b9,8965.45,success,2026-09-10 08:21:21.598078
2378,473a7624-b32e-456a-a581-ddcafd95064c,4323.12,success,2026-09-10 08:21:21.600302
2379,bc9ee4a6-d2c8-4019-ab5c-e2146ee8bc13,4877.36,success,2026-09-10 08:21:21.602195
2380,185b3d79-e5a2-428c-bc62-201612e5c00b,7070.43,success,2026-09-10 08:21:21.604152
2381,ab948ad4-38e6-4f69-beee-5bd92283e2df,2386.05,success,2026-09-10 08:21:21.605966
2382,199d0f80-71f5-43f0-8a9d-885d16b9b540,4072.22,success,2026-09-10 08:21:21.60789
2383,c8d8ddcc-58c4-47c4-a60e-8fbcd78ce1a9,10921.91,success,2026-09-10 08:21:21.6109
2384,1f78bd2f-b787-47b1-9b40-0c372e87c735,5280.73,success,2026-09-10 08:21:21.613052
2385,29e59817-6bc5-4c1d-8b20-9d092929ef78,11788.61,success,2026-09-10 08:21:21.615187
2386,2712b4f1-3423-4f6d-a1d7-4d8e380ebe9e,13746.53,success,2026-09-10 08:21:21.6173
2387,f8cc962c-3012-4fda-a7c3-6e0c19c7d08a,16918.77,success,2026-09-10 08:21:21.619198
2388,cf5c9da9-fcba-472d-b936-3674f7a00c39,18710.64,success,2026-09-10 08:21:21.621174
2389,bcb0df81-1fdb-4fa0-9a74-928cf171a3a8,11795.18,success,2026-09-10 08:21:21.623063
2390,a238e973-1265-4185-9957-6d7ff2b4980b,19543.89,success,2026-09-10 08:21:21.625294
2391,44fee83d-3747-4489-bd32-60a8e8dfb0ff,1055.88,success,2026-09-10 08:21:21.627131
2392,c611fc82-2525-403d-800a-9d8dc5359a55,9307.29,success,2026-09-10 08:21:21.629315
2393,40d10450-a5ae-4ee9-8873-a1057b84791c,2947.04,success,2026-09-10 08:21:21.631278
2394,40d07501-d959-4351-82d9-ea4b8126344e,15031.44,success,2026-09-10 08:21:21.633132
2395,ade319e5-c281-4540-bc69-2b7419b163df,19257.70,success,2026-09-10 08:21:21.635245
2396,9e0e5aed-f193-4e80-8e0d-f5103785a9a2,4811.59,success,2026-09-10 08:21:21.637275
2397,74733177-47d3-4ed9-aee3-8289c603de59,12891.53,success,2026-09-10 08:21:21.639247
2398,25ae6e40-a626-4aed-a784-f5f36422322b,4505.31,success,2026-09-10 08:21:21.641223
2399,e0d2f5c4-15fa-4bdc-b02a-6e24eb047322,11634.09,success,2026-09-10 08:21:21.64304
2400,e6c3b65f-79d7-4eca-8f78-febc85f2a27a,1217.09,success,2026-09-10 08:21:21.645126
2401,52f4d1ea-7ddf-486f-9806-f23a912651e7,2925.59,success,2026-09-10 08:21:21.648156
2402,1021d460-bb7b-4124-861e-9125dae50054,2901.57,success,2026-09-10 08:21:21.651903
2403,aab2741f-2df0-4333-acf9-306d00d82eec,2090.50,success,2026-09-10 08:21:21.653811
2404,d956b3fb-6f46-4f2c-bbcd-c7aedcde9f37,6442.03,success,2026-09-10 08:21:21.655771
2405,558112ec-0540-4e57-bc5d-ebb1f54093b9,14371.75,success,2026-09-10 08:21:21.658196
2406,9ff9ab95-f28d-48cb-bbc9-8794a474dec0,19906.71,success,2026-09-10 08:21:21.661153
2407,9e3b8041-958c-42ce-8591-3132adc8a943,10479.99,success,2026-09-10 08:21:21.66336
2408,fd622751-5001-4e01-9dcb-cd1c63f9ab24,16832.15,success,2026-09-10 08:21:21.665113
2409,a7f35494-5f54-4e67-a62d-d513f8d03619,14578.05,success,2026-09-10 08:21:21.666736
2410,d1e1398d-85f2-4e9b-a89b-b09596e4a892,10683.16,success,2026-09-10 08:21:21.668395
2411,3a0a9618-ab23-4654-a6de-866bc6ad4e91,2879.51,success,2026-09-10 08:21:21.670123
2412,f9a4a131-2713-45f1-b584-5baabdfbe916,1273.29,success,2026-09-10 08:21:21.672403
2413,4c18df16-dbcf-4b5a-b805-31048937edff,10194.68,success,2026-09-10 08:21:21.674625
2414,0a4ce18c-b1ff-4d59-9186-0450c5a4fe1c,13739.94,success,2026-09-10 08:21:21.676359
2415,95e4d568-5ba2-4dde-a8fc-6239b10b488e,10580.43,success,2026-09-10 08:21:21.678577
2416,a2929237-e57f-4246-9ccd-e1b9b97f149e,5297.78,success,2026-09-10 08:21:21.680509
2417,fb9435e4-0b96-40c3-b125-c3599400c0fe,8513.76,success,2026-09-10 08:21:21.682714
2418,3f4c58af-bd75-4fec-ad36-33b0d03c614d,15579.82,success,2026-09-10 08:21:21.684765
2419,80384fea-916a-40ae-a3db-8edf8c15facc,6841.26,success,2026-09-10 08:21:21.686911
2420,58c08e3f-abb9-4449-82fd-7713599304c6,10721.10,success,2026-09-10 08:21:21.688584
2421,42ec38e6-28bc-47b6-8fcb-856d74253cee,10409.70,success,2026-09-10 08:21:21.690334
2422,49f0fa38-81c0-4b3d-b47e-6c499435e388,17370.06,success,2026-09-10 08:21:21.692829
2423,771dd9e2-8081-47f6-9fc0-8eb45d6eda76,9684.12,success,2026-09-10 08:21:21.695026
2424,34772e1e-b550-4613-b408-b4b4ed5236c9,19258.82,success,2026-09-10 08:21:21.697241
2425,4fae380a-78af-4d1c-8662-507b14810b8e,18180.82,success,2026-09-10 08:21:21.699655
2426,d20ce4cc-0035-4c4b-b03f-b8b05386d8d3,6680.54,success,2026-09-10 08:21:21.701634
2427,25ccb101-d7c7-4887-947f-fb9238f2f7e8,9534.63,success,2026-09-10 08:21:21.705023
2428,02621dee-3705-4650-8230-617026793762,4414.24,success,2026-09-10 08:21:21.706892
2429,783ad9bc-15e2-4451-81f4-28c6149a9041,9783.84,success,2026-09-10 08:21:21.709182
2430,efbff10f-54cc-4870-b63f-4b396231c0ba,14245.61,success,2026-09-10 08:21:21.710786
2431,210b55b8-c5ee-47cc-a389-e8516a7e8512,5087.88,success,2026-09-10 08:21:21.712419
2432,c84bddc9-09b9-4bfd-baa2-78af1bc541bf,7582.48,success,2026-09-10 08:21:21.715286
2433,85333512-eedb-4153-be18-88516bfd2c2f,11234.46,success,2026-09-10 08:21:21.71702
2434,be6b3674-08b3-4d37-9a25-2c887d463eef,336.25,success,2026-09-10 08:21:21.718776
2435,81849c30-86d4-45a8-a82a-e769c464a1bc,3881.96,success,2026-09-10 08:21:21.720297
2436,50cff0dc-d00b-471b-a697-cc360346b484,14609.22,success,2026-09-10 08:21:21.721776
2437,beb56095-67c6-4e39-afe4-510925175fea,16981.02,success,2026-09-10 08:21:21.723695
2438,bcb01ccd-c349-4c99-9407-8ed0ae8bb9b8,4237.17,success,2026-09-10 08:21:21.725797
2439,df42f81b-d73c-4be5-808a-6adb08ac4ded,819.40,success,2026-09-10 08:21:21.727892
2440,87fb5f46-e74b-4a69-a8db-002ac3266a11,590.45,success,2026-09-10 08:21:21.729502
2441,4ac8d0ad-99ac-418c-93d1-c82a81cdf26f,5824.41,success,2026-09-10 08:21:21.731422
2442,ad1ab0ef-e53f-4037-89c3-fe529d30c058,1009.94,success,2026-09-10 08:21:21.733132
2443,0408bdd8-0023-484b-970c-af1127d9d67b,2529.99,success,2026-09-10 08:21:21.735009
2444,bd9e6f54-041d-481d-a907-87848d396ddb,6743.42,success,2026-09-10 08:21:21.73706
2445,d649aaca-a712-448e-98df-2b794d590021,16306.96,success,2026-09-10 08:21:21.738896
2446,780cf6cd-0e14-4c27-8a85-d274a23431ed,17127.08,success,2026-09-10 08:21:21.740647
2447,47550c7f-3735-4deb-a587-f4911a3557b2,89.99,success,2026-09-10 08:21:21.742495
2448,f452b64a-e2b9-49b2-8025-4c9a5fa83f84,1644.41,success,2026-09-10 08:21:21.744651
2449,d8fcfbdf-0c5e-45c8-9e4a-b77807746e3b,14987.90,success,2026-09-10 08:21:21.746646
2450,41ac5208-40dc-4f0f-affc-86e4269cde69,12666.57,success,2026-09-10 08:21:21.748714
2451,cc9fcc6d-9428-4d44-81ef-2492a8c82936,667.25,success,2026-09-10 08:21:21.750789
2452,56973aae-e5f8-4392-b7ed-a85b8107998e,2072.10,success,2026-09-10 08:21:21.75325
2453,676bd7a3-28f0-4496-b0ed-94cf9a642c6b,10402.34,success,2026-09-10 08:21:21.755306
2454,17ce73ba-3fe8-4d6b-becf-d97c956eafb9,19463.53,success,2026-09-10 08:21:21.757332
2455,e1bfb383-95a1-49e3-ab5b-d615718a8032,4582.52,success,2026-09-10 08:21:21.759374
2456,a3d97a14-a441-48d7-a262-7f7060480440,10515.07,success,2026-09-10 08:21:21.761326
2457,3d1072d9-d541-4662-971d-9c301350b9e3,15984.00,success,2026-09-10 08:21:21.763213
2458,e785e9ea-f4ea-42ec-a002-2a9070116d67,14984.36,success,2026-09-10 08:21:21.765219
2459,edb8b8e5-264e-4e56-9fd1-fa6cac174ab5,6818.89,success,2026-09-10 08:21:21.767069
2460,7a9cbde3-31d8-45ec-b616-d5301f860d84,5057.79,success,2026-09-10 08:21:21.768975
2461,cdff711e-fc8c-42da-a0ad-e995fd3bbabe,8405.82,success,2026-09-10 08:21:21.770864
2462,3bfe3983-448c-4f13-a259-01c86102a7d1,2035.42,success,2026-09-10 08:21:21.772534
2463,27c50862-36c8-41da-9a42-0a92adf6ac46,2363.29,success,2026-09-10 08:21:21.774006
2464,7ffc7e3e-10d4-4e96-95bf-830b28c5f128,19105.41,success,2026-09-10 08:21:21.775463
2465,e17affc4-688c-4a44-a797-16af534b6844,10925.47,success,2026-09-10 08:21:21.776792
2466,e4ded66f-bf94-411f-94dc-d25692e5307c,16264.84,success,2026-09-10 08:21:21.779271
2467,54a6259b-0eae-4cc4-bea9-043de3de0c02,5677.12,success,2026-09-10 08:21:21.780845
2468,e22321fd-bee6-4d21-8a4b-bf24872ed5f2,5270.35,success,2026-09-10 08:21:21.782482
2469,b1ac8db1-3523-4e15-bdfe-61350dd9e6b2,1279.20,success,2026-09-10 08:21:21.784373
2470,47b8b107-93b0-4f9f-bd3b-74b7b3a41e54,7069.04,success,2026-09-10 08:21:21.786304
2471,b2e0acf1-8062-4887-a74d-4a22aea22a31,7771.06,success,2026-09-10 08:21:21.788154
2472,236585d2-2864-4732-b051-34ba147ab5b9,13388.94,success,2026-09-10 08:21:21.789903
2473,6897c122-c875-4e96-9c41-2585d726cf93,6410.52,success,2026-09-10 08:21:21.7918
2474,ce7c3cee-4cef-4723-bebd-c0cfef8ff2cc,13435.12,success,2026-09-10 08:21:21.794393
2475,991322b1-fcd3-4365-b83a-e937ee8cc111,12266.74,success,2026-09-10 08:21:21.796312
2476,98d12e8c-dbd7-4b4e-83ff-c8a6e0482fc9,11521.89,success,2026-09-10 08:21:21.798158
2477,91816691-4647-4929-bde2-da0213857d83,80.13,success,2026-09-10 08:21:21.800002
2478,3a47c3df-38b0-4ec7-a1b7-9499344abd3c,10260.94,success,2026-09-10 08:21:21.801573
2479,e96aacf0-f937-4b06-bbf0-34474d4c564f,18909.34,success,2026-09-10 08:21:21.803406
2480,4464bd74-f44e-4dd2-bab2-598307410e02,10877.33,success,2026-09-10 08:21:21.804979
2481,49273da6-c2a5-462e-97aa-c07eec27cec3,2072.42,success,2026-09-10 08:21:21.806559
2482,f5f94c54-3d42-4b00-9b42-6ab274d33bb7,804.10,success,2026-09-10 08:21:21.808199
2483,6973fcd7-9c18-4c87-8d4d-ab9478e5a9c8,7225.49,success,2026-09-10 08:21:21.809926
2484,471758cc-b8a0-4392-84c0-73404dac88f7,8043.70,success,2026-09-10 08:21:21.812117
2485,6f74cb5f-5f8e-4126-8b8d-131e2c3f3cc4,13563.55,success,2026-09-10 08:21:21.814667
2486,b16f0136-a3f2-4073-816a-6fd55748b163,14029.05,success,2026-09-10 08:21:21.816537
2487,3454d3b2-2b2d-4095-adab-bde23acbe593,10743.36,success,2026-09-10 08:21:21.818265
2488,1341c689-6908-4ce9-a652-82c2d221ecdc,8880.22,success,2026-09-10 08:21:21.819637
2489,07c2392e-dcec-4b2a-b87a-ea8de2fa5023,9676.24,success,2026-09-10 08:21:21.821061
2490,6c29c58f-c32e-4433-a813-5acdb23270c5,372.38,success,2026-09-10 08:21:21.822602
2491,86e55883-82a8-4596-a453-b8962a3352bb,17370.01,success,2026-09-10 08:21:21.823946
2492,80b02890-b4ed-4a16-afca-e40e53d96e0b,11792.49,success,2026-09-10 08:21:21.825375
2493,d5530d68-e4a8-4e0e-b213-3ec03c07e191,14772.35,success,2026-09-10 08:21:21.826934
2494,823c8f53-e721-4dbb-b9df-3be9ce337e5e,6985.86,success,2026-09-10 08:21:21.828802
2495,133221b7-b2dd-489d-8ba1-4ce35940ad2b,9731.76,success,2026-09-10 08:21:21.83028
2496,4d9b0a97-87aa-4093-a757-a4b483302f40,13229.03,success,2026-09-10 08:21:21.832113
2497,1d156b5d-b806-46f7-8877-1b169f0e03dc,5207.91,success,2026-09-10 08:21:21.833919
2498,0fd9c4d6-68e7-4bb8-9c39-dfc5dc125d93,10222.28,success,2026-09-10 08:21:21.835803
2499,e84046e3-edf7-44e9-8236-0f9ef06bfad7,5549.89,success,2026-09-10 08:21:21.837682
2500,45564061-6ed5-40af-bf57-7b33f974135b,929.75,success,2026-09-10 08:21:21.839759
2501,7daf53c1-94d4-4883-9faf-eb5b1ad44905,11192.12,success,2026-09-10 08:21:21.841537
2502,df639f96-7452-4656-b0d0-d1cc518cb4f2,16345.90,success,2026-09-10 08:21:21.843558
2503,7732aba9-6dfd-4dd6-a483-74050afc4bed,10620.56,success,2026-09-10 08:21:21.845627
2504,fe2b1643-5783-47cf-b66f-e9d47ed1a82b,3756.45,success,2026-09-10 08:21:21.848864
2505,c961fe51-9693-4328-a6e2-8ea96776a13e,17502.86,success,2026-09-10 08:21:21.850729
2506,4da97cf5-7391-45b6-8eca-a996757c4028,13872.51,success,2026-09-10 08:21:21.852968
2507,b1295106-19ae-452f-9b7e-bba2a120ccbd,15751.36,success,2026-09-10 08:21:21.85593
2508,d1a747a9-811f-4fbc-af2f-8a96cec76002,11804.57,success,2026-09-10 08:21:21.858164
2509,0d7b6ad1-5b63-44bd-9c60-3cf3947a48a3,14141.69,success,2026-09-10 08:21:21.860509
2510,d5fce83a-30e1-4677-bb8e-f2af216e3e06,15019.00,success,2026-09-10 08:21:21.862984
2511,54c90ba1-558e-4862-aa57-0eb7270ec23c,8985.41,success,2026-09-10 08:21:21.86541
2512,30305d2e-f1b4-4f89-b83a-d75503d14f5f,11000.59,success,2026-09-10 08:21:21.867416
2513,be71ebc4-f0d8-4d08-9c51-bc6f58ea426f,4545.05,success,2026-09-10 08:21:21.869219
2514,2f54ac0d-c7ae-4c65-a06a-300803fc715a,18484.42,success,2026-09-10 08:21:21.871428
2515,1a0dacc2-c094-45e1-9951-bba34ec11097,19548.42,success,2026-09-10 08:21:21.873889
2516,647b3b40-3cc9-4dc6-b8ac-f00009ae5556,7808.92,success,2026-09-10 08:21:21.876794
2517,7691d131-f223-43a6-af03-798e60b8e7f4,6961.28,success,2026-09-10 08:21:21.878798
2518,7e6cd0fc-1ddd-4f56-83fe-06157566e3d9,12197.90,success,2026-09-10 08:21:21.880568
2519,2f603f02-ff47-4640-93d6-cb920b47bb60,17971.82,success,2026-09-10 08:21:21.88287
2520,36bf2310-26c4-4fff-8f79-6dc58c50a260,11429.42,success,2026-09-10 08:21:21.884696
2521,401ef481-dcea-4188-b9d4-b40de18a768c,13943.54,success,2026-09-10 08:21:21.886681
2522,a9b88741-362d-4b22-8214-cd803e7f554a,2964.86,success,2026-09-10 08:21:21.888508
2523,ff00cc93-f356-4f42-940b-a9a0f7f7cb50,3905.30,success,2026-09-10 08:21:21.890339
2524,0efb5e7f-d824-470c-8727-3c178c90ead8,6038.79,success,2026-09-10 08:21:21.892067
2525,28a82ae4-1d6a-447e-a2c1-c67ecdcb50cd,11091.01,success,2026-09-10 08:21:21.89379
2526,063800df-6f49-4581-ab70-4b4d06d2538b,9663.03,success,2026-09-10 08:21:21.895588
2527,645360ef-663e-45ef-ae06-ba5f2e72963d,2911.38,success,2026-09-10 08:21:21.89741
2528,a0a90c66-504d-4916-8992-ad36c914de91,15671.29,success,2026-09-10 08:21:21.899333
2529,3a2c2b1d-f49d-484b-b8b4-4f2023100766,2794.56,success,2026-09-10 08:21:21.901931
2530,7bfe38b5-e5ab-4119-9779-0bac23ae9477,16311.12,success,2026-09-10 08:21:21.904011
2531,a52b1d3e-515a-4130-b914-9f5d7c7056a0,10699.24,success,2026-09-10 08:21:21.906103
2532,97ad7b0e-cc5c-40b9-9d5f-e1f62707cfd3,4020.27,success,2026-09-10 08:21:21.90798
2533,9c747f45-eaea-48b2-8cf7-5621443f1cd8,594.35,success,2026-09-10 08:21:21.909812
2534,1f6fdfb8-d8f2-4cac-af89-07b6b387563a,17843.40,success,2026-09-10 08:21:21.91175
2535,71457f85-3f4c-4131-abb4-a140c55b2360,19558.79,success,2026-09-10 08:21:21.913397
2536,921ef9bd-19b8-45d7-90df-142ca3359295,18201.01,success,2026-09-10 08:21:21.915359
2537,02e447d9-8222-41ac-a77b-5f043add3a2d,16098.04,success,2026-09-10 08:21:21.916982
2538,edfd298d-a6a0-44d5-b631-7add063572ef,7287.80,success,2026-09-10 08:21:21.918619
2539,1daa5058-8bbf-4a00-97b3-3c424e108014,17240.15,success,2026-09-10 08:21:21.920579
2540,fb0dff6e-0002-487c-92a4-8e4b0bb13a6d,2440.13,success,2026-09-10 08:21:21.922637
2541,520e4469-ae77-4e4f-be9a-2fa8ab0b4951,9586.62,success,2026-09-10 08:21:21.924426
2542,aa28792d-ec00-4a7b-95a6-4b70d62b2222,16618.42,success,2026-09-10 08:21:21.92627
2543,c57bd93d-806b-4510-b7ae-ae48d5dcb1bd,4987.63,success,2026-09-10 08:21:21.928301
2544,4d66dd40-8c2d-48c7-a97d-3e978b0239c5,11575.25,success,2026-09-10 08:21:21.930277
2545,d5f184ec-66da-4fab-b197-7ad3445cee3a,14902.60,success,2026-09-10 08:21:21.931973
2546,9d898a04-231b-4afa-aad1-d4c49a4c9121,3761.44,success,2026-09-10 08:21:21.933746
2547,2c93a8c8-0bf8-40af-884f-fd55dfff41bd,12914.57,success,2026-09-10 08:21:21.935569
2548,6d9f75c7-9dc0-4ae0-9075-f471746c6e2f,10070.44,success,2026-09-10 08:21:21.937335
2549,a71d6658-b2ae-4118-9abb-9a76eeb4a4d1,9411.67,success,2026-09-10 08:21:21.939271
2550,559589e4-8480-4a7c-94eb-ca45b052c28c,9436.89,success,2026-09-10 08:21:21.941372
2551,514e8b8f-5f73-4f44-af64-e3e3d5039457,124.61,success,2026-09-10 08:21:21.943327
2552,18d4dc8b-959f-4e00-8e6d-4f9d450ede0b,15330.90,success,2026-09-10 08:21:21.945143
2553,f56b5806-101d-401b-b590-b3ba9e6d38b4,846.71,success,2026-09-10 08:21:21.946882
2554,5cba0086-b2db-457b-a773-bb42bfb537ec,19937.12,success,2026-09-10 08:21:21.948691
2555,434233aa-8149-435d-8147-fd6777c7742b,84.35,success,2026-09-10 08:21:21.950596
2556,f47ade8c-503b-4707-a68d-458eca01b4ad,17096.17,success,2026-09-10 08:21:21.952431
2557,9d09f6e7-5bfc-41d2-a066-18a46f1133b2,2130.36,success,2026-09-10 08:21:21.954114
2558,e20a0318-39bc-4d76-9158-4f7e6998f094,6223.54,success,2026-09-10 08:21:21.956145
2559,812496fb-a8ce-46d8-b137-43703bab96aa,17437.71,success,2026-09-10 08:21:21.958455
2560,da964a74-0e84-4b87-a7e5-db41ef2525f2,17971.40,success,2026-09-10 08:21:21.9606
2561,b71e6b07-b016-4ec5-a933-b1b713e4d1e8,6697.75,success,2026-09-10 08:21:21.962716
2562,b71e6b07-b016-4ec5-a933-b1b713e4d1e8,6697.75,success,2026-09-10 08:21:21.962716
2563,ba1a9493-ea7f-4a6e-8edf-bdfc68323983,17874.04,success,2026-09-10 08:21:21.965038
2564,3c8b6060-3dff-4485-a755-0276f7ab08f3,5751.56,success,2026-09-10 08:21:21.967053
2565,b2e98bbf-f759-43dd-b6da-32e3921f38c6,13971.35,success,2026-09-10 08:21:21.968978
2566,d9cb1738-8857-41cf-b6b7-f25c4d99c8d2,19316.99,success,2026-09-10 08:21:21.971338
2567,8827bfd1-f933-48ff-b5ba-30334c0d478c,19417.18,success,2026-09-10 08:21:21.973747
2568,ea37e7d7-75cd-4276-b523-d4a02ceb2447,5233.52,success,2026-09-10 08:21:21.975983
2569,41f75321-4213-4bfd-8bba-c24232416a34,215.95,success,2026-09-10 08:21:21.977886
2570,41f75321-4213-4bfd-8bba-c24232416a34,215.95,success,2026-09-10 08:21:21.977886
2571,00c20040-65ca-4ac6-8229-86c5297f3a3c,12018.04,success,2026-09-10 08:21:21.980464
2572,c62dd033-68f9-40c1-9216-64584d7cf767,5161.95,success,2026-09-10 08:21:21.98226
2573,f517cf44-f037-4a97-8b07-9add8ff79de2,9758.32,success,2026-09-10 08:21:21.984513
2574,9efd7436-efe7-40a8-8e74-0a836133de30,9303.16,success,2026-09-10 08:21:21.986685
2575,cee0746a-801b-4c7d-b981-de0cda5c3f81,18304.19,success,2026-09-10 08:21:21.988549
2576,cf36f26e-07f7-48da-9c82-611277e60938,3347.31,success,2026-09-10 08:21:21.990521
2577,0fc52694-ec07-4203-bbf8-ed1ffccdd0f0,16238.97,success,2026-09-10 08:21:21.992642
2578,c21aa2d4-0cf5-440c-8c32-eb1d80598900,18924.77,success,2026-09-10 08:21:21.994869
2579,d9acfd9e-c2bc-42e1-9003-69efaaa4d27f,4661.89,success,2026-09-10 08:21:21.996704
2580,8462c646-c7bf-43cb-aa5f-e6895a8e9273,9836.87,success,2026-09-10 08:21:21.998623
2581,87815806-6049-4630-9fbf-4736b64ccac8,2983.73,success,2026-09-10 08:21:22.000487
2582,429c5316-7e65-47f9-af5d-8522b3d76b9a,11571.34,success,2026-09-10 08:21:22.002233
2583,30736321-f3b0-4587-a5a4-4535f38c73bd,18627.83,success,2026-09-10 08:21:22.004137
2584,de5a9136-22ac-4ed5-8c3a-2b5879c16b5d,9837.75,success,2026-09-10 08:21:22.006193
2585,98adf6af-1dd6-4eb8-b344-7f4de2e239c5,17931.55,success,2026-09-10 08:21:22.007972
2586,aeee00eb-2aca-4a94-b7a9-862babc9e57f,13822.69,success,2026-09-10 08:21:22.009768
2587,2f0c769c-0778-4ec0-aa80-aa5fe82d78b0,6553.75,success,2026-09-10 08:21:22.011574
2588,ccd8838e-9c1e-4c49-a42b-4be93c28dd25,1347.99,success,2026-09-10 08:21:22.014289
2589,b0f3f670-42eb-4374-abf2-90e62eaae1cc,16493.03,success,2026-09-10 08:21:22.01634
2590,299da2e6-a945-47b7-ac2c-467af3eef2fb,5695.80,success,2026-09-10 08:21:22.018125
2591,a87429a9-ec99-4125-be8a-94b9c94ec2ff,13442.83,success,2026-09-10 08:21:22.01983
2592,8b72ac5e-c8d4-4a0e-9b08-ed9b885aaf05,19513.61,success,2026-09-10 08:21:22.021557
2593,9baede03-935f-4dff-b954-82d2e4701cf2,13531.21,success,2026-09-10 08:21:22.023554
2594,a87e6f95-8493-4c0e-84d6-054e0f2dc080,7624.48,success,2026-09-10 08:21:22.025697
2595,d0a05b33-9530-4eae-8a4e-a7e6921a490c,17674.67,success,2026-09-10 08:21:22.027728
2596,e08f01d0-07e6-40fd-87b3-9d51036c2985,5152.65,success,2026-09-10 08:21:22.029694
2597,ded2f662-2d65-40b2-a0c3-fda990e8c1c3,6138.74,success,2026-09-10 08:21:22.031804
2598,0fbd8770-594f-4297-89d7-61c27bbaffe6,3082.61,success,2026-09-10 08:21:22.03359
2599,8f42ee4e-4361-4253-962f-2dbe2a2ac085,7317.46,success,2026-09-10 08:21:22.035687
2600,ed5ea532-a78c-4c64-8110-770e879a1cf7,121.44,success,2026-09-10 08:21:22.037948
2601,8fa88fb4-2c12-47ea-9256-dd0e97f301ae,8594.66,success,2026-09-10 08:21:22.039838
2602,5290cf26-6a74-45ce-bf9f-6a7a8e57c2b5,8668.79,success,2026-09-10 08:21:22.042026
2603,305cf896-03c8-4be9-8989-84b9c7e50346,18872.32,success,2026-09-10 08:21:22.043799
2604,3a72206d-7c31-45dc-b139-7a88d52b11d2,15905.92,success,2026-09-10 08:21:22.045769
2605,07c6caf2-358b-4d54-b208-f38c3cbe5db0,17480.80,success,2026-09-10 08:21:22.047864
2606,815abe8f-a8ed-4dc4-87a9-4f67874dcf35,450.53,success,2026-09-10 08:21:22.049528
2607,0736336b-3b26-4a6c-987d-20b32e6ac5c9,11223.04,success,2026-09-10 08:21:22.051417
2608,4eb353d4-104d-46b8-a635-b33c9166d285,16860.52,success,2026-09-10 08:21:22.05327
2609,6b5d9c3d-b051-44fc-8ec9-5ca3984d4f5d,4455.15,success,2026-09-10 08:21:22.054903
2610,6b345e62-e935-449e-bef2-785526bb0f02,11270.73,success,2026-09-10 08:21:22.056891
2611,d507a671-fa3c-45a7-99aa-d8239b214bde,18690.07,success,2026-09-10 08:21:22.059097
2612,5e2adb39-b8da-4341-849e-0157157a9dd9,8388.79,success,2026-09-10 08:21:22.061281
2613,d4583715-8d14-4db7-8c84-4e19106a1411,2634.26,success,2026-09-10 08:21:22.063341
2614,98029866-c6f8-4553-bdde-ce3e5d7d0a73,12884.62,success,2026-09-10 08:21:22.065392
2615,ba32c2b6-4441-4dbe-9cf8-9590c23f3f98,7441.49,success,2026-09-10 08:21:22.067118
2616,01fceec0-067e-4e9c-b45a-cd36ee3bb262,15696.75,success,2026-09-10 08:21:22.069209
2617,cb9d462e-90c1-4113-bba0-3c0f111b1c46,16789.92,success,2026-09-10 08:21:22.070932
2618,a424ca89-4196-4ba3-96d8-11cfecccf780,14995.45,success,2026-09-10 08:21:22.072484
2619,d90de749-c5a8-498a-b544-584f6de9bb2a,11115.72,success,2026-09-10 08:21:22.074201
2620,80eaab25-d7b5-49fd-8a50-6dded5e198db,10755.65,success,2026-09-10 08:21:22.076644
2621,222825e1-4a03-4054-b3b6-2fa5ca19fcb5,16038.33,success,2026-09-10 08:21:22.078971
2622,a626ffe9-9694-4180-98b1-73f10945e119,11266.20,success,2026-09-10 08:21:22.080643
2623,d7ed4bdb-9821-4022-bbfd-0f38af877ab5,15803.36,success,2026-09-10 08:21:22.082344
2624,0c5a7f11-5720-48ad-9b4c-b3cf70eed14b,8624.60,success,2026-09-10 08:21:22.083741
2625,b704b245-ed39-4e85-8832-f2c5b8360723,18942.28,success,2026-09-10 08:21:22.085194
2626,726769c3-438f-4555-b750-eceef02e64c8,14824.88,success,2026-09-10 08:21:22.086433
2627,b5e5c963-3f25-4009-b0a7-5a4736595e11,15969.85,success,2026-09-10 08:21:22.087905
2628,4e824b71-c0a2-4d61-901e-f49ba3cb9223,6741.70,success,2026-09-10 08:21:22.089459
2629,9b86dd78-629d-419f-8de5-0e505aee084f,17020.18,success,2026-09-10 08:21:22.09117
2630,68cf51f8-410a-499c-8113-7e16e12d5aee,3273.95,success,2026-09-10 08:21:22.092871
2631,b9d6a89c-905c-4ad3-a220-41f91e1921f7,18335.01,success,2026-09-10 08:21:22.094428
2632,98f1b70f-0012-4995-a474-84d4f5993a5f,12929.21,success,2026-09-10 08:21:22.096128
2633,d953ba63-6775-4528-a016-03e48a0a6ead,3534.61,success,2026-09-10 08:21:22.097891
2634,dd1d079a-8d3f-40f2-a952-3d29b50ed6d2,3742.33,success,2026-09-10 08:21:22.099847
2635,3c980c51-e47a-4b4c-9d3c-efd1e0910e55,5813.62,success,2026-09-10 08:21:22.101533
2636,71436a2a-a52e-40d7-9ada-54563a32173b,2047.26,success,2026-09-10 08:21:22.103292
2637,2cfaa99e-7731-4f69-a1ad-1bbeb4401f7c,19847.79,success,2026-09-10 08:21:22.10478
2638,48175280-1c0a-4dc2-8ab2-1ee5d7a78585,2605.57,success,2026-09-10 08:21:22.106641
2639,16d57915-84d9-4de2-9ad7-7cf2d9ef030e,11700.53,success,2026-09-10 08:21:22.108267
2640,a82abd06-06b6-45ec-ba05-ef1805fc35b6,615.31,success,2026-09-10 08:21:22.109958
2641,e2599885-96eb-4ee4-9b80-459e169d89b6,17749.32,success,2026-09-10 08:21:22.111603
2642,653111b4-c6df-4090-b905-83e339db113e,9551.27,success,2026-09-10 08:21:22.113343
2643,7dbf054f-3ee5-4b3b-bc93-17d28a59a1ff,18371.99,success,2026-09-10 08:21:22.114962
2644,03db9cdd-6d0c-4d05-a499-7e6aa246c4cf,10938.21,success,2026-09-10 08:21:22.116537
2645,b1306600-c44b-4428-a05a-8ea89910a551,14076.24,success,2026-09-10 08:21:22.118265
2646,ba0e9250-afa1-43d5-a2db-9900d2db08e9,10879.01,success,2026-09-10 08:21:22.120445
2647,bef1de6b-e957-4e5c-bb86-22c9645f6fb6,19134.36,success,2026-09-10 08:21:22.12504
2648,6dfac99f-f253-4d49-8635-80b535d5c61e,4785.13,success,2026-09-10 08:21:22.126826
2649,1b2821a1-0efb-451a-996c-edc6d98d84c1,3471.35,success,2026-09-10 08:21:22.128511
2650,66340778-a3ab-4e01-a687-d7b31e017d91,17911.27,success,2026-09-10 08:21:22.130181
2651,b5cff623-793e-46b2-b992-fa353c370710,12682.63,success,2026-09-10 08:21:22.131777
2652,5bbf5b30-3d1d-4dd9-a7e9-35375805f0d7,10455.24,success,2026-09-10 08:21:22.133345
2653,026fbe1b-e72d-48d8-a514-3458132fd678,1851.00,success,2026-09-10 08:21:22.136151
2654,63246251-f662-492e-a55d-705a9c456321,5455.08,success,2026-09-10 08:21:22.137853
2655,0b4acb42-c2ac-4da1-8cdb-01ef5b4a0260,15321.36,success,2026-09-10 08:21:22.139766
2656,8db1c014-2d3d-4930-a035-4157c7c1e0ba,11086.86,success,2026-09-10 08:21:22.141594
2657,01491b01-34dd-49f7-99dd-1a3aa2208905,11033.43,success,2026-09-10 08:21:22.143342
2658,dbf9f72a-38ac-497a-bdf5-30f9708a90df,8529.17,success,2026-09-10 08:21:22.145093
2659,e80f36c5-3cf8-47da-b01c-bd2f2fdda9e1,4289.19,success,2026-09-10 08:21:22.146671
2660,ef85b68b-ada2-4063-94cc-940d5b4c6a7c,682.35,success,2026-09-10 08:21:22.148409
2661,3e5e1704-6cc5-4f9c-aa62-18a1758e2f78,8668.76,success,2026-09-10 08:21:22.150101
2662,d78c8261-4f78-468d-ba35-99b253e46371,10036.79,success,2026-09-10 08:21:22.151877
2663,165ae508-4c2b-4399-af65-1657c2f3425c,7756.60,success,2026-09-10 08:21:22.153992
2664,e52e2471-3f97-4dfc-a4f2-d47d2d49aee8,2098.82,success,2026-09-10 08:21:22.156187
2665,0466d6eb-2009-4f4c-9fc2-a97a1308e226,8930.11,success,2026-09-10 08:21:22.158664
2666,9b2f0725-2db4-41f6-9368-07fed00a87d9,6790.15,success,2026-09-10 08:21:22.160988
2667,b9bb1d86-25fd-4a20-b41c-8979254be5bd,6442.20,success,2026-09-10 08:21:22.163083
2668,b9bb1d86-25fd-4a20-b41c-8979254be5bd,6442.20,success,2026-09-10 08:21:22.163083
2669,e3405d05-aabc-4604-8c6a-a89d4d48749f,14293.40,success,2026-09-10 08:21:22.165524
2670,5f46f0d4-875b-4c95-b3dd-6fa71e1e6bff,18187.40,success,2026-09-10 08:21:22.167618
2671,aa4ba888-2446-4a66-baa2-eb83c3f5fb71,5812.11,success,2026-09-10 08:21:22.169563
2672,e06ead05-eb46-4f6c-9314-c87d8e4595ec,7144.62,success,2026-09-10 08:21:22.17132
2673,4cd279bc-d41c-4146-8ad1-a337c7bbccdf,6470.05,success,2026-09-10 08:21:22.173687
2674,ba513300-1b15-42de-9bc3-5b11e04178e0,9537.90,success,2026-09-10 08:21:22.176031
2675,5cf1a851-ce79-4e5c-893d-213208e1717e,9317.77,success,2026-09-10 08:21:22.178136
2676,7fb489dc-f761-4a4e-96dc-00ec55467f4e,8792.44,success,2026-09-10 08:21:22.180306
2677,468bec19-f854-4e5c-905c-e85405465af5,5782.38,success,2026-09-10 08:21:22.182315
2678,821bd476-fa7f-4648-acc1-00345da13792,13736.91,success,2026-09-10 08:21:22.184385
2679,c280787b-c994-4233-b415-a6d8b91fc7f4,14134.52,success,2026-09-10 08:21:22.18627
2680,6239e156-b373-48f0-9325-8258776499cc,11223.27,success,2026-09-10 08:21:22.188387
2681,12ccaebf-6918-4636-a192-429cb783acda,13322.08,success,2026-09-10 08:21:22.190521
2682,61f2d0ab-8113-4e60-8957-aea6451f617c,10321.91,success,2026-09-10 08:21:22.192595
2683,28272a20-ed72-4b04-aaf1-d0dc1791c6ac,18411.29,success,2026-09-10 08:21:22.194873
2684,d7f1cb5d-182e-4fa9-80d5-06d28aa3829f,18539.16,success,2026-09-10 08:21:22.196536
2685,a3fb033d-7355-4268-87fc-bf23ac541fd4,16442.27,success,2026-09-10 08:21:22.198392
2686,67f54981-c462-4a46-85e5-746a71d7d933,12047.34,success,2026-09-10 08:21:22.200453
2687,b6709539-8ee4-48c4-810c-f1a78021c899,5027.76,success,2026-09-10 08:21:22.202292
2688,e822a55a-c8fe-4f19-8b75-294b23885c6e,3435.53,success,2026-09-10 08:21:22.204596
2689,ebcff2e0-2c71-4f20-9766-a191d3616d03,12604.30,success,2026-09-10 08:21:22.206358
2690,139c5744-6ab3-41d5-8abb-47b318d29578,8927.79,success,2026-09-10 08:21:22.208165
2691,b060acd5-2f79-44b9-8999-84c291b808e1,10788.67,success,2026-09-10 08:21:22.209841
2692,644479d2-c24c-43b7-98a8-228e37a48dd0,11627.55,success,2026-09-10 08:21:22.211975
2693,8e213064-f6a7-468b-b9f1-f163515e965f,19156.62,success,2026-09-10 08:21:22.213635
2694,9f2f7c66-844f-44f2-a7ff-0b542fa40594,6970.72,success,2026-09-10 08:21:22.215568
2695,21817149-bab8-4713-b201-59dc33109e86,16531.05,success,2026-09-10 08:21:22.217636
2696,1a65a87b-0206-43ae-9b7b-5f9b077fea9e,1386.25,success,2026-09-10 08:21:22.219614
2697,c265ef50-788b-4c62-870f-b7bad337e18e,15346.04,success,2026-09-10 08:21:22.221222
2698,88bfb844-7c0a-4b61-a68e-002562334baa,1523.38,success,2026-09-10 08:21:22.22319
2699,53c6a132-1201-4d5a-afa7-679090ac521e,1830.27,success,2026-09-10 08:21:22.224976
2700,4a1d1b79-bda7-4969-93c9-46ed4dab2b71,10626.94,success,2026-09-10 08:21:22.226811
2701,46558db4-aef5-4e0c-ac49-9d2b37f35b03,17804.77,success,2026-09-10 08:21:22.22883
2702,adc82487-c580-4c49-abdf-c0cdf09b9071,7869.45,success,2026-09-10 08:21:22.230833
2703,014967d6-7af4-4611-82f9-2e075435b659,11807.18,success,2026-09-10 08:21:22.233005
2704,19a6be23-1dc7-4fad-b064-dd5a86a7a6bb,18097.55,success,2026-09-10 08:21:22.23486
2705,7db5fdab-43ec-4845-842b-293c6e728d30,10897.77,success,2026-09-10 08:21:22.236947
2706,40bb7db3-d327-47f3-959d-dcf3d46a427a,8833.31,success,2026-09-10 08:21:22.239215
2707,40bb7db3-d327-47f3-959d-dcf3d46a427a,8833.31,success,2026-09-10 08:21:22.239215
2708,b79e3bde-225b-4280-b015-b2a07b2deca8,9587.44,success,2026-09-10 08:21:22.242194
2709,482d7aa3-72e8-4013-9c81-5ad1a67f9ddf,5691.82,success,2026-09-10 08:21:22.244331
2710,bfa3a77a-fc2f-43ab-8af7-754afcd7d87f,11232.64,success,2026-09-10 08:21:22.246123
2711,bfbd1a7d-0d86-41d8-8c3e-60f41f1a2d2d,18870.15,success,2026-09-10 08:21:22.247911
2712,1b8f8c82-0798-4203-89e9-af5d46c999a2,1129.61,success,2026-09-10 08:21:22.249546
2713,76f75329-45cd-4e1b-ab26-3b43cfe33be9,8397.98,success,2026-09-10 08:21:22.251356
2714,c1c76c27-8978-405b-bc77-15c996eb639a,3439.68,success,2026-09-10 08:21:22.253679
2715,3f00bbd7-9349-4f38-83eb-91f5fa7d4c29,17048.20,success,2026-09-10 08:21:22.25604
2716,2ffc8538-6b39-413a-87fc-a7d9360e705b,12642.28,success,2026-09-10 08:21:22.257956
2717,2ffc8538-6b39-413a-87fc-a7d9360e705b,12642.28,success,2026-09-10 08:21:22.257956
2718,352d3874-8773-4b8a-b263-44c3356c865d,13089.21,success,2026-09-10 08:21:22.260341
2719,66cb2770-5852-4330-ad29-c7b789f1f198,13987.57,success,2026-09-10 08:21:22.262333
2720,89ceefed-3edb-4886-9746-7d46345e4c7e,12905.03,success,2026-09-10 08:21:22.264315
2721,e74d8135-0376-49ab-bea3-c240a99913aa,6524.51,success,2026-09-10 08:21:22.266323
2722,bd6ab756-d896-4e4e-9db3-159c6d4dffb4,3165.37,success,2026-09-10 08:21:22.268377
2723,b269045c-e86a-47fc-856b-bb4e5e698ea0,15407.55,success,2026-09-10 08:21:22.270329
2724,de47fc24-fece-45f1-907c-3f6a2ee4186c,1219.93,success,2026-09-10 08:21:22.27234
2725,4e4a401a-6907-4250-85df-4a5da115edd2,6922.06,success,2026-09-10 08:21:22.274198
2726,c33b42ac-8c19-44fd-ba97-de6463097d7d,4257.51,success,2026-09-10 08:21:22.276345
2727,48a5b8b1-aac7-4e48-b3e0-4a16f385f2d1,7397.69,success,2026-09-10 08:21:22.278288
2728,e8d6ded2-6889-4b36-ac9e-2cc4586a5658,4130.67,success,2026-09-10 08:21:22.280432
2729,c5bc300d-3935-44b2-bc90-08bef17e2d67,2134.70,success,2026-09-10 08:21:22.282212
2730,d9b8b644-2578-468f-9ff7-84c225ea3aa3,13528.56,success,2026-09-10 08:21:22.284195
2731,4c5eee6c-9e64-4822-b663-5a588e0db345,16322.17,success,2026-09-10 08:21:22.286092
2732,6269de60-5ef5-44ca-9e4c-46dc2f1d0880,8561.86,success,2026-09-10 08:21:22.28787
2733,93ad1035-6cf9-4076-ad6a-a430a5d78f16,18595.02,success,2026-09-10 08:21:22.291511
2734,93d615b3-6d74-4bd7-99bd-2e05afe94f35,8744.56,success,2026-09-10 08:21:22.29341
2735,9b78e252-c247-409e-b4e8-eeaf7605b46e,4218.84,success,2026-09-10 08:21:22.295214
2736,00bf6afd-c9f9-41e3-938f-c2adaa0928b1,17405.28,success,2026-09-10 08:21:22.296787
2737,7a8281b1-82a5-4a7b-bf15-76f440f09c16,8733.75,success,2026-09-10 08:21:22.298735
2738,3a1ae3a4-bddf-42a0-b071-a7ff2d63a51d,15445.84,success,2026-09-10 08:21:22.300478
2739,dbe364e4-db81-4153-9226-0667cd088959,10839.03,success,2026-09-10 08:21:22.302364
2740,a6a6a7b4-60ac-498f-8671-87dd944205f5,16648.99,success,2026-09-10 08:21:22.303721
2741,cc4e0fea-7620-4513-8791-7366adcb7572,4125.40,success,2026-09-10 08:21:22.305625
2742,b55c5153-444d-4f51-82c1-bc4b5377f475,17547.89,success,2026-09-10 08:21:22.307781
2743,ae025fd1-df24-4325-888e-4bada590cb7a,7469.78,success,2026-09-10 08:21:22.309838
2744,99d76d91-1d9a-4831-9d7b-53a7bc71990a,7955.37,success,2026-09-10 08:21:22.31226
2745,3be5cf60-a888-4745-894f-d732a0f9bfdc,5144.16,success,2026-09-10 08:21:22.314308
2746,61e76629-7c3b-4ce2-b224-680a4e11d01a,7524.57,success,2026-09-10 08:21:22.316474
2747,7bdd40f8-ab97-4cc8-936b-162c579310b2,13949.21,success,2026-09-10 08:21:22.318841
2748,429dc0b1-eb5b-4a4a-a62d-2909b94a49c3,1817.25,success,2026-09-10 08:21:22.320807
2749,f7edc59a-b203-4dfb-8c53-682195b99bb9,11374.24,success,2026-09-10 08:21:22.322819
2750,b4232469-72b5-4a06-8d8d-44619d54857f,10875.91,success,2026-09-10 08:21:22.324987
2751,b4232469-72b5-4a06-8d8d-44619d54857f,10875.91,success,2026-09-10 08:21:22.324987
2752,ede10b51-0015-48b0-868c-22b332b17e6a,1306.60,success,2026-09-10 08:21:22.327235
2753,cf525def-87d0-49c4-9ef7-a557a3c91b3a,2268.52,success,2026-09-10 08:21:22.329083
2754,3289b941-c0ed-469d-8330-442cd727da27,3226.55,success,2026-09-10 08:21:22.331624
2755,17f40296-ce8b-44fc-bc4c-0e048edeb35d,13104.16,success,2026-09-10 08:21:22.333489
2756,5f1ee656-d8b5-4b08-84db-1156267af090,4558.77,success,2026-09-10 08:21:22.335969
2757,7836b30a-4211-429d-af37-8995bc3aaae6,2137.33,success,2026-09-10 08:21:22.338343
2758,9ea90b33-77ad-43db-bac6-37e455efcf68,8533.08,success,2026-09-10 08:21:22.340659
2759,97720cd5-b9f1-4d7e-b097-8e0fbfe4a62d,4608.97,success,2026-09-10 08:21:22.343525
2760,f029b793-d1b6-4532-a813-0f97b17a0899,3797.82,success,2026-09-10 08:21:22.345869
2761,bf33d147-9576-4ccc-a135-e1b2c8a36e1b,1693.91,success,2026-09-10 08:21:22.348522
2762,b89abd6b-b455-440a-99df-27d3414a9c38,3804.19,success,2026-09-10 08:21:22.351375
2763,8db29678-966c-4367-81a2-e5dd669436ef,8127.42,success,2026-09-10 08:21:22.354479
2764,5d3f2b70-ca13-4180-8c59-34cf804a4134,17497.40,success,2026-09-10 08:21:22.356925
2765,c271fe59-1e9f-4c62-8af3-b6999b074b73,9803.00,success,2026-09-10 08:21:22.359124
2766,dda0beab-f1a9-4a4e-b12b-f6f4423703e7,12245.66,success,2026-09-10 08:21:22.361299
2767,5935e6b7-f5f3-4b70-a2d5-c918eb721aaa,7365.44,success,2026-09-10 08:21:22.363715
2768,e6842eb6-7c09-4583-9720-f2a9cb05ded5,4855.67,success,2026-09-10 08:21:22.366215
2769,1c008cef-8813-4845-973b-c0daabd995ab,11623.69,success,2026-09-10 08:21:22.368676
2770,7af58828-a913-4c21-b200-5e531783f014,10718.64,success,2026-09-10 08:21:22.370702
2771,89292df9-5a0d-4e4b-8a00-0c3ead5f7cbf,4434.25,success,2026-09-10 08:21:22.372834
2772,8221bdd0-b231-4bb7-a29d-5b80f5f2eb09,12238.81,success,2026-09-10 08:21:22.375099
2773,ab964000-3112-489c-a2d4-7e7e2fd6e7f1,19898.93,success,2026-09-10 08:21:22.377085
2774,381c2924-ac30-43b5-8d34-8770345d6d80,6084.24,success,2026-09-10 08:21:22.379288
2775,43c6bb97-2511-4073-9aca-b16dd55fe4d4,4675.67,success,2026-09-10 08:21:22.381513
2776,a5a42794-fbee-4ab2-a4f3-46d2ae639f45,4323.72,success,2026-09-10 08:21:22.383624
2777,42710ee0-41bd-45bf-9214-2b827ee1f1a7,10923.41,success,2026-09-10 08:21:22.385842
2778,5e6e44ca-d8b1-4cd9-957e-177eebc93ae9,1939.93,success,2026-09-10 08:21:22.388687
2779,ba29df3d-41ad-4b24-bebc-f86e2706284a,8557.61,success,2026-09-10 08:21:22.391451
2780,2b6ccb8e-0de4-41b0-a908-155e45c1d962,8436.06,success,2026-09-10 08:21:22.393735
2781,581f7563-abde-4ee3-97ca-f41e08abee1c,5175.06,success,2026-09-10 08:21:22.395595
2782,49850dff-4060-4303-89d6-9621b90d6e1d,18193.54,success,2026-09-10 08:21:22.397874
2783,7db2f920-cdad-46f5-8155-059cb42cef39,3625.13,success,2026-09-10 08:21:22.40038
2784,656e2e45-5435-449c-8d55-80f3871662ec,15301.17,success,2026-09-10 08:21:22.402732
2785,2704709d-8792-4e09-a3bc-c9756033c320,14413.11,success,2026-09-10 08:21:22.405065
2786,5fa1aca7-8915-48e4-bd5a-6c52fe81959c,15846.20,success,2026-09-10 08:21:22.407333
2787,48a144aa-c976-480a-8cd4-7b2b3706f433,4795.57,success,2026-09-10 08:21:22.4095
2788,48a144aa-c976-480a-8cd4-7b2b3706f433,4795.57,success,2026-09-10 08:21:22.4095
2789,2f06b3da-e9a6-4319-9ac5-7a152ebaeba6,15400.05,success,2026-09-10 08:21:22.411889
2790,4d800ab8-8109-4156-86c6-61dd1cc17e68,10719.10,success,2026-09-10 08:21:22.414081
2791,206771da-aa43-470d-bc8a-14bc9ee36ad5,1561.54,success,2026-09-10 08:21:22.416158
2792,e5be1642-2681-4548-975f-0cc65b84cb39,123.23,success,2026-09-10 08:21:22.418274
2793,ecded978-3bcd-4e8b-b901-9c5ca2c2807c,15624.11,success,2026-09-10 08:21:22.420361
2794,3269be48-32f8-4f3e-8198-5672e89f082f,18252.52,success,2026-09-10 08:21:22.422792
2795,409810c3-ac05-4a42-a49f-81a2764fb6ce,14161.49,success,2026-09-10 08:21:22.424731
2796,c2556927-ac61-4cb1-980f-73658cf19817,1077.19,success,2026-09-10 08:21:22.426857
2797,19c83e1b-b620-4b08-84cc-a2a4c89639c6,12358.71,success,2026-09-10 08:21:22.429465
2798,cd4bb6cf-e043-49e6-8ce4-052a28a129a5,16711.41,success,2026-09-10 08:21:22.43153
2799,15cbeadb-48dd-4f6b-9d29-4bf3039fa765,3606.78,success,2026-09-10 08:21:22.433643
2800,f6c83e7d-c9f6-47eb-b385-2a3e7f41c005,7869.52,success,2026-09-10 08:21:22.435737
2801,58cfb8fc-93c7-429b-b952-0d137b42f2a3,4693.12,success,2026-09-10 08:21:22.438213
2802,0e7cce2a-9870-4325-a545-e9541242567c,863.36,success,2026-09-10 08:21:22.440823
2803,e0cce72e-b357-4d47-8019-d20fb7facf05,445.00,success,2026-09-10 08:21:22.442772
2804,22a47fe9-a71e-49d4-8f60-4f7f6a4afe22,16853.01,success,2026-09-10 08:21:22.445178
2805,df63e8cd-8bf4-483e-a5cc-036d3113e019,6389.93,success,2026-09-10 08:21:22.447353
2806,cf20abc5-933d-41bc-a706-9967c9631fb0,7621.28,success,2026-09-10 08:21:22.449362
2807,9af724e4-82a1-47fd-8487-be87d7fb5bf7,8044.45,success,2026-09-10 08:21:22.451581
2808,5ceb647e-71f1-42a4-8677-10c5806498c6,6376.33,success,2026-09-10 08:21:22.45356
2809,a68686a9-70d5-4196-8e58-25d1ef5a4859,6217.95,success,2026-09-10 08:21:22.455769
2810,f2e2e2db-0666-4c71-9e75-c745b9bc93b8,798.13,success,2026-09-10 08:21:22.458281
2811,5ea49f63-e828-4368-91c3-95def48e9335,12397.14,success,2026-09-10 08:21:22.460476
2812,9ea5355b-3094-4361-996d-e5eea244cab8,10343.72,success,2026-09-10 08:21:22.462726
2813,8700c514-3af6-43c6-a073-8c2a0b3ab521,4866.90,success,2026-09-10 08:21:22.464701
2814,2f2da05b-f89e-4f46-9881-28cd189b72cb,8419.24,success,2026-09-10 08:21:22.466763
2815,8fabfe13-7641-4920-b4dc-83a54a332897,12695.06,success,2026-09-10 08:21:22.468786
2816,f3cad369-994f-411f-9673-1e91455e86db,19164.64,success,2026-09-10 08:21:22.470833
2817,55e90b06-a53e-414e-9637-d1c1dc89aee8,5406.03,success,2026-09-10 08:21:22.473117
2818,6c9fea3c-1b26-4c31-b766-b75d85fdb218,18968.27,success,2026-09-10 08:21:22.475161
2819,ef79d9fb-3ced-4bfc-b9f7-c0c695271638,9518.21,success,2026-09-10 08:21:22.477346
2820,914f5e25-f37b-4dd0-b3c9-f0acf99095c9,289.69,success,2026-09-10 08:21:22.479739
2821,14e1c649-7ab5-400a-8af7-42838fcf8bca,2313.76,success,2026-09-10 08:21:22.481943
2822,4473ba67-fb7a-429a-99ba-432b05d1ff58,11131.17,success,2026-09-10 08:21:22.483776
2823,c8f14bcb-83e8-46e1-abbe-b56405683ec8,10683.82,success,2026-09-10 08:21:22.485694
2824,5519e049-1059-44d8-a289-ef2de9b5929d,18841.18,success,2026-09-10 08:21:22.487583
2825,e898f88c-563d-4ed7-814e-b425444a40a5,12963.28,success,2026-09-10 08:21:22.489419
2826,92dd8d1b-4001-49f0-b152-86c041667381,19368.66,success,2026-09-10 08:21:22.491285
2827,fcbf5e52-b678-4b98-a791-7f5c98de7156,18556.09,success,2026-09-10 08:21:22.493476
2828,2c063e92-3dfb-4c66-bf2a-cafcac4d51f7,10690.18,success,2026-09-10 08:21:22.49563
2829,aa7fce9e-0379-45e9-b33e-39fcfabc5f6f,19396.98,success,2026-09-10 08:21:22.497753
2830,1b68ec0e-e7bd-4f54-91e4-27f3cc701a27,18452.27,success,2026-09-10 08:21:22.499183
2831,7ef25256-d0d6-4027-9aa0-54b95d4a0b01,8930.19,success,2026-09-10 08:21:22.500801
2832,2b7844c8-f045-486b-b4be-44aba83af3ef,11997.07,success,2026-09-10 08:21:22.502613
2833,48892e77-fdb1-4969-be62-fb019675f2e9,1501.68,success,2026-09-10 08:21:22.504843
2834,c15ebef2-78f9-4fa5-a877-070949fd00d8,11962.47,success,2026-09-10 08:21:22.506839
2835,05286d76-cf36-4ed1-9c9a-673cdbe56c5c,7327.86,success,2026-09-10 08:21:22.508577
2836,841567a4-a4d4-4920-a545-f569a846188f,5501.63,success,2026-09-10 08:21:22.51061
2837,665da766-63d3-4353-9b62-35e9645f599e,10732.66,success,2026-09-10 08:21:22.51221
2838,8071b66a-116f-4257-83e1-d8e53a34fc89,9831.40,success,2026-09-10 08:21:22.513731
2839,cdc8fcb1-6b17-4a78-81f8-950d69e74969,2697.22,success,2026-09-10 08:21:22.515659
2840,c14c16d6-aba6-4b35-8b78-8fe442e7b0e9,9059.88,success,2026-09-10 08:21:22.517474
2841,0e198d32-bf78-4d83-a1c8-4ccc9fb3f1b1,900.06,success,2026-09-10 08:21:22.519744
2842,248a6031-5e30-45b5-9109-2696066e98b5,10557.32,success,2026-09-10 08:21:22.521864
2843,f2e13bfa-d088-4866-9e98-e1192090a422,4186.33,success,2026-09-10 08:21:22.523642
2844,80b36952-fe38-4707-82df-cce84207628d,11473.13,success,2026-09-10 08:21:22.525714
2845,5820a3f6-b0e9-403b-bdd4-f93e24b83299,13647.07,success,2026-09-10 08:21:22.527675
2846,17a1db3e-b0d3-4f79-b0a6-24fb567e4844,13183.86,success,2026-09-10 08:21:22.529499
2847,c547faca-191a-41d3-ad11-0f37bcca0a13,13766.70,success,2026-09-10 08:21:22.531623
2848,cf9c8291-44b6-4606-8882-852327cf0a47,15399.77,success,2026-09-10 08:21:22.533385
2849,1eb911df-75c8-4618-beef-8db0df74e60b,522.09,success,2026-09-10 08:21:22.535052
2850,b34d0281-3b2d-42cf-af8e-e161d78443ce,6399.30,success,2026-09-10 08:21:22.536972
2851,d2c1ffc3-d472-41fe-aa4d-a43277df47fb,2262.50,success,2026-09-10 08:21:22.538736
2852,b4e931a4-8fd9-49a6-a1cb-b9cf4a38706e,4602.29,success,2026-09-10 08:21:22.540651
2853,ba2d4dad-5457-4693-ac6d-3203e353b06e,12526.17,success,2026-09-10 08:21:22.542403
2854,d5c73e0b-0425-4cfa-b184-fccba0fea763,4571.92,success,2026-09-10 08:21:22.544011
2855,037e0413-a1e0-4519-aec6-a242f703c797,349.22,success,2026-09-10 08:21:22.545728
2856,c4ea7227-f546-472e-82d8-1253f8a1f5ed,13369.80,success,2026-09-10 08:21:22.547241
2857,23e844ca-d4e2-4b8c-85b8-97f205389ccd,17717.28,success,2026-09-10 08:21:22.548974
2858,941eeaaa-971c-4a60-ab17-035921294125,16476.63,success,2026-09-10 08:21:22.550989
2859,10e282a0-bcea-47f4-a8e4-6c91e0f5cab0,126.03,success,2026-09-10 08:21:22.553184
2860,35b2a50c-206a-45f7-b019-2b28106f8662,9835.94,success,2026-09-10 08:21:22.555308
2861,5b9cb6e7-2cde-40ff-ba39-e12e577bb1fa,12767.04,success,2026-09-10 08:21:22.557244
2862,14c8e13b-a83d-45ff-8c45-ded77a2ba201,4820.20,success,2026-09-10 08:21:22.559118
2863,a34238bc-ce34-4543-951b-2df424f92762,14571.28,success,2026-09-10 08:21:22.561543
2864,ae687e0e-be03-408f-b150-b00bc0d65572,8950.34,success,2026-09-10 08:21:22.56367
2865,c7f43703-e70c-4a54-96d0-57a0b1f11457,7725.20,success,2026-09-10 08:21:22.565478
2866,520f369c-e1e1-4f3b-b6f4-f6e5de9327c9,13156.30,success,2026-09-10 08:21:22.56738
2867,c95266a1-d98c-42e3-848c-86dbcec32627,18546.26,success,2026-09-10 08:21:22.569562
2868,2febce7f-b63f-494b-92fa-04aa1730fc03,16599.89,success,2026-09-10 08:21:22.571531
2869,4304256b-13f6-469c-9691-98e6a0ec53fd,9520.33,success,2026-09-10 08:21:22.573364
2870,83da5aa8-7bb6-458e-839c-ef757339988b,9977.53,success,2026-09-10 08:21:22.575958
2871,3dcb2518-9cbf-4f58-9606-4baffd84b3cf,19327.42,success,2026-09-10 08:21:22.578143
2872,3a0f3aa1-9ab2-4017-910d-ccf88975e36c,7562.32,success,2026-09-10 08:21:22.579936
2873,732c2949-7305-46d9-82a8-944e62aec996,13485.43,success,2026-09-10 08:21:22.58185
2874,e3438452-9320-40eb-bf56-477e75da492b,10343.33,success,2026-09-10 08:21:22.583873
2875,9159c563-fd05-4eec-ab02-223d767297eb,12149.95,success,2026-09-10 08:21:22.585904
2876,a6bcc42a-cd9b-4eb5-8f0c-eb9333cb5836,154.50,success,2026-09-10 08:21:22.588005
2877,44589e8b-17c7-43d2-aef4-abaca2a5c1b9,5290.75,success,2026-09-10 08:21:22.590033
2878,776c14dd-4ad8-435e-ac64-e7f438605467,5797.18,success,2026-09-10 08:21:22.591944
2879,59c4760b-e8ad-438a-8294-df6191ce6278,1630.94,success,2026-09-10 08:21:22.593816
2880,210569ef-f5b9-4c77-8648-d2581484208a,3834.78,success,2026-09-10 08:21:22.59556
2881,94717dcd-ef9d-41e4-8e61-1d391a599547,8911.15,success,2026-09-10 08:21:22.597159
2882,0f6466e6-1ca2-4fd8-900b-fe9ec4f0fc67,8446.84,success,2026-09-10 08:21:22.599067
2883,3befe406-fc00-43d5-bd22-7404028e625d,3430.50,success,2026-09-10 08:21:22.601016
2884,2846717e-3566-4452-9788-aef745741860,4890.79,success,2026-09-10 08:21:22.603209
2885,7f50de60-c1a1-4048-aad9-7c3bbb881d12,8253.94,success,2026-09-10 08:21:22.605555
2886,1cb1a2a0-a952-4857-86b1-ecec56b9e6ba,13655.70,success,2026-09-10 08:21:22.607355
2887,8af4bfc8-c938-4735-a7fe-902804787762,18144.00,success,2026-09-10 08:21:22.610018
2888,e460e645-ee3c-489c-8811-cdfe15705aae,4417.54,success,2026-09-10 08:21:22.61228
2889,1fe8bba7-b21a-4e27-baea-f9d56d7bf780,16126.88,success,2026-09-10 08:21:22.614368
2890,81c2531d-236c-4536-b701-03be33a50e6b,14010.00,success,2026-09-10 08:21:22.616737
2891,601edaa4-0b63-411d-a7ed-bade15b36743,18624.02,success,2026-09-10 08:21:22.618786
2892,71309d4b-ec75-49c7-8a3a-a667be9ec7d9,16889.11,success,2026-09-10 08:21:22.621119
2893,cdb7b9b1-da18-4985-9c41-f174bde5c697,7033.78,success,2026-09-10 08:21:22.622753
2894,eb28b308-e005-4620-970f-5d538885d10b,3766.06,success,2026-09-10 08:21:22.625028
2895,eb28b308-e005-4620-970f-5d538885d10b,3766.06,success,2026-09-10 08:21:22.625028
2896,c133f121-b22d-4ad8-af34-1306d2ff415d,14770.94,success,2026-09-10 08:21:22.627391
2897,4baee9c7-3bdb-4c83-a51e-d78a8790d5bc,9640.18,success,2026-09-10 08:21:22.629658
2898,e91bd20a-dcce-446e-9f50-98c6857a5b4d,18233.84,success,2026-09-10 08:21:22.631697
2899,a8ef4299-8621-4f31-a9da-66671ffc91b2,2028.54,success,2026-09-10 08:21:22.633795
2900,d537c039-c6c0-4a4f-9f9f-77b0bbf9065a,17503.40,success,2026-09-10 08:21:22.635528
2901,7e2f496a-af37-4da4-bec1-e993047ae596,17951.23,success,2026-09-10 08:21:22.637208
2902,7342afcd-8424-4ccd-a99a-526a10dafd66,18339.19,success,2026-09-10 08:21:22.639587
2903,5eac7ca9-72a4-44e7-8fb9-f661c281932f,14594.83,success,2026-09-10 08:21:22.642002
2904,9ee3078d-7201-4914-8717-5845d3c36708,15526.86,success,2026-09-10 08:21:22.643903
2905,d4ef0bfa-9d41-4aa1-8266-bbbf485e8a5d,3467.77,success,2026-09-10 08:21:22.645666
2906,36db7c33-f031-44c9-b31d-e94d18b9121e,4085.70,success,2026-09-10 08:21:22.64857
2907,7419118a-6c4f-4d31-aaa8-e9fed8a3f5f4,12512.86,success,2026-09-10 08:21:22.650527
2908,10758104-cc64-4caf-9a22-b8ab211e535e,5458.74,success,2026-09-10 08:21:22.65236
2909,60aef516-de9e-4df3-ab17-ee4e1b8103a1,16270.51,success,2026-09-10 08:21:22.654115
2910,5a805486-8924-4af0-b126-4931cf4884c0,6288.79,success,2026-09-10 08:21:22.655946
2911,d3a6122d-89e9-4223-8438-12a50496caa3,11587.89,success,2026-09-10 08:21:22.657603
2912,24476512-b27d-4d6b-bd23-66e8cd140276,18251.36,success,2026-09-10 08:21:22.659822
2913,3e7df5dc-0ea1-436a-8fa3-5e882d3cce2e,7746.65,success,2026-09-10 08:21:22.661752
2914,98c4d163-8dce-441d-8fe6-abaaa2af44c2,4237.49,success,2026-09-10 08:21:22.663723
2915,aae35030-62fe-4906-9f62-e3ca03d3ad7b,17328.78,success,2026-09-10 08:21:22.665468
2916,b643da46-aec9-42c6-99ca-817499dbb3e4,19237.32,success,2026-09-10 08:21:22.666923
2917,c559f7cf-4d65-42f2-85f8-06111295e994,3343.53,success,2026-09-10 08:21:22.669127
2918,760967ff-023a-4eb5-b947-c9a196d1c54d,1598.03,success,2026-09-10 08:21:22.670707
2919,d7881d67-f7db-411e-9f40-936c87d6b2d3,7810.28,success,2026-09-10 08:21:22.672399
2920,7176db2f-5897-4991-baa3-23c0bdd7a5bd,3404.19,success,2026-09-10 08:21:22.673838
2921,ea3d0e01-71e2-4411-9808-b6e13400889d,8489.44,success,2026-09-10 08:21:22.675417
2922,af6cdce9-1b42-426e-a985-4bee8704438f,11890.30,success,2026-09-10 08:21:22.676816
2923,664736aa-ad84-499d-bad8-59533b18689d,3225.01,success,2026-09-10 08:21:22.678669
2924,c0b442ae-7d69-4f65-8a08-74105a5cb675,4758.96,success,2026-09-10 08:21:22.680287
2925,2db12e16-3f90-427e-ad92-102b0f181a75,12168.57,success,2026-09-10 08:21:22.681919
2926,3f16b056-ca29-4a49-a5ef-ac7195ebf496,4664.90,success,2026-09-10 08:21:22.683507
2927,8fd43f44-b35a-425c-a777-68cfa08c9b9e,14864.56,success,2026-09-10 08:21:22.685122
2928,da66ccaa-4f0c-4287-b70b-cf93abf627f5,10544.81,success,2026-09-10 08:21:22.686758
2929,f968e594-1c3d-4cf4-9388-5535fa16f37c,8526.66,success,2026-09-10 08:21:22.688117
2930,adf5ae4b-1d34-4614-8dbc-27e0ee45b682,7754.20,success,2026-09-10 08:21:22.689605
2931,da598780-85b0-46bd-989d-114455cddab9,10674.49,success,2026-09-10 08:21:22.691022
2932,455a15fe-1092-4c0a-bdb2-b3a7b2431995,1997.03,success,2026-09-10 08:21:22.692646
2933,7ca2f907-323f-482b-b753-42b690fe206c,11170.33,success,2026-09-10 08:21:22.694213
2934,96d4a341-4597-4ead-9731-bf53977b8d36,7030.41,success,2026-09-10 08:21:22.695777
2935,77e6d53d-eb2a-4280-ac20-0a6ec3239b1f,15874.21,success,2026-09-10 08:21:22.697135
2936,217cf421-dce1-469a-b535-663432db00c1,8853.83,success,2026-09-10 08:21:22.698666
2937,e3856e1a-60e7-48aa-85dd-0a4e8c147ff5,12490.80,success,2026-09-10 08:21:22.700352
2938,10e790f6-434e-4709-ad28-996e803497d7,19691.47,success,2026-09-10 08:21:22.702287
2939,65c47b45-9f36-447b-9b4e-07f06c04403c,8851.63,success,2026-09-10 08:21:22.704491
2940,9f61990d-4b85-4b2f-b23e-6c7d2d50195b,17493.20,success,2026-09-10 08:21:22.706519
2941,4b2af2cb-e42c-4f7a-a087-d6028fdd1a59,2923.77,success,2026-09-10 08:21:22.708473
2942,c9c8ebff-154e-4ca8-96c1-1b2d517043a2,1311.63,success,2026-09-10 08:21:22.709998
2943,72148e40-a589-4f97-b8b2-c0ed19d41545,11791.64,success,2026-09-10 08:21:22.711561
2944,9768e26e-1300-408e-8219-36bd0cac339d,19574.57,success,2026-09-10 08:21:22.713343
2945,7eb46ae1-7a8e-4ca3-99f2-b0f6dfb68d1b,17124.20,success,2026-09-10 08:21:22.715003
2946,7eb46ae1-7a8e-4ca3-99f2-b0f6dfb68d1b,17124.20,success,2026-09-10 08:21:22.715003
2947,7cf42487-967b-4c77-b751-ef7ee7fec09b,655.05,success,2026-09-10 08:21:22.717126
2948,7cf42487-967b-4c77-b751-ef7ee7fec09b,655.05,success,2026-09-10 08:21:22.717126
2949,7a0d616b-b0df-4424-9523-7915e59ed468,7417.98,success,2026-09-10 08:21:22.718839
2950,dc7dd44d-747f-4e7b-9f49-4392ca6a8c58,9776.93,success,2026-09-10 08:21:22.720576
2951,bc13bbfe-b822-4ac4-b532-59b0d363d0d8,19854.17,success,2026-09-10 08:21:22.722133
2952,34c4bc57-ed1e-4b15-bdbb-45c6549d47df,3621.86,success,2026-09-10 08:21:22.724103
2953,15874aab-65d8-4a12-919d-6ede1b4bd5b6,16099.66,success,2026-09-10 08:21:22.72602
2954,d40223d7-90d1-42ff-9095-ed73218b29f8,8331.79,success,2026-09-10 08:21:22.727496
2955,3b80370f-f268-4754-921f-fd0e83f44171,11269.04,success,2026-09-10 08:21:22.729364
2956,2b7e57a6-ebcc-4e87-b564-76e9682b29b1,8732.73,success,2026-09-10 08:21:22.731209
2957,32702766-c09e-4e3d-9a48-315229789ab1,16121.83,success,2026-09-10 08:21:22.732847
2958,4beeec48-0d15-4c02-9182-89f480c0c52f,10510.81,success,2026-09-10 08:21:22.734697
2959,9ac3e85f-99da-4a84-b25c-ff9235a7a565,5436.41,success,2026-09-10 08:21:22.736452
2960,0283d8be-40d4-46bc-9a00-923b3a3b36ce,12300.16,success,2026-09-10 08:21:22.738173
2961,1559c415-cd39-4b89-ab4b-658e8fdb0322,17096.75,success,2026-09-10 08:21:22.740876
2962,36681856-b73d-4e9d-b4f2-54cdc60e1ed7,18727.16,success,2026-09-10 08:21:22.743147
2963,d9fa04e5-4118-49b7-809a-e7bb986a0248,76.84,success,2026-09-10 08:21:22.745014
2964,a70cedf7-b43a-4134-bef5-dd7f70f24737,761.34,success,2026-09-10 08:21:22.747078
2965,41b74498-aa53-4180-ab10-d00c2cddf87d,9517.32,success,2026-09-10 08:21:22.748735
2966,a7231873-8572-4bf4-9e9f-eaa5ddebfdd3,17267.05,success,2026-09-10 08:21:22.750811
2967,1ccba998-afc0-49d8-8623-6af32a6dd0fc,12004.73,success,2026-09-10 08:21:22.752791
2968,7641c4c4-9fbb-4164-9d08-3022ef4f38d5,6508.48,success,2026-09-10 08:21:22.754876
2969,35c58768-58ea-4096-9624-6a756932844a,9083.06,success,2026-09-10 08:21:22.756813
2970,83c5eb66-9d00-46b6-b258-f64bbfba4cbd,4437.24,success,2026-09-10 08:21:22.758508
2971,e95bcdf7-8338-44fe-b091-c24831d0fffd,14153.38,success,2026-09-10 08:21:22.760597
2972,19adb787-1239-4074-8ab5-e46aa06c8c77,15664.48,success,2026-09-10 08:21:22.762221
2973,66ea7b43-6fff-4020-b5db-fcf5e7bb8844,15989.13,success,2026-09-10 08:21:22.763922
2974,e8fcaf40-6942-435b-baab-83b25e072eca,2629.26,success,2026-09-10 08:21:22.765819
2975,8fa8b886-0da9-4132-9184-1b6e147813ec,7452.77,success,2026-09-10 08:21:22.767629
2976,548317e0-7abd-43ef-9667-9cb9a97a87f3,12183.55,success,2026-09-10 08:21:22.769747
2977,68489d54-5a9c-4ed7-842a-f353d4672449,16483.93,success,2026-09-10 08:21:22.771738
2978,36143fae-451e-4701-bbd7-2185e67dd5da,14682.18,success,2026-09-10 08:21:22.774243
2979,dce2ed12-2bc2-405b-b32c-bce357a39e09,11180.92,success,2026-09-10 08:21:22.776237
2980,8abda666-af02-41ab-b747-ccd89835c98a,16694.89,success,2026-09-10 08:21:22.77809
2981,1ca65700-4ac0-4e62-8679-d3a800e07e70,6780.07,success,2026-09-10 08:21:22.779823
2982,1a252105-5f99-4540-9679-f0c020f16982,2914.01,success,2026-09-10 08:21:22.781504
2983,21a0749f-5e80-409b-b124-e93c8395fb90,12520.66,success,2026-09-10 08:21:22.783387
2984,721111a1-0af6-4b8e-b279-23b2e69410bb,8041.47,success,2026-09-10 08:21:22.786559
2985,beb251e3-24ab-4d36-9688-e312eb9dc880,18296.25,success,2026-09-10 08:21:22.788789
2986,adf737a3-fb5f-4e56-aa3b-e762903774db,14753.97,success,2026-09-10 08:21:22.790548
2987,8f44674b-0018-4264-bb50-96aa0ab02342,15030.77,success,2026-09-10 08:21:22.793592
2988,94db89e2-d272-4eb8-9965-99316f54c893,12363.86,success,2026-09-10 08:21:22.79559
2989,ebf9d932-ce46-4ebf-b35a-9bf44e98030b,2489.76,success,2026-09-10 08:21:22.797598
2990,292b3e5e-cc2b-4116-8745-9c1e11352b38,296.94,success,2026-09-10 08:21:22.799591
2991,af795c5e-809e-4bc4-a87a-cc88036e5cf5,16306.91,success,2026-09-10 08:21:22.801439
2992,4ba7060c-8b8b-4485-9806-65be62ef0099,10251.07,success,2026-09-10 08:21:22.802792
2993,be0700c2-6f04-4b7b-97cc-a8df8e3dfb82,18022.68,success,2026-09-10 08:21:22.80442
2994,826206ee-911f-453b-a807-10a19c25a5ad,14761.91,success,2026-09-10 08:21:22.806129
2995,971487e3-899b-4610-8c47-0a370dd95388,1375.96,success,2026-09-10 08:21:22.80805
2996,d18aeee6-415c-47cd-b739-cd6b80f16a4a,5969.61,success,2026-09-10 08:21:22.81006
2997,3cda2eef-167c-4cb5-a018-e131cce7a16d,10975.75,success,2026-09-10 08:21:22.811799
2998,ed41ab0d-1181-4ac9-b828-08c7ef3b58fa,16871.23,success,2026-09-10 08:21:22.813528
2999,d4b24355-f1aa-48c6-aa67-500f99af34e3,2678.71,success,2026-09-10 08:21:22.815103
3000,97da3bcf-b3b3-412d-8012-2b1d842096c2,618.49,success,2026-09-10 08:21:22.816718
3001,24543548-f4c2-43c6-9f86-40f1f729262a,3146.62,success,2026-09-10 08:21:22.818349
3002,90613619-b0ca-442a-9ace-dfb52bf68059,13027.53,success,2026-09-10 08:21:22.820448
3003,282553ed-237f-4dde-b52f-18e3166e0a4f,7087.61,success,2026-09-10 08:21:22.822148
3004,844372e1-99c9-4b14-b117-2a7da4f912ec,12619.28,success,2026-09-10 08:21:22.824237
3005,fb87328a-8369-47ed-9a5a-dc40e1941708,1829.87,success,2026-09-10 08:21:22.826251
3006,8aff2307-c4e4-4163-a633-dd1dc9f5e8c9,3655.15,success,2026-09-10 08:21:22.828305
3007,1eee169f-5fc5-492b-b5e2-313161ae4743,13795.18,success,2026-09-10 08:21:22.830361
3008,01f9467a-e696-4248-a572-9d50ceb8793f,19071.52,success,2026-09-10 08:21:22.832133
3009,75d06240-6e1a-4d21-a8c2-442f54a14523,3341.27,success,2026-09-10 08:21:22.834098
3010,f4bab300-5303-4a59-bf83-40c2eea753ef,15617.74,success,2026-09-10 08:21:22.835971
3011,4184d71d-af0d-4c68-ae9a-267c4e501e41,13831.63,success,2026-09-10 08:21:22.837801
3012,9624eb53-532a-4db8-8743-5432405b3bc9,14162.22,success,2026-09-10 08:21:22.840138
3013,1b0274c6-844d-4303-8518-f0fe363aeb06,747.13,success,2026-09-10 08:21:22.842226
3014,c2d97886-6be8-46e4-9e3e-ed0b6b4d242e,16048.31,success,2026-09-10 08:21:22.844106
3015,ba64de80-eaea-4006-99cc-4fc78678d21c,7028.98,success,2026-09-10 08:21:22.845908
3016,65b564cb-7697-4082-8419-7887789b562c,19495.56,success,2026-09-10 08:21:22.847976
3017,0d3b2ad8-a749-4eee-8a49-af3f7aa0f92e,5955.01,success,2026-09-10 08:21:22.850171
3018,010a0296-48f8-427f-8c64-45ce199c35d7,4785.83,success,2026-09-10 08:21:22.852245
3019,35d7c655-4a54-4472-b6d6-4e4ecde8910e,7449.79,success,2026-09-10 08:21:22.854147
3020,e10d66d9-2ab8-49dd-9cc7-a4495fe9b2a4,19649.30,success,2026-09-10 08:21:22.856282
3021,f012537f-33e5-4e22-83b7-76be3fd08887,19510.13,success,2026-09-10 08:21:22.858385
3022,3cee7f81-c196-4e45-b2af-a6685325aed3,12966.88,success,2026-09-10 08:21:22.86052
3023,584a023f-847c-4028-8696-7c15522b4fad,1855.54,success,2026-09-10 08:21:22.862347
3024,5d07ac31-fde7-4000-a910-852fef718373,12584.19,success,2026-09-10 08:21:22.864162
3025,9d521ede-1dbe-4a0d-9533-7a93c93b8792,7484.55,success,2026-09-10 08:21:22.865952
3026,1f9cf807-ab8e-4341-9ab5-aef47747468f,2448.05,success,2026-09-10 08:21:22.868108
3027,aac690fb-f0a6-4e34-b206-e06fd0bb9574,11863.07,success,2026-09-10 08:21:22.870156
3028,48ed9aa7-3ebb-458b-9519-117a1b815a3e,8782.21,success,2026-09-10 08:21:22.872168
3029,af4279c3-9636-4312-89f0-1bcf6d6cf9a8,17287.15,success,2026-09-10 08:21:22.874491
3030,2998df8b-4dfc-4dd7-a45d-de2e89b4142c,4522.28,success,2026-09-10 08:21:22.876591
3031,e289f023-d3e3-4f49-951f-157d1a7899c2,14836.27,success,2026-09-10 08:21:22.878515
3032,1e428853-d49c-423f-ac32-804ea7ef6048,18744.60,success,2026-09-10 08:21:22.880449
3033,6f3502c0-e031-451c-8c53-888fb44ff12c,2427.12,success,2026-09-10 08:21:22.882386
3034,d7672cf0-b583-4301-a5eb-0faf726e176d,15286.16,success,2026-09-10 08:21:22.884225
3035,984afa3d-69ce-4541-8c2a-2d32e770a606,4261.10,success,2026-09-10 08:21:22.886189
3036,db6874c1-31d1-40e3-902d-6f684d43e7bc,653.49,success,2026-09-10 08:21:22.88816
3037,f0124d04-5d63-41fd-8c6c-2d33b42617b4,9485.99,success,2026-09-10 08:21:22.890293
3038,80e3aae2-14f0-4e02-8af7-51af3f20d6ff,18887.47,success,2026-09-10 08:21:22.892101
3039,d2688d5f-b695-496a-a65f-527358f2e019,189.59,success,2026-09-10 08:21:22.894079
3040,ef961314-3a02-428c-a33a-d7a4d8c570e4,18488.32,success,2026-09-10 08:21:22.895804
3041,baaa659f-633d-4bac-bbe7-37b78e1d7ba3,13841.73,success,2026-09-10 08:21:22.897923
3042,ad0dada4-2f7d-4d1e-8c5d-b558a6655fbf,14592.97,success,2026-09-10 08:21:22.899731
3043,51dd7950-983e-48d3-a7d4-b81768f6b9f2,19452.84,success,2026-09-10 08:21:22.901623
3044,c4e34d0c-732b-492e-a1b0-16df49425218,5859.38,success,2026-09-10 08:21:22.903376
3045,6f676c85-ccc3-495b-8894-ba8eb9f63462,18436.32,success,2026-09-10 08:21:22.905108
3046,48209cab-fd62-4c1e-a38f-145a6c0259c6,19335.10,success,2026-09-10 08:21:22.90723
3047,26b4fe9d-74b2-459e-a00f-dc91c9564811,3655.01,success,2026-09-10 08:21:22.909023
3048,234c8d4d-f124-4a1c-b5e3-ef070697bd61,2872.76,success,2026-09-10 08:21:22.911219
3049,6e97940d-6e96-4553-9a03-ae06b655310c,11633.17,success,2026-09-10 08:21:22.912798
3050,9486e9be-4e73-4100-9bf9-28eaf4856d1a,19069.63,success,2026-09-10 08:21:22.914757
3051,5189d7ba-2ce9-4986-bf59-2fa517ad3712,13257.83,success,2026-09-10 08:21:22.916962
3052,f965077a-17b4-48c0-ad25-d701fe02bb9b,247.76,success,2026-09-10 08:21:22.918758
3053,44377f0e-f0c9-4b41-ac92-8253d16e38e3,8043.28,success,2026-09-10 08:21:22.920595
3054,0b95341b-5673-48f1-b581-145a3f1dfa70,8078.51,success,2026-09-10 08:21:22.922209
3055,a9cec447-24cb-4acf-b5e6-6ff276bca2be,19604.51,success,2026-09-10 08:21:22.923962
3056,433b5c4e-3345-4352-a37c-4a12c1c3b571,1602.69,success,2026-09-10 08:21:22.925756
3057,a1adbc57-af2f-4c3a-b44e-5bb852a4172a,13826.77,success,2026-09-10 08:21:22.92734
3058,864fabff-1af0-4392-801f-aafcdda9c0d1,19320.07,success,2026-09-10 08:21:22.929073
3059,38c30560-2758-4a4b-876b-466f26968a22,9233.90,success,2026-09-10 08:21:22.93096
3060,981dd3cc-ef35-4dfa-8b14-3700d5718d0a,19926.31,success,2026-09-10 08:21:22.932689
3061,57c8a9b2-d660-4590-af85-2b981e2d8d04,17028.72,success,2026-09-10 08:21:22.934244
3062,17f6dcf1-e856-4916-93b4-7c67fcf1ecd2,18430.00,success,2026-09-10 08:21:22.935924
3063,74551149-2882-449d-aaa7-9bc56a20d1c3,15011.71,success,2026-09-10 08:21:22.937726
3064,f4b2ec78-df14-4d67-bb27-7f4b7a2a157b,18158.08,success,2026-09-10 08:21:22.939453
3065,4419b62f-f908-43a3-837e-4695b94f2e62,9136.43,success,2026-09-10 08:21:22.941093
3066,e29e6515-a75e-4073-8b09-7ddee3dd122a,13015.80,success,2026-09-10 08:21:22.942779
3067,e0b769d6-d106-47f1-8e43-c75611c32f2a,4786.35,success,2026-09-10 08:21:22.944641
3068,d0ef9506-f121-47c2-a7b3-856aacc5f7ff,18343.44,success,2026-09-10 08:21:22.946244
3069,87750313-2b93-4e84-9aa0-e2268bcbd13b,18625.05,success,2026-09-10 08:21:22.948008
3070,fa460264-b933-4c44-8956-271678d64240,7651.90,success,2026-09-10 08:21:22.949741
3071,eb81f365-d2a1-4849-bd54-b2a83b1978eb,10316.46,success,2026-09-10 08:21:22.951393
3072,71896b98-bbb6-445f-bf23-1f0f7d2d2bff,5498.84,success,2026-09-10 08:21:22.953462
3073,c7e06987-eb71-4f32-bd54-caa653b027ef,10073.75,success,2026-09-10 08:21:22.955135
3074,c824a7d7-7f8c-418d-8b94-075af268fa62,7365.59,success,2026-09-10 08:21:22.957019
3075,c1acbc96-31c0-477f-8609-232c2d8222ca,18175.50,success,2026-09-10 08:21:22.958537
3076,76683551-f309-43e3-a2dd-332b6e03a4c3,19634.93,success,2026-09-10 08:21:22.960181
3077,53182bfc-440f-41dc-8fad-8af6be6dab29,15801.87,success,2026-09-10 08:21:22.961897
3078,e7c00f4f-5478-45d4-b1f7-f7c7f290ef34,7358.33,success,2026-09-10 08:21:22.964107
3079,53240e96-eee9-431a-9cc1-93477f14a645,8370.82,success,2026-09-10 08:21:22.96608
3080,4b65f9e3-3b1f-41c9-a2f8-c935fafde9c2,10607.86,success,2026-09-10 08:21:22.968247
3081,a8ead732-1644-4a95-9661-81a9dc0f7c0c,14419.78,success,2026-09-10 08:21:22.970219
3082,bb553b32-7b7a-4ffb-867c-7d5d06d404db,2014.88,success,2026-09-10 08:21:22.97245
3083,30cdf7dd-69f0-45c6-b1d6-5e52cae20204,10044.16,success,2026-09-10 08:21:22.974432
3084,35be6cc6-6a74-4616-9c5b-a9837bf88e09,15590.88,success,2026-09-10 08:21:22.976467
3085,e5ccec2d-0c59-4b25-99ac-39f79371dee8,19530.55,success,2026-09-10 08:21:22.978551
3086,0be467d4-d694-47e7-b892-b651c6252bfa,11971.68,success,2026-09-10 08:21:22.980761
3087,45fa707a-6b11-4e9d-8d71-3142dba50ecb,16845.35,success,2026-09-10 08:21:22.982462
3088,18e819ac-720e-43cc-8e2a-4867bee06bd4,13397.40,success,2026-09-10 08:21:22.984195
3089,5e6b60bf-4a30-40ca-84b8-36cfcff34670,10141.77,success,2026-09-10 08:21:22.986306
3090,521add32-c2eb-40f7-996c-2d0317c7cf1e,17009.47,success,2026-09-10 08:21:22.988207
3091,cbda1e39-ed78-47e7-9f25-a44a0c08d874,8333.37,success,2026-09-10 08:21:22.99026
3092,76b11063-443d-4b83-b83b-2ba71cbde1a8,9137.48,success,2026-09-10 08:21:22.992073
3093,a84a5a70-6fe3-491c-8bd6-db879b66faba,4087.32,success,2026-09-10 08:21:22.994022
3094,fb018339-a6bf-4c64-987d-a966ba146b15,3142.09,success,2026-09-10 08:21:22.996174
3095,92730529-74de-4ef9-829a-d57cb12272ff,16948.10,success,2026-09-10 08:21:22.998153
3096,9e60a404-478d-4b09-94a3-303be77cdc2d,13483.07,success,2026-09-10 08:21:22.9997
3097,06beab7d-218b-45e5-ba01-2bd2b2470f87,4876.70,success,2026-09-10 08:21:23.001762
3098,e8ea24b1-3cb8-4209-a78c-d3c9e73888ee,10482.15,success,2026-09-10 08:21:23.003368
3099,5f407ec1-46c4-4d34-b5d6-73fbc4fbbeeb,6696.46,success,2026-09-10 08:21:23.005217
3100,f0430eee-8b50-4e9b-be06-5b56197c2e23,9977.03,success,2026-09-10 08:21:23.007412
3101,c21d6a95-ae2e-400a-9abb-8c4cd00dd7d1,15698.79,success,2026-09-10 08:21:23.008955
3102,dfb33cae-2dad-4314-bc35-06e9eba58d39,18937.74,success,2026-09-10 08:21:23.011136
3103,c9141e81-50f0-48ea-842e-b3f4ff3aeb45,15722.72,success,2026-09-10 08:21:23.013566
3104,934b7cb7-391b-4729-8e98-9eed56fd3324,4607.42,success,2026-09-10 08:21:23.015502
3105,a67d9ed2-dfc9-4de4-b564-e6a45b597477,9466.97,success,2026-09-10 08:21:23.017398
3106,cffebaa0-d578-463a-8685-e7cee43d0b3c,3997.40,success,2026-09-10 08:21:23.019081
3107,5d1cc901-450f-4aa6-a65c-c53e47298a53,19288.43,success,2026-09-10 08:21:23.020909
3108,d91a572e-4d99-41ed-829b-4f65b933dbed,482.44,success,2026-09-10 08:21:23.022749
3109,0a49189a-b311-4af3-b641-a5b309316598,4086.66,success,2026-09-10 08:21:23.024546
3110,051b8c7f-855f-498b-8d2a-68ade6059e8e,927.25,success,2026-09-10 08:21:23.026233
3111,183f5017-7494-4174-a1cd-76d86e3a9c55,1852.95,success,2026-09-10 08:21:23.028052
3112,4ae08591-8cb6-40b0-9f32-7412984fc97c,381.88,success,2026-09-10 08:21:23.029836
3113,36d14060-1311-43d2-8994-bdfe174d18a6,3943.87,success,2026-09-10 08:21:23.031618
3114,ef157cf0-9447-43bb-80f4-b200fdf9d76a,3277.84,success,2026-09-10 08:21:23.033336
3115,9193d180-866f-4694-af76-a51e60760195,10022.44,success,2026-09-10 08:21:23.035045
3116,a9a7eff2-caeb-440e-b537-09133aff7bf4,14469.03,success,2026-09-10 08:21:23.036707
3117,9de46b5d-e490-47c0-9bc1-abcb75031efe,9396.04,success,2026-09-10 08:21:23.03836
3118,81923c9e-da6b-44d5-a2eb-bc1fa3ea566c,11884.04,success,2026-09-10 08:21:23.040151
3119,febc6701-d979-46cc-8fb8-75335adca72e,2669.01,success,2026-09-10 08:21:23.041957
3120,ce6a37ed-d81f-4b48-937e-f22ad149a057,3881.72,success,2026-09-10 08:21:23.043539
3121,497b6057-6637-4255-aaca-eb855c81bfb6,8226.93,success,2026-09-10 08:21:23.0451
3122,da1186d5-c613-4b04-9dd6-cda0eebba265,9950.20,success,2026-09-10 08:21:23.04671
3123,18991b37-571c-4836-a041-0875941eecf5,3810.86,success,2026-09-10 08:21:23.048518
3124,3714b8bb-b8b6-418d-8641-3cc35d378fd0,18394.02,success,2026-09-10 08:21:23.050329
3125,5b1586f4-f5d6-4167-93b2-7a98f2c8de44,7944.06,success,2026-09-10 08:21:23.052148
3126,842b0114-afe4-4d5b-8853-6ce6e74f0d23,16250.75,success,2026-09-10 08:21:23.05371
3127,faa3c89e-f08b-495e-b854-197f023a7e48,4388.03,success,2026-09-10 08:21:23.055032
3128,6f5a5ff2-bf10-4800-bcad-867be6f9e129,3151.12,success,2026-09-10 08:21:23.056713
3129,6f5a5ff2-bf10-4800-bcad-867be6f9e129,3151.12,success,2026-09-10 08:21:23.056713
3130,fef6ddc4-13f2-47a9-a9bf-cb7f8c002d40,8251.03,success,2026-09-10 08:21:23.060936
3131,f9fa1330-d590-4843-a23c-57bd3c27e9d4,5164.40,success,2026-09-10 08:21:23.063333
3132,cd89c7f1-9c7b-4125-a899-61bca093a791,13428.92,success,2026-09-10 08:21:23.065178
3133,8bb64b68-4589-413a-8d48-875522ebf879,10617.19,success,2026-09-10 08:21:23.066837
3134,ed20a473-27cd-4fa0-b6ee-210bb5045597,3170.75,success,2026-09-10 08:21:23.068348
3135,ed20a473-27cd-4fa0-b6ee-210bb5045597,3170.75,success,2026-09-10 08:21:23.068348
3136,b5b2e3bf-c624-43ba-ab3e-a9307488bf0f,11739.87,success,2026-09-10 08:21:23.070304
3137,143b3cc7-065e-4c87-9758-9d1478943292,19178.39,success,2026-09-10 08:21:23.072005
3138,30410074-17ab-47de-b877-881326678f75,15870.01,success,2026-09-10 08:21:23.073698
3139,2cc10057-ce54-4c92-8b4a-30812f985c1d,12140.70,success,2026-09-10 08:21:23.075679
3140,d2916fe4-e806-4636-93b0-282d857ecf83,15424.67,success,2026-09-10 08:21:23.077332
3141,f2bcd6b1-d15f-4524-a298-1ea8b19be6da,15977.23,success,2026-09-10 08:21:23.079573
3142,a35ced37-bee5-4bd2-a653-6b83f280f931,8505.09,success,2026-09-10 08:21:23.081537
3143,1c42d713-c440-4d3c-a7a1-c18dfc051394,15545.84,success,2026-09-10 08:21:23.083136
3144,2bed056b-d040-4547-aa0c-9e8e75e3d837,3686.46,success,2026-09-10 08:21:23.084788
3145,e77cee97-51af-4295-8292-1c85e4eee7a4,990.87,success,2026-09-10 08:21:23.086828
3146,39c5f4fd-7205-4c7a-bb5b-3e4250573fd9,7851.98,success,2026-09-10 08:21:23.089115
3147,09823cb5-0d1d-4f5d-b633-aa3457ecc1ae,1193.23,success,2026-09-10 08:21:23.091021
3148,098dadac-96d3-42f9-828f-839efad2137f,6906.70,success,2026-09-10 08:21:23.093189
3149,01c0e53a-6152-419e-a17a-c6eb5ec8cb30,2014.58,success,2026-09-10 08:21:23.095277
3150,ddb84049-e67e-4d98-890e-3be230fb2f6a,3608.95,success,2026-09-10 08:21:23.097263
3151,a794a75b-94c8-414e-aa3d-ebf4003c5f29,11310.12,success,2026-09-10 08:21:23.099178
3152,1b82d7f7-1cbb-4b09-b75f-de6d44902db7,19526.83,success,2026-09-10 08:21:23.101057
3153,968dcd12-6b56-4562-8570-35b89c27ca7c,5957.40,success,2026-09-10 08:21:23.103006
3154,4b168185-2022-4844-a71b-41672ac9350f,14934.09,success,2026-09-10 08:21:23.105132
3155,5b271065-b459-40e9-ab76-0e8dbbc5074d,8848.92,success,2026-09-10 08:21:23.107093
3156,239017cf-6b53-429b-b266-5a8f9e088513,10742.53,success,2026-09-10 08:21:23.109178
3157,55bf89e8-f88e-4ee7-8341-067d5925077d,17633.21,success,2026-09-10 08:21:23.111278
3158,0ec3661e-5c99-47d5-ba49-b2d3990b1b09,3776.14,success,2026-09-10 08:21:23.11338
3159,0cfcca78-c5c4-4acb-8336-75879d0c3bf7,15546.81,success,2026-09-10 08:21:23.115563
3160,58e30166-6dbe-4cc6-81f0-c0411b23403d,19775.25,success,2026-09-10 08:21:23.117843
3161,30e87f71-bc79-47ec-a158-0350ba822572,9973.74,success,2026-09-10 08:21:23.119879
3162,e1bf6687-98d8-4521-ac17-b4117b7c69c8,1571.07,success,2026-09-10 08:21:23.121782
3163,281c15fa-7ac1-4091-b046-873f825525e2,19702.35,success,2026-09-10 08:21:23.124048
3164,3080d71e-77a6-4abb-929f-b4b003fb18e6,10315.44,success,2026-09-10 08:21:23.125924
3165,088307e7-86db-48fb-9353-b254bd957cde,11458.58,success,2026-09-10 08:21:23.127833
3166,3eefa136-1a1b-4412-8cf4-aa41e51719a8,9556.97,success,2026-09-10 08:21:23.129848
3167,40c2c30c-ad9d-4fb3-a0fd-24ee434b6392,7963.40,success,2026-09-10 08:21:23.13162
3168,bbb5f223-70b4-4450-b461-5cd12bfbe8e3,3069.87,success,2026-09-10 08:21:23.133647
3169,be11aa0b-5e4a-4c31-9a17-bf8ab731a200,9466.79,success,2026-09-10 08:21:23.136267
3170,305fdf65-40dd-491e-a27a-21c4edae5e9d,14123.43,success,2026-09-10 08:21:23.138264
3171,2cbc0a00-2029-46a9-87a3-721c1162a4fb,8716.38,success,2026-09-10 08:21:23.140381
3172,63d87d47-0abe-46e3-b0b8-2312ae609d86,2318.48,success,2026-09-10 08:21:23.142539
3173,0ebe7035-8046-498e-a585-3f52b6e0a0f2,10490.74,success,2026-09-10 08:21:23.144617
3174,cc9c0b11-02e2-46df-88ce-7add543bcb2f,12714.47,success,2026-09-10 08:21:23.146592
3175,61720b45-5e55-4614-bb98-7fcef17b1d91,3192.56,success,2026-09-10 08:21:23.148612
3176,058d95b2-c2e7-46dc-a5b2-eb6d3440d1f4,9945.43,success,2026-09-10 08:21:23.150776
3177,2a3031dc-4161-4a53-a0b0-a73e49c28a66,19167.79,success,2026-09-10 08:21:23.152603
3178,b16b27a8-a161-4c8d-ac49-28a0fdc55e2f,8586.41,success,2026-09-10 08:21:23.154666
3179,b64ad4df-f7ae-4bef-995b-c7ad1eb2b797,17547.94,success,2026-09-10 08:21:23.156556
3180,ad08fb84-eb27-46c2-baff-9c651c47811b,18630.42,success,2026-09-10 08:21:23.158478
3181,7012ae55-f415-431e-9f95-fc5dd2174a87,2083.63,success,2026-09-10 08:21:23.160697
3182,4f403920-2770-486a-989f-6069e14d8c88,18410.85,success,2026-09-10 08:21:23.162849
3183,1a581edc-011e-48f0-87fc-8691fc3e50ad,5594.73,success,2026-09-10 08:21:23.165111
3184,458bf44e-785c-48ea-9068-652083f224fd,19306.30,success,2026-09-10 08:21:23.167263
3185,24ead5ab-f03a-4679-8b98-1875f923f1b0,2118.34,success,2026-09-10 08:21:23.169607
3186,9f78a903-7c28-4efd-b246-8574f6c96af7,15202.85,success,2026-09-10 08:21:23.171935
3187,28edd6dd-8693-4346-93a8-d7b0e6b85281,3548.38,success,2026-09-10 08:21:23.174225
3188,ba6727f8-cdcd-472e-a6aa-3e478b137771,13560.41,success,2026-09-10 08:21:23.176466
3189,838ed7bb-510c-4269-82a2-5a66091c4e7c,11518.98,success,2026-09-10 08:21:23.178416
3190,925c3dfb-7380-49ba-83b9-8696611d9c52,10273.76,success,2026-09-10 08:21:23.180523
3191,220a928f-7059-46b1-bd4b-8eab2149cd13,6625.91,success,2026-09-10 08:21:23.182524
3192,3a1bf9a7-e1c5-469f-962a-0a294d4de058,15950.10,success,2026-09-10 08:21:23.184559
3193,317638d1-3acf-47ea-bbd3-07ade88ed9e7,6877.64,success,2026-09-10 08:21:23.186887
3194,32a45eab-137b-4a35-a693-3bb5ab447a87,4237.86,success,2026-09-10 08:21:23.188799
3195,043164c7-f8bf-4fc8-9183-e59751d2f1a2,4662.84,success,2026-09-10 08:21:23.19091
3196,4f34450b-68bc-4fa9-b8b1-a087bebf3164,4821.01,success,2026-09-10 08:21:23.193319
3197,10dc40d6-500e-4864-b18a-8d9cf0dcb447,8610.17,success,2026-09-10 08:21:23.195278
3198,10dc40d6-500e-4864-b18a-8d9cf0dcb447,8610.17,success,2026-09-10 08:21:23.195278
3199,2a0bba5b-c644-410c-bfb4-8d29a2042163,619.35,success,2026-09-10 08:21:23.197878
3200,da9c4956-b1e5-4cb9-9677-053f51f402c8,472.78,success,2026-09-10 08:21:23.200282
3201,b1a70cc3-c863-4630-96d0-fab8790345c5,9383.44,success,2026-09-10 08:21:23.202337
3202,609a5931-12e9-4d0a-88cb-0a9d7527e559,12584.24,success,2026-09-10 08:21:23.204288
3203,4080d1e7-fdd1-45cf-87a9-3cead748bd9f,3188.35,success,2026-09-10 08:21:23.20651
3204,90165968-0958-4160-bbd9-df216ac42df2,12990.18,success,2026-09-10 08:21:23.208411
3205,53a456fa-1f5d-4463-9c59-549861b9e02f,13242.18,success,2026-09-10 08:21:23.210341
3206,f18e7caf-ab73-47a7-92fb-4d557df1ebc7,6427.97,success,2026-09-10 08:21:23.212126
3207,835eacc9-75b9-494f-b90d-97639529db15,7488.19,success,2026-09-10 08:21:23.214167
3208,f68aecdc-454b-4e96-a6c5-91e5f274ef47,15033.02,success,2026-09-10 08:21:23.216377
3209,b4880dc0-36e4-427a-b98c-5d3a9a468005,5667.13,success,2026-09-10 08:21:23.218338
3210,31f2af43-e630-41b2-a2c3-316a40fa5833,9154.38,success,2026-09-10 08:21:23.22157
3211,d81d2156-1cc8-4ab3-ad1e-9bc14df27278,9221.52,success,2026-09-10 08:21:23.223337
3212,d71d47a4-ca0a-4417-9416-48bd7095577f,888.10,success,2026-09-10 08:21:23.225262
3213,662e66c7-ad93-4c51-ab00-d1787b6b3b35,1718.52,success,2026-09-10 08:21:23.227217
3214,839f4483-6237-4b8e-9dec-c247cc7c991d,5695.21,success,2026-09-10 08:21:23.229051
3215,837f0b4d-a032-433f-8dac-d18b3f4f28eb,6667.53,success,2026-09-10 08:21:23.231205
3216,acc4482e-4ab5-4925-83ba-3be9053b8f77,8986.84,success,2026-09-10 08:21:23.233142
3217,d71d7a41-d2e8-4e78-a6cb-543246e4f631,8489.37,success,2026-09-10 08:21:23.235284
3218,521da2e1-069e-4461-bb30-181fea4fef16,14757.11,success,2026-09-10 08:21:23.237221
3219,4fae8a11-3cc4-4e12-aa20-8c2a13b1adf8,19502.06,success,2026-09-10 08:21:23.239439
3220,f0821381-723d-4e38-a68b-565a36ec7757,18662.86,success,2026-09-10 08:21:23.241257
3221,a3bb7015-7494-4ee6-ac7f-617a3275ab58,19740.23,success,2026-09-10 08:21:23.243275
3222,9854d05b-0f1e-4a61-bcbd-1e05bb1f1f08,18954.17,success,2026-09-10 08:21:23.245262
3223,e90bcfd4-4960-4a23-9bc0-ed0426d3c049,2808.39,success,2026-09-10 08:21:23.247349
3224,60746b30-1b85-4a7f-8d8c-28bef0e06917,2902.12,success,2026-09-10 08:21:23.249398
3225,29c185ef-c273-445f-bc39-b8483dff44f5,14059.04,success,2026-09-10 08:21:23.251669
3226,94185f91-3760-4973-80d1-24be61630ecf,18063.27,success,2026-09-10 08:21:23.253747
3227,a63bd530-ef93-4f78-bf24-91ad32fdb2df,8457.74,success,2026-09-10 08:21:23.255826
3228,6ce4ed80-7b04-4c4b-bc76-06c1088a1ea4,17954.86,success,2026-09-10 08:21:23.257913
3229,ad0b6275-b75b-46b0-9df7-1ba7103e1c12,12421.02,success,2026-09-10 08:21:23.260099
3230,41ab0430-2a08-46b2-a234-be90105a035f,3386.77,success,2026-09-10 08:21:23.262036
3231,41ab0430-2a08-46b2-a234-be90105a035f,3386.77,success,2026-09-10 08:21:23.262036
3232,b5061dc8-ed36-47ad-a144-43ed821ae9e5,19733.23,success,2026-09-10 08:21:23.264482
3233,a07ba3fa-c4b5-4bdf-b49e-1c8b4ed252c6,16673.36,success,2026-09-10 08:21:23.26667
3234,0ad3d8de-79d0-41fa-bf90-1443f515f339,16073.34,success,2026-09-10 08:21:23.268711
3235,f5a564e5-1759-4561-bccf-1baa564a5f9f,1032.89,success,2026-09-10 08:21:23.270567
3236,51b9c447-efda-4443-a91a-efa9ea4d880b,6728.64,success,2026-09-10 08:21:23.272664
3237,d29e3ca3-5e21-4e20-acdf-b5dc6f367bd3,10542.68,success,2026-09-10 08:21:23.275155
3238,5c20f169-277e-4fdd-9a6a-8b0dd909d6b0,19690.94,success,2026-09-10 08:21:23.277371
3239,3c3dd0f1-9947-426d-8161-be4e3af23395,5292.94,success,2026-09-10 08:21:23.279392
3240,c3478f39-9753-4f91-a76f-6336e3fe46f7,13014.93,success,2026-09-10 08:21:23.281453
3241,624d9d25-bd66-4e8a-a6e5-52ec73239313,13895.54,success,2026-09-10 08:21:23.283512
3242,e7627805-c399-4408-8ed9-810f8cc19ba3,13251.54,success,2026-09-10 08:21:23.285451
3243,9e6dc8d3-f284-46d9-8b97-9b102ca1d566,3342.31,success,2026-09-10 08:21:23.287489
3244,7012dd21-c4c4-4642-b7ec-ef89fc2a3c50,17109.54,success,2026-09-10 08:21:23.289524
3245,72a21131-2530-4696-a9ae-1d31c162da02,6903.34,success,2026-09-10 08:21:23.291365
3246,50620fb3-a110-4b14-ad72-df4d3d7457ac,13688.99,success,2026-09-10 08:21:23.2935
3247,a1981909-3b79-4cf5-8709-acd3aa125718,14774.56,success,2026-09-10 08:21:23.29558
3248,44e0452b-e328-4d8a-8de3-d8fa4f422bd2,3832.17,success,2026-09-10 08:21:23.297849
3249,570f3e45-4e47-461b-97f9-6411099dd3c9,8248.19,success,2026-09-10 08:21:23.299808
3250,89f362c4-4102-430c-ad16-cd829a8c4ffe,905.00,success,2026-09-10 08:21:23.301848
3251,aadb046c-ff81-4079-869a-aee75f4afc04,18932.13,success,2026-09-10 08:21:23.30481
3252,bf906d33-ed93-4658-b700-15b85f2036af,5683.24,success,2026-09-10 08:21:23.306905
3253,98d66b93-0f7e-449b-b245-165d110c433e,438.94,success,2026-09-10 08:21:23.309068
3254,ea849705-3628-4cd7-bd9d-82421465eb04,3446.29,success,2026-09-10 08:21:23.31089
3255,afe2adb2-12d7-4ac1-a65a-c86cbbbb5a66,2045.45,success,2026-09-10 08:21:23.312974
3256,d5f79f0d-57e7-4c82-8233-da8f914df3fa,11261.21,success,2026-09-10 08:21:23.315224
3257,9568edf4-b40e-4bfe-a722-1fedce93fc6e,18809.69,success,2026-09-10 08:21:23.317323
3258,ca75db0f-b9c1-40e2-bd02-7988ca896f92,4132.24,success,2026-09-10 08:21:23.319249
3259,b02789d6-0e19-4c2e-a534-a20c90b58670,893.58,success,2026-09-10 08:21:23.321315
3260,27632059-6744-4a9b-9a80-76714322186b,10354.14,success,2026-09-10 08:21:23.323453
3261,cc894736-9a6c-4058-85a6-5c8c5128310a,17740.38,success,2026-09-10 08:21:23.325443
3262,b604a31e-18e3-4f39-99d9-e1591b03b3e0,19958.52,success,2026-09-10 08:21:23.327366
3263,f4682c43-ba4e-4904-b459-01e38d7b76a1,3593.78,success,2026-09-10 08:21:23.329601
3264,3ae01707-9c97-4c48-b688-14d9d9eee946,5407.35,success,2026-09-10 08:21:23.331895
3265,81e9e783-ca92-4e58-807b-01471d085efc,6347.98,success,2026-09-10 08:21:23.334006
3266,9c884248-6052-4522-b650-d51323ba72e4,13876.68,success,2026-09-10 08:21:23.335922
3267,f85ccd81-2c03-42ae-9072-2427ee5968fd,10159.27,success,2026-09-10 08:21:23.338146
3268,ac2cd6b4-dd20-42bf-b391-572fc9ebf22e,2352.19,success,2026-09-10 08:21:23.340262
3269,baaaf93e-60cb-44e8-bc8b-d165e45ae47f,9585.63,success,2026-09-10 08:21:23.342337
3270,327ff79b-0c6b-41b0-828d-77aea02bdf62,10435.59,success,2026-09-10 08:21:23.344196
3271,387d80d2-4f44-41f1-91d0-ab9bbe3a35c1,3814.01,success,2026-09-10 08:21:23.346124
3272,c1d6fbd0-3819-48d5-872f-acc5da4d98d8,6944.28,success,2026-09-10 08:21:23.348072
3273,77e43c81-9e31-4dd4-802a-4bf3140ad60b,13874.61,success,2026-09-10 08:21:23.349906
3274,73dec89c-7929-4148-a7b7-7f307de0c5d5,4317.23,success,2026-09-10 08:21:23.351829
3275,1c107fc7-314a-443c-b543-615f8f82dbc1,15664.39,success,2026-09-10 08:21:23.35393
3276,67bb4674-f54a-4308-a81f-cbd06392b518,16905.65,success,2026-09-10 08:21:23.355989
3277,0c15992d-2b38-4de0-9745-d59810983b15,10568.55,success,2026-09-10 08:21:23.35776
3278,a91c8d41-7017-463c-88d9-18822c8d1db6,15347.83,success,2026-09-10 08:21:23.359815
3279,57e1f29e-9bcf-48a4-99b5-9a84d8061934,7294.84,success,2026-09-10 08:21:23.361806
3280,97900cac-0a5c-4f68-8ff3-e96e6b1842ad,12976.41,success,2026-09-10 08:21:23.363944
3281,154a16af-f916-4b28-a9e0-c30f5d7c9c0d,8824.41,success,2026-09-10 08:21:23.366006
3282,c1c550f6-4b97-4d21-b733-5390ff90d691,12823.71,success,2026-09-10 08:21:23.367899
3283,00840674-a79c-46b2-8393-c34cfef13516,3711.21,success,2026-09-10 08:21:23.369863
3284,0a4f68c5-d378-4e22-b642-46dea7f6aa6b,5931.34,success,2026-09-10 08:21:23.37209
3285,e41e2b15-b24e-4dc5-920c-7d152fb700ab,430.24,success,2026-09-10 08:21:23.373998
3286,c1177fe7-cbe7-4d02-b6dd-36793884596a,11110.42,success,2026-09-10 08:21:23.376102
3287,cda714c8-1f80-473d-a6dc-580f56f68e87,7924.15,success,2026-09-10 08:21:23.378322
3288,7df840c2-7b5e-4b46-90f5-e39f77e59379,11106.66,success,2026-09-10 08:21:23.380198
3289,50ae0c5c-7641-43b0-aeff-60bde1940017,18871.93,success,2026-09-10 08:21:23.382335
3290,9fbf3dbd-8f0b-4efb-834a-f4b1ab0c4379,9346.66,success,2026-09-10 08:21:23.384377
3291,4b1b3421-323b-45fc-908b-beef71b0a954,13516.74,success,2026-09-10 08:21:23.386381
3292,79db634b-f415-4473-a84e-328324d70620,15234.35,success,2026-09-10 08:21:23.388586
3293,ee9c0309-f9f6-4393-9893-67de9c3c1aee,8530.77,success,2026-09-10 08:21:23.390585
3294,44250d2c-969c-419a-b3db-63fbde88d1e4,1144.13,success,2026-09-10 08:21:23.392495
3295,30383858-5b2b-472b-8559-8255ba1712bc,19151.56,success,2026-09-10 08:21:23.394773
3296,1dc3c4e1-01c1-494c-9c88-65f9da19eb8e,1349.45,success,2026-09-10 08:21:23.396824
3297,d30fa144-0d4a-4b1b-9fef-07b24fee1ec3,17687.04,success,2026-09-10 08:21:23.398726
3298,632832a7-3a21-440c-9073-da8488cf6271,5656.48,success,2026-09-10 08:21:23.400719
3299,4e1026d2-8cdc-452d-8e8f-481308073dff,9641.31,success,2026-09-10 08:21:23.402752
3300,84e3dca8-27ca-404b-a250-81b703adab87,375.43,success,2026-09-10 08:21:23.404635
3301,c34cf721-992f-4c6e-8860-ba0e62b2ec0b,11788.07,success,2026-09-10 08:21:23.406692
3302,9002444e-82d8-4dd6-abfa-3df6bbd2ec2b,5591.91,success,2026-09-10 08:21:23.408664
3303,8773cdec-c980-4112-abe2-415b9edf4e38,13143.78,success,2026-09-10 08:21:23.41073
3304,60a65831-a159-4e2d-947c-771988951e49,10908.20,success,2026-09-10 08:21:23.412719
3305,930dbd5c-b655-4d47-aaf2-f1da88a5a054,18248.14,success,2026-09-10 08:21:23.414729
3306,38316b78-b8ed-44d9-ae42-cc9bc6b1c169,15134.79,success,2026-09-10 08:21:23.416805
3307,2ca7a494-48a0-4091-b796-ffb5dab50220,381.96,success,2026-09-10 08:21:23.418919
3308,ea95facc-acc8-443f-82fe-08935293fac1,5488.79,success,2026-09-10 08:21:23.420998
3309,e2f960f6-5f1f-4707-83cc-6c3f88a79be5,4347.29,success,2026-09-10 08:21:23.423095
3310,c2364f11-273a-4fcd-8ce0-70399f9bed6b,3171.14,success,2026-09-10 08:21:23.425157
3311,505fc4ea-9a03-4c5a-a937-0c79bdc11026,16816.78,success,2026-09-10 08:21:23.427317
3312,1dc010f4-e36d-4b31-9214-a0b90d02a118,8332.58,success,2026-09-10 08:21:23.42891
3313,bb796748-56d0-46c5-854a-059905e7083e,16935.22,success,2026-09-10 08:21:23.430751
3314,7998bc51-3846-4b5f-b8b5-5eb795bbc3dc,8548.85,success,2026-09-10 08:21:23.432745
3315,58d593e0-d712-42c7-893c-49241bd310f8,141.15,success,2026-09-10 08:21:23.434452
3316,e8614d19-1ebf-411a-bb5f-3f0ae1c8d9ce,19862.21,success,2026-09-10 08:21:23.436197
3317,64a05442-1844-4578-82cf-532b00d62c3e,7070.22,success,2026-09-10 08:21:23.437613
3318,0261fa9e-8439-428e-a972-e03ff61b44d2,19384.07,success,2026-09-10 08:21:23.440329
3319,f059d46e-b5b7-4f96-bf4c-3b7d6f91a6e6,1165.02,success,2026-09-10 08:21:23.442913
3320,212a6f81-3f06-47b0-95b0-66967b43f306,2759.17,success,2026-09-10 08:21:23.445702
3321,8be0e290-8f47-4709-86df-f9e1a891e6de,4373.33,success,2026-09-10 08:21:23.447544
3322,c2cd8b35-9744-4860-b328-cd87b1ff2b9e,19134.21,success,2026-09-10 08:21:23.449249
3323,d5400d00-4b86-4975-a4cb-4c5ec42d6ec1,11656.29,success,2026-09-10 08:21:23.451176
3324,3d701295-1fcb-4352-bc25-27d047f1117b,13014.56,success,2026-09-10 08:21:23.45338
3325,7dd3a3d3-faf5-42c3-926a-d5380cba045b,13067.73,success,2026-09-10 08:21:23.455242
3326,59cdc43f-f140-4d4a-bd2f-4494d3b05e78,14574.77,success,2026-09-10 08:21:23.4571
3327,9d286846-ace1-4d68-b31b-48b05172f018,11753.95,success,2026-09-10 08:21:23.45878
3328,dd4e7d04-2166-42b9-a78d-5af1678cde99,2426.29,success,2026-09-10 08:21:23.460359
3329,ab66f627-eab5-45b0-9b94-77b62bcb010e,6755.50,success,2026-09-10 08:21:23.461845
3330,b3cf6d30-5954-4c8d-99bf-099e931490fe,15613.59,success,2026-09-10 08:21:23.463674
3331,cd5adbeb-bebe-4557-a6aa-c69c21e4284e,8562.99,success,2026-09-10 08:21:23.46537
3332,91536a38-1ae8-4c76-b5d3-81c50ed32d81,4688.60,success,2026-09-10 08:21:23.467475
3333,916d48a9-c19f-4844-8755-9ad7c90187e8,15101.59,success,2026-09-10 08:21:23.469932
3334,642a30f1-d416-4d52-bb9d-2b9d92ce3803,5996.65,success,2026-09-10 08:21:23.471428
3335,b2df086e-061d-473f-aa11-aad0cf38a51b,16569.84,success,2026-09-10 08:21:23.473593
3336,692c0afd-d044-4a90-8e74-5668c233657b,15048.62,success,2026-09-10 08:21:23.476153
3337,842d4aae-1470-452e-bcd9-467a696f2077,1680.41,success,2026-09-10 08:21:23.478523
3338,382aa93f-25b6-451e-8726-92a4db38627d,3835.89,success,2026-09-10 08:21:23.481058
3339,09cc397b-efde-439e-aade-3352757a4fea,10246.13,success,2026-09-10 08:21:23.482895
3340,776fc476-7b6d-492f-baa0-25068a418f10,18758.42,success,2026-09-10 08:21:23.484699
3341,bb60460a-b3c4-4627-9f59-6a51b6460220,13829.79,success,2026-09-10 08:21:23.486488
3342,9d36c149-d137-460b-a418-82c1cf9bef60,7610.16,success,2026-09-10 08:21:23.488613
3343,661b97ac-0879-4fcf-9922-dfaf73c15ab1,4179.95,success,2026-09-10 08:21:23.490502
3344,18f1b332-874f-4940-ac75-136297177c64,7983.59,success,2026-09-10 08:21:23.49196
3345,3d47d799-f31b-489a-ad68-bd787bbc133e,9475.77,success,2026-09-10 08:21:23.4935
3346,84f5b99e-b6fe-4124-9fcb-c683b3699666,8174.52,success,2026-09-10 08:21:23.495161
3347,08c31aac-53b9-4f55-b6e3-4f870273b78b,514.01,success,2026-09-10 08:21:23.496735
3348,69e762a1-1d75-4d3c-9cb1-59f1d3023068,17539.75,success,2026-09-10 08:21:23.498243
3349,e2423c6b-9079-4759-8353-dba3393842cb,11386.54,success,2026-09-10 08:21:23.500107
3350,17fe85b9-742d-491e-8924-c2774de63c7b,16719.68,success,2026-09-10 08:21:23.501525
3351,2af20050-c8bc-4472-9ae5-957fd958c312,17632.40,success,2026-09-10 08:21:23.503116
3352,700f4192-c418-45ac-a385-1610dbd28ffe,18825.57,success,2026-09-10 08:21:23.504849
3353,6f2ed9fb-e278-4cf0-b271-c5de593ac3d3,10503.14,success,2026-09-10 08:21:23.506467
3354,7b1f8dd3-1de8-4949-bd06-26cf9ab38096,9394.39,success,2026-09-10 08:21:23.508365
3355,d4d9868c-134c-4a5f-a901-bad1892dec28,17280.52,success,2026-09-10 08:21:23.510345
3356,1517b09b-a2da-468d-8bcd-b4991ad17ce4,9614.40,success,2026-09-10 08:21:23.511944
3357,830aa2d3-e658-4aac-92c5-4dd20eb58644,16276.59,success,2026-09-10 08:21:23.514101
3358,0aa7d32b-402e-4aaf-8151-6b1331a11ba4,1986.32,success,2026-09-10 08:21:23.515941
3359,f0797e23-c41f-4983-b918-0172efb3f226,3774.09,success,2026-09-10 08:21:23.517545
3360,04d9a764-e223-46a9-b7b5-144f42d66db8,754.99,success,2026-09-10 08:21:23.519276
3361,527c4e3e-4515-4974-a0b3-be17b8db1549,1368.22,success,2026-09-10 08:21:23.521259
3362,00bfe0c5-cf56-40a6-b4d0-531e8014070f,7429.45,success,2026-09-10 08:21:23.523253
3363,65759e29-03bc-4ccd-b479-abaad9b15d32,414.78,success,2026-09-10 08:21:23.52526
3364,c04cce16-b896-4c77-a44f-a70fac66996e,9275.83,success,2026-09-10 08:21:23.526942
3365,495fc263-bd81-4773-8444-8cf36911e382,1727.49,success,2026-09-10 08:21:23.528858
3366,253fd0e0-bbf9-4c3d-8ec7-51cb953d15ad,3019.64,success,2026-09-10 08:21:23.53046
3367,60aa5b25-38ca-40c5-98a7-7a02cf5f984c,260.72,success,2026-09-10 08:21:23.532059
3368,7d5069ca-4095-45e2-b25c-7ca89f8f56c3,15692.34,success,2026-09-10 08:21:23.533952
3369,b1509eb2-41da-471c-a00a-d59610abdac7,5869.66,success,2026-09-10 08:21:23.535992
3370,cb4f0766-9a2a-4730-bacd-4bc7fe59ae45,11427.49,success,2026-09-10 08:21:23.537945
3371,f1064a59-a98c-4642-86bf-efe07f4c2d3f,13260.11,success,2026-09-10 08:21:23.539884
3372,18cba7fc-aa51-466a-b3db-9dde9bdd4d29,1344.64,success,2026-09-10 08:21:23.541954
3373,0f2b702f-65b3-4c70-82ee-567444072a18,4745.58,success,2026-09-10 08:21:23.54423
3374,d1af99a7-dd74-4990-b6a0-a89309d9c5e6,4617.41,success,2026-09-10 08:21:23.546555
3375,9a27af11-92d5-4424-8cf8-73f12f92c3f6,13385.95,success,2026-09-10 08:21:23.548705
3376,2f6c041a-8942-4ad3-9e73-f1c21c92f4ba,141.80,success,2026-09-10 08:21:23.550829
3377,4dcc9940-e745-4578-953a-41ff0064ce5e,2536.23,success,2026-09-10 08:21:23.553119
3378,d81a074f-70ee-4693-9aaf-6126383a61fc,10909.41,success,2026-09-10 08:21:23.555236
3379,74bfe29e-321e-4915-9a95-e5cbb44b0d1e,19454.72,success,2026-09-10 08:21:23.557753
3380,dc7e9660-9817-4d82-836a-3780df6cd866,11774.51,success,2026-09-10 08:21:23.559779
3381,113facfe-77e3-4770-bd0d-734b180791c9,4387.10,success,2026-09-10 08:21:23.561913
3382,67ce7cf0-64ec-40ad-9a71-6252fc97d662,19986.99,success,2026-09-10 08:21:23.56413
3383,f5033767-92f0-4163-9220-4ab0508628fe,11638.15,success,2026-09-10 08:21:23.56622
3384,ed367931-265e-4ccd-9e0f-bb7cb0f354e4,19689.54,success,2026-09-10 08:21:23.568393
3385,41ed57ed-ec3a-4a3a-91e2-e9faff103be8,9344.26,success,2026-09-10 08:21:23.57051
3386,b5e0a34b-b085-4684-9ba4-14b704a826b6,11202.08,success,2026-09-10 08:21:23.572699
3387,4ce20125-bb4a-447b-8abe-c73dee4c116f,4219.65,success,2026-09-10 08:21:23.574831
3388,388b56be-26ac-4098-a9ed-3ce94b7220c9,10688.87,success,2026-09-10 08:21:23.577254
3389,3edeaed7-3b4e-46cc-a8f1-6ea2227321b0,8513.36,success,2026-09-10 08:21:23.579552
3390,a7e96f6a-f769-447c-bd98-96bdb05618b5,8056.06,success,2026-09-10 08:21:23.581897
3391,77508458-9126-4324-a18e-35251ba34bce,2196.73,success,2026-09-10 08:21:23.583861
3392,e7fe78f8-0571-41fb-bcde-d08324333702,8609.32,success,2026-09-10 08:21:23.58611
3393,d35f1bba-2a2b-4cd7-9cfe-903c93358a2e,5462.03,success,2026-09-10 08:21:23.588318
3394,c94ff39a-8428-406f-9ebf-a34d6d483839,11530.74,success,2026-09-10 08:21:23.590577
3395,2c14dbb7-ff14-40b8-9de4-eae58de0d28a,17429.82,success,2026-09-10 08:21:23.592758
3396,f8de1e34-7caa-42a1-a9d4-b75f769c9ac5,16663.89,success,2026-09-10 08:21:23.59483
3397,cb5380cf-9646-4781-83ab-330894fc7f7c,648.69,success,2026-09-10 08:21:23.59692
3398,ef9051f7-07f1-4865-ac19-4d3ef7db5721,6980.94,success,2026-09-10 08:21:23.598961
3399,e01cf31f-9ade-49f9-af9d-51390fbffe77,1031.05,success,2026-09-10 08:21:23.601378
3400,f01e1399-752d-442a-b48e-83347fa10981,4076.61,success,2026-09-10 08:21:23.603587
3401,fc27418d-7c18-4a1e-a389-7c2bdd3550dd,2617.26,success,2026-09-10 08:21:23.605818
3402,f1b0302e-1d8c-4870-b838-6788ae8c817c,8177.18,success,2026-09-10 08:21:23.607956
3403,06579638-9d1a-4525-a2a3-83650dc4a3b6,4014.16,success,2026-09-10 08:21:23.610052
3404,3649ebbc-5ff4-4eed-980f-1fe04c31ed3d,9395.00,success,2026-09-10 08:21:23.612377
3405,a5061ee7-b147-40e5-ab71-08c341bd3f0b,6714.02,success,2026-09-10 08:21:23.61463
3406,59a84e2d-0722-42bf-9f88-9c6190018262,7023.50,success,2026-09-10 08:21:23.617492
3407,640db535-3b7a-4b86-a34b-04b35a659c6c,13592.30,success,2026-09-10 08:21:23.619568
3408,5282475f-ddd7-49e9-a4d7-aaccea44146d,816.71,success,2026-09-10 08:21:23.621496
3409,28f620f4-36c2-48dc-a46a-542a06a54ee9,19090.86,success,2026-09-10 08:21:23.623776
3410,0138de0c-f2ec-45ab-a407-f35376fb9812,17936.63,success,2026-09-10 08:21:23.625825
3411,ef2a5536-3082-4f75-b482-bc1f137dcc93,13389.25,success,2026-09-10 08:21:23.628017
3412,5fe7d3f3-ddc7-4877-b076-87d8d847f716,17366.94,success,2026-09-10 08:21:23.630148
3413,d9f86a71-f5d9-4ba9-a61f-82d7c1abb003,2344.10,success,2026-09-10 08:21:23.632369
3414,e926f309-8efe-493c-aa56-ae9df5a19fdf,10097.32,success,2026-09-10 08:21:23.634657
3415,1256675c-c31c-43b8-835e-5af94b011194,3149.94,success,2026-09-10 08:21:23.636714
3416,18e5c3ae-5c66-4044-91e9-41ca975643dc,10103.41,success,2026-09-10 08:21:23.638957
3417,9097e0d8-e256-4185-b554-bd6fe730bb0a,19038.82,success,2026-09-10 08:21:23.641426
3418,22e6bb94-5288-47c2-af0e-4ae622990f9a,19189.15,success,2026-09-10 08:21:23.643646
3419,0ebcd5be-b4e2-494d-bc6a-92314eb9ecdc,8447.09,success,2026-09-10 08:21:23.645793
3420,98368277-51c7-46dd-ade1-59a33ef73a79,3185.35,success,2026-09-10 08:21:23.647738
3421,30f7c49b-2a82-4e6d-8f6f-5a62accf67b8,131.68,success,2026-09-10 08:21:23.64981
3422,67551638-0441-41c2-840a-aabc148b9414,6701.59,success,2026-09-10 08:21:23.652003
3423,ca6e70a0-628b-4248-8ada-1d8f8b6942e0,4827.63,success,2026-09-10 08:21:23.653982
3424,1e73f395-e2f3-40ae-9275-98258d5ced60,5608.99,success,2026-09-10 08:21:23.655954
3425,b909af73-3a90-453a-a1f5-4a92ee801840,8925.26,success,2026-09-10 08:21:23.658208
3426,4547df1f-5104-4444-8447-3676a8248d3c,5219.64,success,2026-09-10 08:21:23.660377
3427,067f9488-db21-4f8f-8c6c-b7691a72083d,14830.25,success,2026-09-10 08:21:23.662461
3428,b89feae4-ccad-480f-af03-75d7170a9120,1692.81,success,2026-09-10 08:21:23.665309
3429,11b12f0c-e650-4626-964d-4ab5ba5799cf,2192.17,success,2026-09-10 08:21:23.667285
3430,cff44c2f-95e3-43b3-9d2a-a79cf7ef0a72,4866.58,success,2026-09-10 08:21:23.669165
3431,a87926d7-6911-48cc-a11e-8c2558982413,466.70,success,2026-09-10 08:21:23.671322
3432,604d9d3d-74cb-455f-a98e-622aca5ca196,1453.19,success,2026-09-10 08:21:23.673712
3433,58fc4fb2-5725-48c9-8d83-486b2434f9df,163.78,success,2026-09-10 08:21:23.675992
3434,eef0242c-6086-4f5e-809d-bf6c87c33c78,17170.08,success,2026-09-10 08:21:23.677968
3435,c1aa4720-f915-4f62-ad98-f271f2140efe,16414.16,success,2026-09-10 08:21:23.679854
3436,d1b6c86b-5857-495b-8dc4-17a10b7ffc1f,7723.38,success,2026-09-10 08:21:23.682018
3437,28c49d87-80ee-4c7a-a204-502496afc0e7,8511.08,success,2026-09-10 08:21:23.684164
3438,4b078b05-7263-4866-a837-cfd72d7e54cb,18808.99,success,2026-09-10 08:21:23.686186
3439,d79dd585-4949-4fb1-9df9-f7bfd0f84a06,9851.58,success,2026-09-10 08:21:23.688483
3440,d175224a-d817-4379-a0fa-a5942b1195c5,11749.51,success,2026-09-10 08:21:23.69031
3441,13d96d24-647f-4f1d-8b3c-9a6ef09d8811,5107.12,success,2026-09-10 08:21:23.692312
3442,66c36079-5d4e-467f-8cb6-6be85512f53c,655.75,success,2026-09-10 08:21:23.694669
3443,6ea3e4ac-7e89-43e9-a391-5f5bd859a70b,12429.71,success,2026-09-10 08:21:23.696766
3444,30d73936-569a-4b9e-9674-365715f4054b,9059.56,success,2026-09-10 08:21:23.698818
3445,af0f7416-90aa-4350-b82d-1e1aa7672b04,6753.88,success,2026-09-10 08:21:23.701149
3446,af0f7416-90aa-4350-b82d-1e1aa7672b04,6753.88,success,2026-09-10 08:21:23.701149
3447,61ff3789-aa6d-479f-88f6-cb929dee7da5,5562.55,success,2026-09-10 08:21:23.703635
3448,223430b8-a360-431e-ad48-83cb8c3270be,18110.94,success,2026-09-10 08:21:23.705749
3449,939fa661-a4b2-41d0-894f-924b8a00fb11,12731.11,success,2026-09-10 08:21:23.707901
3450,39785197-70a3-4e55-a72b-70b80d4eb83a,14712.65,success,2026-09-10 08:21:23.710224
3451,a4acdf5b-9331-4072-b929-50015d58d8be,19084.65,success,2026-09-10 08:21:23.712365
3452,11e9fba6-50cb-4b51-97ef-d71a11b130de,1329.20,success,2026-09-10 08:21:23.714472
3453,f8331c49-c52a-4db3-80e7-c8edf0ebcfc0,5192.98,success,2026-09-10 08:21:23.716462
3454,6c316261-e525-4bda-a3b6-2a1cb96d8261,12211.09,success,2026-09-10 08:21:23.71838
3455,5f0f99a0-ab56-46e0-8933-67da58f84f64,372.64,success,2026-09-10 08:21:23.720714
3456,dbf7d274-aad6-4bee-98b5-8c623e7d7845,7812.90,success,2026-09-10 08:21:23.722878
3457,8ac6d7b5-d119-4ba2-8b7b-6a08913356a8,3848.14,success,2026-09-10 08:21:23.726051
3458,b67693fe-9a49-4cec-a866-122862980465,7455.02,success,2026-09-10 08:21:23.728249
3459,1a38ca56-ee75-4379-aed8-9b0f6f5eba36,7579.57,success,2026-09-10 08:21:23.730343
3460,1a38ca56-ee75-4379-aed8-9b0f6f5eba36,7579.57,success,2026-09-10 08:21:23.730343
3461,104a2955-c901-4cfe-acc4-ca85cab1ef2e,5556.26,success,2026-09-10 08:21:23.732897
3462,04f61439-325f-4a89-9e58-0bdbaf19beae,2361.90,success,2026-09-10 08:21:23.735033
3463,5757ea88-7fce-44a9-a0c9-ec7f833f1a61,17361.99,success,2026-09-10 08:21:23.737047
3464,672f22a1-1dd6-4ffe-b1fe-e4e03ee14e3d,8200.32,success,2026-09-10 08:21:23.739196
3465,c018dd1f-48fd-46bc-8761-d292ab26d0af,4812.77,success,2026-09-10 08:21:23.741478
3466,bb0cc0b9-3c94-4711-a4cd-4851717e40ef,12929.07,success,2026-09-10 08:21:23.743485
3467,c6a27c8c-22d9-4656-a2eb-7562192816e7,10726.66,success,2026-09-10 08:21:23.745517
3468,36a0e299-4400-4d0d-b78a-f6b3897f4604,370.71,success,2026-09-10 08:21:23.747797
3469,26ce7b2b-e031-4f85-bb44-259a916d6cee,8967.64,success,2026-09-10 08:21:23.749888
3470,67a5d910-1c28-4f41-8ea8-6f79ca27ab7b,18059.71,success,2026-09-10 08:21:23.752231
3471,9f2f0a2a-39ea-481e-a1e6-4ce36d99e393,19600.41,success,2026-09-10 08:21:23.754379
3472,35bd9094-bb29-4b7e-973b-0564d63e00dd,19103.84,success,2026-09-10 08:21:23.756357
3473,9315d79c-f058-43d5-8e47-418e1240795a,3089.42,success,2026-09-10 08:21:23.758529
3474,794c108d-dfb6-4a6f-9c84-e944ff665eed,19232.13,success,2026-09-10 08:21:23.760525
3475,751aaaaa-2741-4f2c-9596-f5ebdaa58c7e,17008.55,success,2026-09-10 08:21:23.762448
3476,856b4064-751b-4a74-8486-451757251982,3055.13,success,2026-09-10 08:21:23.764476
3477,59c5a44b-e0a6-4ec2-85bb-d70785b729d3,9776.45,success,2026-09-10 08:21:23.766448
3478,4e6d0a40-e18b-4250-beef-68cf49306f28,7739.92,success,2026-09-10 08:21:23.768268
3479,11ffb83c-ae3b-4dfc-95f7-593de48014fe,125.57,success,2026-09-10 08:21:23.770302
3480,4ee6d1a1-21fe-40a7-851c-45eca70a6e8f,6714.29,success,2026-09-10 08:21:23.772221
3481,d2f7db2a-8d72-4feb-9fa8-f6b7739ace0e,299.34,success,2026-09-10 08:21:23.774261
3482,13e144d5-f064-4ab0-9ac1-57ae562b663c,748.76,success,2026-09-10 08:21:23.776151
3483,250e9a79-7013-4f45-9ecd-d327afe6a48e,13475.91,success,2026-09-10 08:21:23.778292
3484,79a324d5-7dce-472e-9572-91ac48e65036,3218.80,success,2026-09-10 08:21:23.780294
3485,e81cc31a-0afb-4c97-a862-c3c2e23fd8d7,7620.43,success,2026-09-10 08:21:23.782415
3486,694685ee-82e3-4383-b643-ba49a3c6b98c,11408.27,success,2026-09-10 08:21:23.784495
3487,2b5e14b7-4002-40dc-8999-947cb32233b1,5483.46,success,2026-09-10 08:21:23.786575
3488,c97ff303-bc74-486f-8941-4cbe21005709,3814.71,success,2026-09-10 08:21:23.788958
3489,1061fad3-737a-413c-b597-b1e149415f9c,11856.76,success,2026-09-10 08:21:23.791165
3490,b263b266-fee8-4076-83f5-ea36bdf858a8,17928.98,success,2026-09-10 08:21:23.793222
3491,16ff3cda-81aa-460c-a1b6-4b28f0dbef3f,15672.48,success,2026-09-10 08:21:23.795474
3492,1af2b0a2-34cf-4570-baa6-827bd861d458,1337.55,success,2026-09-10 08:21:23.797472
3493,e173a906-08fa-4f29-af7e-6a92628da80d,12671.11,success,2026-09-10 08:21:23.799709
3494,69db26a5-a7f9-4b96-9d24-6faabe2ce8b4,19479.62,success,2026-09-10 08:21:23.801825
3495,d38b18b8-8c80-4735-860a-cf15f78e407c,1170.23,success,2026-09-10 08:21:23.804114
3496,48530b3c-89ad-4940-b71e-cbeaa417ee56,19863.00,success,2026-09-10 08:21:23.806046
3497,377ef725-75bf-45de-a35c-9383b4e805bc,2016.32,success,2026-09-10 08:21:23.808161
3498,6c691355-3f7e-4ddb-860a-7bda6ab4d7b6,16514.75,success,2026-09-10 08:21:23.810232
3499,34aa09aa-52d6-4d55-a61f-a9be79f0b938,7961.51,success,2026-09-10 08:21:23.81211
3500,32dc29f0-a241-43d9-87d5-9645e7b0d019,12401.83,success,2026-09-10 08:21:23.814066
3501,8b48425d-fcf7-42e3-95f5-fe1f3ba7df01,12424.92,success,2026-09-10 08:21:23.816146
3502,35dc63a1-e7de-41d4-8fd7-2b0d0ba2d25b,9644.56,success,2026-09-10 08:21:23.818404
3503,eaa5e558-879e-4f0b-b213-eeeae54c3291,16660.29,success,2026-09-10 08:21:23.820448
3504,48c85107-f50d-4bfb-a3b6-a872daded304,18311.03,success,2026-09-10 08:21:23.822485
3505,f6dec404-1819-49e0-b44b-324472f12398,2764.83,success,2026-09-10 08:21:23.824773
3506,ba8d139d-9e25-4f95-b428-185ed6febee0,6127.90,success,2026-09-10 08:21:23.826793
3507,e5eab8d4-d99d-4255-8e50-2ac6a1f8b746,12791.36,success,2026-09-10 08:21:23.829055
3508,c5bf21cb-1b00-43e9-a1ef-963e1635e7f2,11756.84,success,2026-09-10 08:21:23.83123
3509,d19102b2-fd60-4193-9104-97a9b53dee5d,15417.24,success,2026-09-10 08:21:23.83358
3510,74e2d216-6a84-4aa1-b98c-eff674aee29e,14033.44,success,2026-09-10 08:21:23.83591
3511,88477c90-ee0c-442a-b707-8340f2a3271f,7925.46,success,2026-09-10 08:21:23.837988
3512,172780bc-39cd-4c7d-a3bb-f26acfb9aaf3,283.01,success,2026-09-10 08:21:23.839968
3513,31f51853-85b2-49de-8d48-edc0fc10bb90,17482.12,success,2026-09-10 08:21:23.841996
3514,31d97432-bec6-4fde-988a-16394a150411,14196.27,success,2026-09-10 08:21:23.844341
3515,bc1a3140-57c7-4d3b-97a3-79e7502ef63c,10847.28,success,2026-09-10 08:21:23.846333
3516,86918047-c923-4bc1-b79e-230e3d9380e4,1639.33,success,2026-09-10 08:21:23.84846
3517,75d246d6-0f7a-4db0-aaff-c4fb728d367a,7058.84,success,2026-09-10 08:21:23.850694
3518,833e15ce-3752-4dcc-a55d-893d30b8d76c,11868.38,success,2026-09-10 08:21:23.852958
3519,8369bd8c-4c94-457f-8021-12752701b7d8,19262.15,success,2026-09-10 08:21:23.855026
3520,3c9f025f-faf4-4131-befa-bf4be32e9f3e,10321.23,success,2026-09-10 08:21:23.85706
3521,a5cf5f54-c036-424e-ac1e-ac1cbb0c4854,7397.68,success,2026-09-10 08:21:23.859318
3522,077dbc59-a0d8-458f-9bda-a0b3de51e999,896.43,success,2026-09-10 08:21:23.86146
3523,bf7428bb-5b31-420c-b186-879e68911db1,13343.22,success,2026-09-10 08:21:23.863591
3524,94dcd051-8a95-4611-8ca5-4640554adee2,14401.97,success,2026-09-10 08:21:23.865523
3525,bf529737-b0ba-42ac-8219-411314a1f761,1151.26,success,2026-09-10 08:21:23.867682
3526,0c6023d5-5551-47ac-b5bd-ec6703915846,10006.13,success,2026-09-10 08:21:23.869741
3527,30dbd7db-4e12-42d7-8f6e-c5c88a12199b,16933.88,success,2026-09-10 08:21:23.871985
3528,c5bef681-cd57-430b-b792-32b7c46cc895,17867.01,success,2026-09-10 08:21:23.874211
3529,1d596e16-0441-44c1-8180-2824c9164f1b,5135.20,success,2026-09-10 08:21:23.876335
3530,8beafd57-4051-45c7-bb02-7fe8512476e6,10405.33,success,2026-09-10 08:21:23.8785
3531,8c284043-27f7-497e-8172-6e06833694a4,5071.39,success,2026-09-10 08:21:23.880414
3532,f7d491a7-10bd-4685-95f7-079ea7dd5aab,17113.33,success,2026-09-10 08:21:23.882605
3533,d2050576-60f5-44e8-a680-c5470b678f90,18197.13,success,2026-09-10 08:21:23.884953
3534,ed888a1e-3ed9-4112-be3e-77faa5d594ab,17413.93,success,2026-09-10 08:21:23.887005
3535,4269d317-04a1-4102-b816-1e8cbab3f1b4,18868.99,success,2026-09-10 08:21:23.888903
3536,9065907a-1cca-4e6a-a10c-28b83caa195d,3539.19,success,2026-09-10 08:21:23.891204
3537,b421f5e8-6fc2-4a5a-b6b0-984d28a4fdc6,13830.49,success,2026-09-10 08:21:23.893325
3538,136e9475-b88d-4f90-b44b-acfbcf580bb3,10821.56,success,2026-09-10 08:21:23.895311
3539,d0d9fcdd-56df-4111-9e36-9bc02183a26d,9276.23,success,2026-09-10 08:21:23.897413
3540,bce6ba50-4901-4deb-8896-53185b47f8db,2319.37,success,2026-09-10 08:21:23.899619
3541,c3beaa1d-8075-4af1-8cd3-37f7126f05e3,9270.54,success,2026-09-10 08:21:23.901833
3542,ffbe78a6-2400-4201-b76f-6395c55d62a4,6809.09,success,2026-09-10 08:21:23.903976
3543,d9806a0b-c3da-4f13-95b2-2a44ff39e80e,4150.99,success,2026-09-10 08:21:23.906042
3544,e7b295ec-f276-4b05-9aef-0056f7093509,4109.92,success,2026-09-10 08:21:23.908105
3545,a4463dcf-2bdf-4d94-8f28-729b0cdb327a,18433.34,success,2026-09-10 08:21:23.91015
3546,8ebd0b13-cff3-4fef-9957-b4a0339a85b3,7892.86,success,2026-09-10 08:21:23.912326
3547,59dc1331-0ff0-491e-8ee9-8af0dc2f05ee,17086.12,success,2026-09-10 08:21:23.914406
3548,ed8a2829-2b1a-4009-b79c-b9bcdfdc3f4c,16359.51,success,2026-09-10 08:21:23.916566
3549,ed8a2829-2b1a-4009-b79c-b9bcdfdc3f4c,16359.51,success,2026-09-10 08:21:23.916566
3550,3f72386d-41e8-4ce2-b0e5-cfe66796e251,6369.60,success,2026-09-10 08:21:23.920379
3551,c829bf28-3af7-4e4e-8538-7a465a91d656,11135.68,success,2026-09-10 08:21:23.922516
3552,b6343bb5-44ba-4722-9beb-097557f5f6bd,2087.68,success,2026-09-10 08:21:23.924683
3553,3940e72f-4a66-4c78-b311-3084ea223158,16016.96,success,2026-09-10 08:21:23.926822
3554,bacb1c64-bf6b-4d5a-8d7b-a62283069fda,11210.23,success,2026-09-10 08:21:23.928917
3555,d5882ec3-fcc5-4bbe-a553-a6774bc3e2e7,7599.50,success,2026-09-10 08:21:23.930966
3556,7e42f319-bde0-4060-bca8-25efb7ee9998,19048.71,success,2026-09-10 08:21:23.933137
3557,c32589a6-f2d8-4b05-a7b7-e09b019b5687,7607.68,success,2026-09-10 08:21:23.935536
3558,6ee880ad-d00e-4053-9e89-30502b7ce331,9908.47,success,2026-09-10 08:21:23.937711
3559,ba80b373-2f73-4e1c-89ac-47dd31fbbb49,281.55,success,2026-09-10 08:21:23.939688
3560,f05bb153-f714-4672-bb49-2c6ad94365f8,12729.24,success,2026-09-10 08:21:23.941754
3561,f691dcff-a237-46ee-b8cd-04090f23a370,14758.05,success,2026-09-10 08:21:23.943837
3562,29c36fdf-dda3-4e15-916b-5302da9dd0a4,17492.64,success,2026-09-10 08:21:23.946054
3563,252b214a-7146-42ef-800d-f996734ba79d,17543.53,success,2026-09-10 08:21:23.948248
3564,fecf6751-7360-4934-9764-b7fa931bee7a,14431.92,success,2026-09-10 08:21:23.950157
3565,0d6eb0f6-0686-40de-97f7-5ceaf1f3fd4b,16346.75,success,2026-09-10 08:21:23.952266
3566,ada9e264-0f0a-403f-8ad0-8043c3e7d805,14018.20,success,2026-09-10 08:21:23.954408
3567,50d59653-98ef-4b51-b0e5-229488677322,19627.25,success,2026-09-10 08:21:23.956675
3568,83d5a30e-2d15-4673-8aed-bbe8534e74b0,14423.17,success,2026-09-10 08:21:23.958949
3569,376d1eb0-5912-4bdb-902f-532e6e188eae,7549.42,success,2026-09-10 08:21:23.96079
3570,ff82f4b9-c73e-440e-bdd1-cc082f4fb3ed,17807.92,success,2026-09-10 08:21:23.962993
3571,21a9da28-ebc4-458a-9603-ca1c280b1a7f,12527.64,success,2026-09-10 08:21:23.965019
3572,ee0f1a18-de48-4cac-b2f2-fc8d4cbfa8cc,11242.80,success,2026-09-10 08:21:23.968735
3573,1d0630d2-46a8-445d-abfe-ac7b4bb656d2,12197.96,success,2026-09-10 08:21:23.970713
3574,518ac151-009f-4443-8172-56a1dad1abc0,18296.41,success,2026-09-10 08:21:23.972974
3575,6ea9699a-8e53-4243-8d93-1d09bee86b79,15433.24,success,2026-09-10 08:21:23.975206
3576,abea7f99-fa21-47d7-a6b5-80a6346de2a7,1550.28,success,2026-09-10 08:21:23.977209
3577,e9c7d294-2cc5-421a-bdbe-c7bc3f0e2059,13756.46,success,2026-09-10 08:21:23.979311
3578,92c1aadd-0e2b-4971-9e25-c9ae2f8407b8,13487.85,success,2026-09-10 08:21:23.981485
3579,92c1aadd-0e2b-4971-9e25-c9ae2f8407b8,13487.85,success,2026-09-10 08:21:23.981485
3580,b2b7d464-f7de-47c4-86cd-bd91f548ecb4,12303.20,success,2026-09-10 08:21:23.983805
3581,d09bad01-d7e3-4fe4-9dc3-1bb2bb541f0f,18447.82,success,2026-09-10 08:21:23.985957
3582,46d25f97-303c-4976-a52e-805834bdc502,12088.68,success,2026-09-10 08:21:23.988078
3583,3ce30a56-3079-4dfc-9187-2626e18ed3e9,13563.46,success,2026-09-10 08:21:23.989907
3584,455cd87a-b002-46d4-b164-8ed47196bba7,15001.35,success,2026-09-10 08:21:23.992197
3585,220c50f0-de6b-4f0d-8442-0c9e54d9dc61,10157.59,success,2026-09-10 08:21:23.994512
3586,c154169c-9ec3-45e5-9c8d-f69c8d6d7a1a,5186.06,success,2026-09-10 08:21:23.996496
3587,e88feed6-28c2-45f3-bfa9-b56c5bcd5057,3722.82,success,2026-09-10 08:21:23.99866
3588,440f1a74-f062-416e-8219-d9b40df5c857,7623.63,success,2026-09-10 08:21:24.00079
3589,9d6f9b45-be7f-4c3f-a2ca-85980478eec6,12017.80,success,2026-09-10 08:21:24.002777
3590,31e467b0-e503-45aa-a7b5-8460bc2cebf8,19252.29,success,2026-09-10 08:21:24.004978
3591,db17af6e-9159-4c20-9f70-76e875844f9f,17343.83,success,2026-09-10 08:21:24.007017
3592,bf40edc7-8fb4-42bf-807c-e1a06a90aaa4,19108.71,success,2026-09-10 08:21:24.00911
3593,3d3d42eb-7bbc-4f13-aab6-c3e3f30efc0f,16681.91,success,2026-09-10 08:21:24.011147
3594,aabb41bd-4874-4bbf-b37a-5f60b15ca445,16378.81,success,2026-09-10 08:21:24.013219
3595,83be3c4f-f1f1-4da8-a32a-9944710a6859,5686.35,success,2026-09-10 08:21:24.015518
3596,b151e90a-4f9c-4a56-bd91-34224c68da7a,18486.30,success,2026-09-10 08:21:24.017339
3597,adc0dad5-347c-40c5-85fe-1e67cd297f20,2995.76,success,2026-09-10 08:21:24.019076
3598,87aee1f6-4a1c-4a2f-823c-6aee999502b6,7572.40,success,2026-09-10 08:21:24.021386
3599,73a61cff-52d5-4db0-9928-50de2631dabf,5490.64,success,2026-09-10 08:21:24.023423
3600,d773ed16-5842-4ad8-bb79-e9dff935b9d4,13819.45,success,2026-09-10 08:21:24.025591
3601,a686c0b8-cc0e-4fa2-a640-a7dd931fd182,6766.88,success,2026-09-10 08:21:24.027625
3602,904ccc6c-84b2-4b66-8fa1-03326b4c31d2,2456.48,success,2026-09-10 08:21:24.029524
3603,c3f46a86-bc23-4268-8d9f-6ec824bc258e,17821.48,success,2026-09-10 08:21:24.031795
3604,8ef3b14e-82fb-449f-bc1e-b9f7914ffb91,19455.25,success,2026-09-10 08:21:24.033962
3605,0ea33ab0-3836-4b45-8d45-270d0e878acc,15477.46,success,2026-09-10 08:21:24.035961
3606,c71ca6c0-cd9d-4737-b039-b1cf856f925a,14895.89,success,2026-09-10 08:21:24.038375
3607,f6bf5ca0-0fe6-418f-88af-ca4d837a29ca,10100.94,success,2026-09-10 08:21:24.040501
3608,2012a09c-bb8d-4967-8c84-61e951b26f86,832.29,success,2026-09-10 08:21:24.042676
3609,a8ae8217-1813-4d87-8abe-42a70a9d906a,9897.85,success,2026-09-10 08:21:24.044563
3610,784dd365-75a1-4d2f-b866-73cf2f71bc73,5391.14,success,2026-09-10 08:21:24.046753
3611,81690190-d3c4-483a-a871-39fb24b2ffcc,16770.30,success,2026-09-10 08:21:24.048755
3612,513ac11e-dea3-439c-8f11-bd1ac5edab16,10957.79,success,2026-09-10 08:21:24.05093
3613,dc43eafd-6e27-4199-902a-3ad9ce91c1ee,11471.36,success,2026-09-10 08:21:24.053007
3614,645b7f0f-d488-458e-8653-37a28a2860f5,5483.27,success,2026-09-10 08:21:24.055057
3615,00bd2000-088a-433b-93bb-e4fad8a17e1f,5991.01,success,2026-09-10 08:21:24.057305
3616,43ae1edd-d9c7-45a3-9279-f1a989a7cc22,11271.78,success,2026-09-10 08:21:24.059404
3617,cde120c7-ff67-48ff-af88-76e4c4b94d62,7298.99,success,2026-09-10 08:21:24.061467
3618,e733c3fe-5ce6-4d26-988e-e7dbfb4d84de,14809.42,success,2026-09-10 08:21:24.063626
3619,45870a04-b247-43f2-9b0b-011a1340c916,1870.19,success,2026-09-10 08:21:24.065725
3620,718bd65b-5920-4fe9-a70d-0a98df7b0c35,7786.03,success,2026-09-10 08:21:24.067934
3621,e33d99f5-f83d-405d-871c-542d9d05c3b4,399.85,success,2026-09-10 08:21:24.070034
3622,96af74c2-d5d6-4a90-805e-fb7cb0779c3a,6846.89,success,2026-09-10 08:21:24.072153
3623,dc058e8c-01e6-43be-bb4e-d8d7a6658853,5423.76,success,2026-09-10 08:21:24.074141
3624,101e0054-7ea1-4ad3-a3db-787fb293b7e3,10369.05,success,2026-09-10 08:21:24.07612
3625,eea3718a-28a4-47ab-a3b7-591cd108ab71,5730.90,success,2026-09-10 08:21:24.078208
3626,a81081ed-b585-4c1a-b9aa-b199e5eaf694,12918.88,success,2026-09-10 08:21:24.080338
3627,3cf2f66b-c237-4e0e-b08f-b72e7cd15d8f,9721.61,success,2026-09-10 08:21:24.08238
3628,73a0c52e-f837-4a41-b0d7-0ef2a42f74e4,13612.88,success,2026-09-10 08:21:24.084573
3629,a6e73431-d8ad-4c8d-82a3-9cb06c7ce051,2373.63,success,2026-09-10 08:21:24.086609
3630,3c61a5d9-9c0b-4ac8-8996-dd27b868e178,10800.88,success,2026-09-10 08:21:24.088816
3631,833bdbaa-0d7e-4f6c-8f7f-236202ca2a8f,18911.18,success,2026-09-10 08:21:24.090997
3632,c2379a45-e8bc-4ffa-b0e9-d25b91f60935,12822.26,success,2026-09-10 08:21:24.093215
3633,0693b5a6-679a-4a57-89f4-6a8c145935a6,19117.33,success,2026-09-10 08:21:24.095365
3634,1aeed216-8a2a-4628-995f-76387e1fb666,17210.76,success,2026-09-10 08:21:24.09739
3635,9eaaca87-cd89-4313-8c8c-9c6f94ac7ea0,2287.33,success,2026-09-10 08:21:24.099441
3636,aa3b6dae-2d0c-422a-9c33-385e2b3158f5,3764.06,success,2026-09-10 08:21:24.10144
3637,6b9a6c92-0059-4949-b9cf-e12393a90295,12000.60,success,2026-09-10 08:21:24.103494
3638,c5f9107b-9e5f-44b7-92f2-1ea7dec44cc5,12541.88,success,2026-09-10 08:21:24.106005
3639,d65b0f06-dd19-46da-9f5d-6222c351ea5a,8478.28,success,2026-09-10 08:21:24.108264
3640,a9a1a72a-c0e9-4874-8565-f88cee3ef984,18428.06,success,2026-09-10 08:21:24.110473
3641,6cf8517a-5b2d-4205-97a3-522afa9b69ca,5262.66,success,2026-09-10 08:21:24.11262
3642,2c696069-a6cd-405f-af0f-98e29fdf5b38,6122.43,success,2026-09-10 08:21:24.11468
3643,07da590e-16b4-48be-a6af-a45cc3310b94,7227.75,success,2026-09-10 08:21:24.116829
3644,a2798b4e-1876-47ea-9614-01972c3bd503,1174.03,success,2026-09-10 08:21:24.118903
3645,d73b71ea-d7f1-4ef9-a9e8-d9a6ff20745f,6014.69,success,2026-09-10 08:21:24.120968
3646,fa72c450-6cd9-408f-b7be-8df8cb9c5bf1,18455.72,success,2026-09-10 08:21:24.12321
3647,44c02946-4e8f-4229-a427-4a8aa975acad,15782.25,success,2026-09-10 08:21:24.125461
3648,112a1383-b4f2-4e24-a605-bcb879a58bf6,9559.73,success,2026-09-10 08:21:24.127427
3649,df2805a8-7503-4b5b-94ef-58300ac74d50,13732.41,success,2026-09-10 08:21:24.129711
3650,30a67dc7-5241-4973-bfee-bfd5d4ff26e9,5034.90,success,2026-09-10 08:21:24.131936
3651,55edb1ac-9a83-41e1-af85-07498a035717,9711.45,success,2026-09-10 08:21:24.134015
3652,01026f0b-9c27-4581-a286-cc697b244a9e,3328.73,success,2026-09-10 08:21:24.136007
3653,9a288c52-0d6d-443d-a496-34fcde27ae65,19915.30,success,2026-09-10 08:21:24.138185
3654,c0ee9a1f-670d-4f3f-a109-aae78b197ec9,4692.16,success,2026-09-10 08:21:24.140135
3655,79324c80-f4cc-43bb-b988-eac9f12b646b,16476.95,success,2026-09-10 08:21:24.142126
3656,14efcb4b-9e26-4ca9-a1fe-74604038a3af,1845.24,success,2026-09-10 08:21:24.144162
3657,c1461b0d-ca95-4caf-a123-79b2085441f4,9163.56,success,2026-09-10 08:21:24.146266
3658,ec5c8e4b-7d82-4624-a52f-20cbd78653f9,13565.11,success,2026-09-10 08:21:24.148404
3659,bb8528dd-1df1-4601-946c-ddfa428d4b84,3142.70,success,2026-09-10 08:21:24.15054
3660,60e7f5d3-2d99-46f6-b0eb-69d5b71bf397,13477.58,success,2026-09-10 08:21:24.152525
3661,e50d2d5e-0b8a-42e9-9dc0-745a1d01d952,3179.63,success,2026-09-10 08:21:24.154594
3662,861e1865-2428-48b0-9d13-09abbe857566,1542.34,success,2026-09-10 08:21:24.156802
3663,511cd57e-1835-4709-8f0b-6af30b9f71be,15751.52,success,2026-09-10 08:21:24.158787
3664,6fa98844-c7ad-4a68-afe7-bf9b10806371,2318.77,success,2026-09-10 08:21:24.160796
3665,ed9e8ea5-5dfd-49ba-b20b-e06a1347989b,2049.45,success,2026-09-10 08:21:24.162817
3666,004483c1-25cd-40fb-b6a9-7a82e3fb1273,7121.67,success,2026-09-10 08:21:24.165113
3667,86d21806-b0bf-4599-88cc-12f82802ce28,6215.84,success,2026-09-10 08:21:24.167244
3668,6349be00-c9b1-4569-adca-71a6bf436fa9,16476.51,success,2026-09-10 08:21:24.169435
3669,6b130972-be2a-46ae-839e-4917bbec32a9,3434.28,success,2026-09-10 08:21:24.171597
3670,b6fb5d2f-7f42-4d56-b45e-4fdb406c6ecf,3667.68,success,2026-09-10 08:21:24.173738
3671,1fa54a08-cd1e-4682-9c07-a92ec8c3a9cb,18553.69,success,2026-09-10 08:21:24.176033
3672,1695b8e3-5036-4ecf-8bf1-ba57b2ea6172,1389.91,success,2026-09-10 08:21:24.178109
3673,a313580d-ae35-4d3c-b0a5-737b33bbe089,18801.52,success,2026-09-10 08:21:24.180061
3674,a313580d-ae35-4d3c-b0a5-737b33bbe089,18801.52,success,2026-09-10 08:21:24.180061
3675,ad355d9c-85a9-4904-953d-dfcd26d085c1,16373.27,success,2026-09-10 08:21:24.182347
3676,314f1e2f-24c4-4b7a-9341-1b01a95f2877,18123.18,success,2026-09-10 08:21:24.1847
3677,651d3b76-a8d1-4451-8c86-6e9e22930c51,16998.05,success,2026-09-10 08:21:24.186979
3678,dfda0fa5-88ee-41e0-83e9-0ae15d99e51b,5410.42,success,2026-09-10 08:21:24.189224
3679,aae0230e-bda5-4bf8-a635-53269b17051e,4921.00,success,2026-09-10 08:21:24.191365
3680,fe86e348-fecf-44a5-a66c-7d1f69abb5f1,4324.43,success,2026-09-10 08:21:24.193339
3681,a1145e1f-f925-4f74-8daf-dada30269e66,13198.02,success,2026-09-10 08:21:24.195678
3682,79afc13d-2f64-426b-9889-5c260cac4485,15016.75,success,2026-09-10 08:21:24.197751
3683,2896fdea-b44a-4241-bffe-f922afdfa874,18809.64,success,2026-09-10 08:21:24.19976
3684,4e10c69a-d5f5-422a-ae8d-98e2fe0fe256,18464.40,success,2026-09-10 08:21:24.201873
3685,75108f79-ba89-49e3-8cd7-0a6ce2679aba,12738.20,success,2026-09-10 08:21:24.204148
3686,530947c3-622f-4785-a7b4-6959513b5a37,13380.29,success,2026-09-10 08:21:24.206139
3687,524455eb-f6b0-40b0-ab84-29d92118ee65,17538.31,success,2026-09-10 08:21:24.208276
3688,6cc96285-343f-43fc-8949-00f84060d599,9919.44,success,2026-09-10 08:21:24.210531
3689,3d12584c-a0a6-4951-8532-59740621bffe,13052.33,success,2026-09-10 08:21:24.212903
3690,3070d1c2-fb80-492f-a82e-e062a3366b7b,15764.04,success,2026-09-10 08:21:24.214813
3691,078a5590-1a3b-4609-b345-cf835609162e,11306.00,success,2026-09-10 08:21:24.21694
3692,fa4ea463-5a0a-4114-9182-f2878ffeba5b,18205.30,success,2026-09-10 08:21:24.219042
3693,6f0f47e6-f22e-49a3-9698-883da52e4154,2696.29,success,2026-09-10 08:21:24.221185
3694,2491b239-7708-4253-951b-a909c8c9c26f,3048.43,success,2026-09-10 08:21:24.223151
3695,fb881d9a-57a8-44df-a3d4-b36e9e5047b8,13969.02,success,2026-09-10 08:21:24.225404
3696,f9146c75-23fc-49ce-b639-b3d761ce7eea,2691.37,success,2026-09-10 08:21:24.227532
3697,01538970-ab9d-4faa-a8b4-3afdc57e8df1,7595.19,success,2026-09-10 08:21:24.229803
3698,e475684f-5778-48b8-bcd0-11879967d360,13360.68,success,2026-09-10 08:21:24.231767
3699,a5e7452c-4fc6-43b9-8e51-1dd627e50bc1,8203.82,success,2026-09-10 08:21:24.233784
3700,b077ff1f-af67-4263-8749-cfaae00917de,3237.71,success,2026-09-10 08:21:24.235711
3701,ddab45ab-12b8-4383-bf31-8a0f979b65b4,14846.65,success,2026-09-10 08:21:24.237711
3702,51b0243e-cfd8-4284-9594-674a4cc16337,3397.93,success,2026-09-10 08:21:24.239704
3703,1f96a428-14d9-41e0-8062-eb1901a69864,7996.48,success,2026-09-10 08:21:24.242003
3704,e8168eeb-e22d-4222-9702-a0353ed22b4c,6633.56,success,2026-09-10 08:21:24.244185
3705,17f92e0c-100e-4b83-a718-fabe280a8327,4653.21,success,2026-09-10 08:21:24.246397
3706,a083094a-b3ee-4711-a65d-5c5d9a588716,3803.59,success,2026-09-10 08:21:24.248616
3707,1f3062c3-dfb1-44a1-b910-eb2b99186071,2254.71,success,2026-09-10 08:21:24.250749
3708,85219b94-fe59-4149-83f2-05b27e88c694,11229.63,success,2026-09-10 08:21:24.252936
3709,2fa5b61c-7378-4674-95fc-2f9c51b4a617,11173.58,success,2026-09-10 08:21:24.255389
3710,43d34233-918e-4372-84a7-a030fe5634c6,2787.10,success,2026-09-10 08:21:24.257456
3711,613cf0b5-64e2-47a8-bd62-ee24d1413825,9865.77,success,2026-09-10 08:21:24.259765
3712,5c125207-df9c-4374-84c1-d85cc1531f4b,10800.27,success,2026-09-10 08:21:24.261867
3713,94b74dbe-bf22-4976-9346-58284498c0b7,9654.39,success,2026-09-10 08:21:24.264058
3714,1cb835f4-b0ab-40fa-8135-dddf089cd395,6460.64,success,2026-09-10 08:21:24.266341
3715,bf665db4-3ecf-4de3-b694-d3f3b275156b,820.66,success,2026-09-10 08:21:24.268316
3716,a696f4ed-d23e-44fa-a76a-af06dcf38683,18954.69,success,2026-09-10 08:21:24.270281
3717,3779c054-f138-4881-8490-9ee1f4ca134c,19548.51,success,2026-09-10 08:21:24.272279
3718,b51de55c-5e6e-4dfe-8768-07b03ca05a4a,2235.56,success,2026-09-10 08:21:24.274416
3719,08d08b30-d8c5-4905-a236-c12350031da4,1408.51,success,2026-09-10 08:21:24.276431
3720,a078fcd1-bd36-42fa-822d-f1fbf1410e19,11991.24,success,2026-09-10 08:21:24.278406
3721,4cd33ed6-df7f-4c5d-a03c-310b1316c3af,11541.65,success,2026-09-10 08:21:24.280546
3722,bdd80fea-165d-445c-9774-11f997807acd,10963.68,success,2026-09-10 08:21:24.282833
3723,88f20416-e97a-410b-9933-6a3a58ea67a0,18807.65,success,2026-09-10 08:21:24.285007
3724,42a95732-cba9-4173-bc1f-0d28e63ca931,2737.24,success,2026-09-10 08:21:24.287033
3725,673ca3ab-5c00-42fa-9fc3-4b1504598fa7,11410.10,success,2026-09-10 08:21:24.288943
3726,a0f1f77a-0611-426b-9d7b-4355abb6a468,10436.59,success,2026-09-10 08:21:24.291008
3727,94c9c000-aa78-4707-ad17-c5c436ddb68b,19836.85,success,2026-09-10 08:21:24.292996
3728,17cf50f2-2424-466e-ade5-e14b2984842c,10172.27,success,2026-09-10 08:21:24.295139
3729,29e7b6cb-52ce-4541-b217-193cd52b320d,361.37,success,2026-09-10 08:21:24.297079
3730,2258e930-e637-4fa0-a4aa-ecc0d79a46a7,8619.05,success,2026-09-10 08:21:24.299139
3731,49625fb3-4ce4-443b-850e-a071cc857fb6,19774.76,success,2026-09-10 08:21:24.301215
3732,7ca93c51-9084-47fa-a8ea-ac5bdb529fd9,6024.59,success,2026-09-10 08:21:24.303213
3733,3ad4b2eb-a3c4-446c-96bf-1efb9bc176dc,2149.69,success,2026-09-10 08:21:24.305259
3734,fc8201b7-5806-4cfd-b65e-814d9a95e278,15848.83,success,2026-09-10 08:21:24.307298
3735,72970100-03b4-4128-87f4-6eef9fe3dde8,16777.79,success,2026-09-10 08:21:24.309269
3736,3f708a94-a23d-4a0f-b9d4-90fae019c051,10288.32,success,2026-09-10 08:21:24.311199
3737,4eb0b082-e37d-4811-9fae-09e7527aed10,11372.46,success,2026-09-10 08:21:24.313491
3738,a2b4f0d4-23a4-4623-9fa9-121e3999a2f9,4612.72,success,2026-09-10 08:21:24.315669
3739,efff00c5-a116-415d-8497-aba9b00eecb6,7958.88,success,2026-09-10 08:21:24.317925
3740,21df9fb7-b966-4ee8-aabe-d2e3cf86e064,8338.69,success,2026-09-10 08:21:24.320184
3741,ed3b9700-e897-482a-a9e7-ede54f0b29dc,5480.80,success,2026-09-10 08:21:24.322119
3742,ee88e2e4-f888-49a3-861e-7439bcb25f46,16913.84,success,2026-09-10 08:21:24.324307
3743,79a8641f-8a95-4a52-8d65-c349d32dd584,6584.48,success,2026-09-10 08:21:24.326309
3744,2ac1c3b9-d748-4e40-9e6f-bcc55139f3a1,15363.45,success,2026-09-10 08:21:24.32857
3745,14499c4b-8804-433a-9881-d47e985f9440,3835.94,success,2026-09-10 08:21:24.330548
3746,884c7460-270c-4b47-9155-1188e7fa5bb0,18704.32,success,2026-09-10 08:21:24.332776
3747,414c9c52-c543-46ec-85e3-fd2e4a6784ca,15243.24,success,2026-09-10 08:21:24.33499
3748,495465f8-0ec9-4b3f-8959-5b19e1ab8491,12848.31,success,2026-09-10 08:21:24.337173
3749,40f419a3-4641-4c13-b5f3-44d57ea085b8,1234.27,success,2026-09-10 08:21:24.339358
3750,bf72a850-b1ca-49a9-a571-4b33352aca63,17938.23,success,2026-09-10 08:21:24.342434
3751,3f0b9af2-a2ef-4db1-ba2b-efbc98129266,3361.21,success,2026-09-10 08:21:24.344678
3752,544d5588-b361-49d6-9a54-4603e9575bee,7578.80,success,2026-09-10 08:21:24.346731
3753,83b2e227-ccfa-4f1c-8edb-5bbff8c03f0b,18420.59,success,2026-09-10 08:21:24.348773
3754,86d66b99-265b-4436-ac0d-7554bae33222,1596.22,success,2026-09-10 08:21:24.351102
3755,ef5b0948-a11b-4ed7-b719-3bc79fb1c2ed,4885.62,success,2026-09-10 08:21:24.353102
3756,781e7301-36ea-437a-997e-24c21d409eac,3964.35,success,2026-09-10 08:21:24.355384
3757,06a1d7ed-b846-4bd7-af7d-549032bf3f28,5254.90,success,2026-09-10 08:21:24.357558
3758,41703601-2579-4884-9e54-6295f0eba68b,14448.57,success,2026-09-10 08:21:24.359483
3759,4e6be4e8-f90f-4b6b-b471-0a9e18aa2d5e,711.05,success,2026-09-10 08:21:24.361552
3760,83d989ee-5771-40f3-bd79-4e35f683e58d,1114.38,success,2026-09-10 08:21:24.363371
3761,3968b5e9-0691-4287-ab42-91376095cb8e,13445.97,success,2026-09-10 08:21:24.365395
3762,2889413e-3399-4749-9b44-f8a046903747,12832.00,success,2026-09-10 08:21:24.367068
3763,0e96b57a-5631-4a32-98df-9a033ad9dfb4,4362.25,success,2026-09-10 08:21:24.369124
3764,7734cc4e-6262-4b74-9885-f71c15c7b1f6,7676.62,success,2026-09-10 08:21:24.371379
3765,544cec31-ac7b-49ec-882b-c71cdd5360d3,1956.57,success,2026-09-10 08:21:24.373378
3766,3bd9dd49-8c6c-4eea-acb9-7ae9b6017643,8456.94,success,2026-09-10 08:21:24.375205
3767,71b24f5b-0572-4f9b-aee6-969702c7d8fb,3611.79,success,2026-09-10 08:21:24.37719
3768,90553859-559a-470d-aba4-0d3e28754d51,6586.42,success,2026-09-10 08:21:24.378832
3769,796c8e6f-23b6-4f33-af18-7f405c1e2e1e,9721.03,success,2026-09-10 08:21:24.380915
3770,e3597353-10a2-4184-bcee-55681b1c6f76,2130.95,success,2026-09-10 08:21:24.382869
3771,622ff8ad-caaa-495f-898a-0a7a98095e35,3961.32,success,2026-09-10 08:21:24.384816
3772,dbe53ffd-d797-4960-a804-62b88fc9d76f,7233.60,success,2026-09-10 08:21:24.387286
3773,7b7bfc9c-9f51-4112-ba51-8437bbbd766e,1485.33,success,2026-09-10 08:21:24.389382
3774,f0dd885d-4db3-4a2b-85e7-0c2a52032434,12051.18,success,2026-09-10 08:21:24.391512
3775,5d06a519-b535-4151-9201-1893342431df,2499.79,success,2026-09-10 08:21:24.393572
3776,47eff4c0-c6a7-4e9b-8173-222661b3970a,12532.01,success,2026-09-10 08:21:24.395529
3777,90ab8fe3-0721-4c19-af01-31964ed46134,18474.67,success,2026-09-10 08:21:24.397487
3778,fc70f36b-1d1f-4dd3-8901-072e36b61451,2197.61,success,2026-09-10 08:21:24.399425
3779,54aa970e-f686-4544-8235-dd89c7f76dd3,6422.70,success,2026-09-10 08:21:24.401563
3780,9630b17a-450d-47f2-8faf-3a1d704bf4d0,16751.57,success,2026-09-10 08:21:24.403536
3781,140478a9-d49c-4f84-abed-30e7e6d971b9,2223.11,success,2026-09-10 08:21:24.405388
3782,f45e6243-4f28-4e5f-a156-56b94dd9dadf,8631.34,success,2026-09-10 08:21:24.407451
3783,b16c1834-cb59-4b9d-bddf-d291bf6eee7e,18422.20,success,2026-09-10 08:21:24.409062
3784,33f87a68-85f1-4804-be9e-534aaf3e8785,294.11,success,2026-09-10 08:21:24.410617
3785,509bb4af-cdf9-4e59-ac5a-00ec7d0eebf9,3329.32,success,2026-09-10 08:21:24.41243
3786,5dddd1c4-755e-4344-a37e-51fa97afd5a3,18209.92,success,2026-09-10 08:21:24.414141
3787,42c8df9c-10b8-4579-b10c-d5fa17289abb,11984.40,success,2026-09-10 08:21:24.41602
3788,8ce46848-2ad3-43b5-9b2b-be2b7262a161,529.28,success,2026-09-10 08:21:24.417609
3789,4cd97c56-fe72-4601-8341-04dea4402c2c,931.62,success,2026-09-10 08:21:24.419764
3790,a33aa26c-7929-48c8-b716-f16041129ae7,13027.17,success,2026-09-10 08:21:24.421921
3791,c7d94351-b1fb-4760-a3e4-179136b7a6fd,7205.91,success,2026-09-10 08:21:24.423903
3792,13e085a5-2267-4684-9f2c-c7a27d5eb114,14189.94,success,2026-09-10 08:21:24.425901
3793,2589e0b2-3387-4a42-a6a6-077f3e9bd8a8,5745.07,success,2026-09-10 08:21:24.427886
3794,adde3471-f92a-4beb-ab08-612612209ee9,11792.07,success,2026-09-10 08:21:24.429996
3795,a7da406d-5f0e-4b90-8382-f22f4fa7f20d,13320.58,success,2026-09-10 08:21:24.432184
3796,e93faa3d-2271-4050-8add-8719f28339a2,11077.95,success,2026-09-10 08:21:24.434131
3797,b8809e5a-bcb4-4c59-a72f-565638268bf0,17980.92,success,2026-09-10 08:21:24.436214
3798,b8809e5a-bcb4-4c59-a72f-565638268bf0,17980.92,success,2026-09-10 08:21:24.436214
3799,8bca0ea9-9741-4858-9a7f-65ab0df888a7,5363.29,success,2026-09-10 08:21:24.438813
3800,f95c1ee2-fadc-4ed1-8fa8-bd3c93e26779,17418.49,success,2026-09-10 08:21:24.440584
3801,6e248c1b-5ff3-49d0-862c-a6f5ea130f16,13745.94,success,2026-09-10 08:21:24.442969
3802,764b4259-c456-4c48-988d-a25b3882ca61,6024.11,success,2026-09-10 08:21:24.445206
3803,b42a20d2-7fde-4fe6-ac42-894846980718,7463.71,success,2026-09-10 08:21:24.44722
3804,7e26f60c-f894-4687-9a44-e99ff0d0915e,10736.72,success,2026-09-10 08:21:24.449656
3805,d6993523-735c-4a7a-b2db-56a6a9fde1e4,15839.53,success,2026-09-10 08:21:24.451747
3806,30b25dda-ea0f-4f4d-85f7-53f22c901d40,15385.96,success,2026-09-10 08:21:24.453984
3807,516a42ba-e8a2-4e11-8eb5-740c82215a2b,16010.97,success,2026-09-10 08:21:24.456318
3808,32bafa7f-dd7b-45c1-963d-ee2057dec0e6,15862.69,success,2026-09-10 08:21:24.458238
3809,8990f18d-44b5-49ac-a9e2-a1fb91da2cf7,19300.89,success,2026-09-10 08:21:24.460358
3810,92543004-659d-43a8-9b85-2b6d8b274900,1584.73,success,2026-09-10 08:21:24.464674
3811,c4cdc401-89c5-4b23-90c3-fecff9f9a7fa,10603.41,success,2026-09-10 08:21:24.46676
3812,09d640ad-8240-48ab-92da-5e3c9296ceab,18534.44,success,2026-09-10 08:21:24.468898
3813,7abb733e-62be-4a69-b328-d9dda5829e9b,5877.06,success,2026-09-10 08:21:24.470919
3814,1cf785d8-a1fc-41b7-9f50-d56a09932154,615.98,success,2026-09-10 08:21:24.472875
3815,aaa6e650-f184-4b96-bec8-552ac24949c2,1281.60,success,2026-09-10 08:21:24.475018
3816,5fc58df5-88ac-4453-8eb4-1e0f0aa6f925,65.69,success,2026-09-10 08:21:24.47722
3817,6386c957-1ec6-4855-afdb-f92e7c607393,732.96,success,2026-09-10 08:21:24.479468
3818,ae7337f9-99b3-4f70-aa50-e93e28ace25e,13730.14,success,2026-09-10 08:21:24.481806
3819,444cc1f9-df1d-4df5-826f-57a128e986c4,16170.56,success,2026-09-10 08:21:24.483767
3820,585fa4af-47fc-4355-9b42-d7930f123bf8,1335.07,success,2026-09-10 08:21:24.486247
3821,5c83e039-0f75-45fc-902f-3b758d55b5ab,7283.60,success,2026-09-10 08:21:24.48864
3822,c8f529b3-38be-4adc-bc5c-0c9018a512fc,76.40,success,2026-09-10 08:21:24.490497
3823,395411a3-7fe7-40cf-bb56-aa81820846de,17050.83,success,2026-09-10 08:21:24.4924
3824,2b669e10-2630-4aa1-898b-896881d966f9,4080.84,success,2026-09-10 08:21:24.494677
3825,f33ac42f-d1a4-42ae-b24b-0e9c570b45aa,4595.06,success,2026-09-10 08:21:24.496895
3826,0cdcbfd3-649a-4ede-8495-aba2539a0d3a,8846.45,success,2026-09-10 08:21:24.498941
3827,b972aba8-f6b6-4741-8d3c-d39127f94336,2426.79,success,2026-09-10 08:21:24.500887
3828,4024e421-fda6-4faa-836b-f5afbad1fdc1,18139.88,success,2026-09-10 08:21:24.503217
3829,4024e421-fda6-4faa-836b-f5afbad1fdc1,18139.88,success,2026-09-10 08:21:24.503217
3830,51b64451-4646-4dfc-9379-46f415360f6b,2720.74,success,2026-09-10 08:21:24.505571
3831,b77670cc-52ef-4fca-b897-fd6abbb76bff,342.43,success,2026-09-10 08:21:24.507641
3832,322e94fd-44ba-49dd-87d7-070a45d71fdc,2440.36,success,2026-09-10 08:21:24.509985
3833,b2664819-4dae-4232-be8c-65eed8847607,19414.83,success,2026-09-10 08:21:24.512583
3834,f169b1a6-9405-4ed9-8876-4249a038c9ab,2352.75,success,2026-09-10 08:21:24.514575
3835,dbbb9492-c551-414e-880a-6112b1c31cdb,938.40,success,2026-09-10 08:21:24.516611
3836,82bdef6b-6f43-4a12-92c4-532b3754a819,15581.41,success,2026-09-10 08:21:24.518778
3837,811e6ed8-33f2-4a72-abb5-be4807743353,7373.13,success,2026-09-10 08:21:24.520805
3838,30e0c6e2-a6d5-44e4-bb05-4caed4d24123,8091.32,success,2026-09-10 08:21:24.522992
3839,3f30a44b-691b-4fd8-a99b-a79adc672f75,13372.47,success,2026-09-10 08:21:24.525187
3840,193b65e6-81f0-4251-bd31-08c8f5a66af5,19933.87,success,2026-09-10 08:21:24.527359
3841,977b1349-09f4-4af6-9e2e-a0a6698e86d6,15948.79,success,2026-09-10 08:21:24.529644
3842,1611dbf4-9753-43b0-895f-f5cfc49f5b6d,5590.32,success,2026-09-10 08:21:24.531745
3843,a29b6a30-fb2d-4e47-aca9-da38ad08848b,17275.97,success,2026-09-10 08:21:24.533747
3844,a61aaf6a-e856-405a-a00a-d7ef33fb6d44,4584.61,success,2026-09-10 08:21:24.536149
3845,727b374a-a268-44f0-b6e9-cfd1c2e7f3fc,223.16,success,2026-09-10 08:21:24.5384
3846,01746c99-498d-4b80-a4f5-d95f48172655,8401.68,success,2026-09-10 08:21:24.54064
3847,f8113443-9b32-4748-ab3f-d7b5f750cabd,11956.00,success,2026-09-10 08:21:24.542669
3848,e9dc7fa3-8f32-43dd-b785-96fb6b32a7bb,8524.02,success,2026-09-10 08:21:24.544463
3849,e9dc7fa3-8f32-43dd-b785-96fb6b32a7bb,8524.02,success,2026-09-10 08:21:24.544463
3850,f18e3a8c-bf21-4646-b9da-032446f3bdd1,18144.68,success,2026-09-10 08:21:24.546876
3851,0b3a625f-0353-48c7-a2f0-b90dd0449e73,15372.88,success,2026-09-10 08:21:24.548915
3852,6623d389-8f58-4c6a-be7b-b3bdfee5a864,1227.11,success,2026-09-10 08:21:24.551208
3853,2d6b9fc5-c1c9-4f56-acc8-e071870df839,1039.54,success,2026-09-10 08:21:24.553229
3854,6579263f-1706-4b34-8d0b-c713e86d2a41,2606.27,success,2026-09-10 08:21:24.556972
3855,bad5d6a5-b5b3-4a09-bf19-4f99ee5093ef,17949.67,success,2026-09-10 08:21:24.559446
3856,04783708-f9bc-4a5f-95ed-cf687aab32af,13086.31,success,2026-09-10 08:21:24.561565
3857,bf771539-6703-464c-a7da-7c897eded25f,7981.15,success,2026-09-10 08:21:24.563845
3858,f742de31-1ac8-4911-8f47-659a19421a36,1925.60,success,2026-09-10 08:21:24.565962
3859,24afa4fb-4285-4b45-930c-f8887a737e94,14405.59,success,2026-09-10 08:21:24.568236
3860,62dfe4f3-6904-4a37-94cd-14a3f2535822,1376.43,success,2026-09-10 08:21:24.57044
3861,ec4aa353-1cbb-4371-aef5-a9f71e359239,11937.79,success,2026-09-10 08:21:24.572697
3862,5c252208-07be-4971-b337-00eed1ac52b6,17315.97,success,2026-09-10 08:21:24.574852
3863,61920c89-655b-41e1-8b47-3b3864ef314b,2991.43,success,2026-09-10 08:21:24.577065
3864,57c5408a-df9b-4447-8eaa-5b01a9979873,11894.34,success,2026-09-10 08:21:24.579387
3865,6ff79a85-25a0-421b-8603-b50468eeb719,7689.58,success,2026-09-10 08:21:24.581831
3866,94be5cbe-836e-4368-b768-85fc303906a4,10644.94,success,2026-09-10 08:21:24.58413
3867,0a4c08e3-47a5-45d3-b589-79bcf048e317,18571.17,success,2026-09-10 08:21:24.586617
3868,880ceb3d-ad88-43b4-871d-1cc19d5fff15,15444.78,success,2026-09-10 08:21:24.588806
3869,133ffa8a-3398-4161-a11c-2bb202dd46f8,3780.68,success,2026-09-10 08:21:24.590943
3870,6775db84-5931-4e43-80f7-0caf7023541b,6804.27,success,2026-09-10 08:21:24.592864
3871,97b8edc4-1846-4a06-a78e-f387c29aa416,5597.96,success,2026-09-10 08:21:24.594882
3872,1bee6963-1140-4f7d-94cf-e197ab0546fb,10606.13,success,2026-09-10 08:21:24.59713
3873,9d6a241f-8bf3-45f9-b2b4-be88021dd69f,12295.88,success,2026-09-10 08:21:24.599159
3874,3099bf27-6a91-434e-aca4-dcaeb551b050,6806.34,success,2026-09-10 08:21:24.601508
3875,fffe665f-f3ea-4249-93f4-570c7094b6cb,18396.31,success,2026-09-10 08:21:24.603621
3876,5a1f39d7-a914-47f0-a04f-59081f47e712,17006.09,success,2026-09-10 08:21:24.60572
3877,910d6dd8-fc54-459a-af02-f90136612119,18327.60,success,2026-09-10 08:21:24.6078
3878,beb629e7-8238-4bfe-b40c-37671110dac3,468.86,success,2026-09-10 08:21:24.610228
3879,e381fc24-0e11-4716-bde5-19efc53a6f5c,8407.12,success,2026-09-10 08:21:24.612533
3880,aa1d6553-591f-4e98-a6a9-8847840d9cf0,13391.95,success,2026-09-10 08:21:24.614797
3881,094f8f89-76cb-4002-81b4-e428888e5626,11458.56,success,2026-09-10 08:21:24.617143
3882,7eb538d1-40e0-4b14-883d-543758fe53c5,13019.52,success,2026-09-10 08:21:24.619521
3883,7e2fe538-5f65-4061-9ffd-e226a104f170,5604.11,success,2026-09-10 08:21:24.621641
3884,2152d0e8-bf18-4cfd-b280-ffa7c48f63d7,7979.52,success,2026-09-10 08:21:24.62364
3885,74b29825-2c70-4e10-bd75-08bee06a6d4c,14201.37,success,2026-09-10 08:21:24.625763
3886,016a1a2e-12f2-4dcc-aa3e-81b4b167748d,12886.46,success,2026-09-10 08:21:24.627985
3887,bcb166de-dbc0-4ba2-9509-7db825de1683,19497.10,success,2026-09-10 08:21:24.630602
3888,e77940d6-cca3-40e3-a6fe-d0f6c6eae54e,7470.02,success,2026-09-10 08:21:24.632667
3889,fd437238-37e0-45c5-8bcb-a3ba7c42ca24,6558.08,success,2026-09-10 08:21:24.6349
3890,e9301ba1-7a05-4bfd-9fc6-a58760f95162,11187.17,success,2026-09-10 08:21:24.63705
3891,ee31375a-4718-479d-a863-e97d59affc27,4789.27,success,2026-09-10 08:21:24.638964
3892,11839a5a-fd82-484b-a13e-59559f35e2c4,11847.00,success,2026-09-10 08:21:24.64263
3893,af5ffc0f-60db-479e-9fb3-b41b1ff14ac4,17130.16,success,2026-09-10 08:21:24.644749
3894,8ca2b312-0cfd-4054-beee-795dcb5170d1,15033.50,success,2026-09-10 08:21:24.646761
3895,ab872c4f-813b-4f27-ae87-76d5eac78a77,15869.12,success,2026-09-10 08:21:24.648724
3896,80ab02df-315a-49b1-8792-372c9b0bc984,2424.11,success,2026-09-10 08:21:24.650746
3897,4b6cc40c-b570-4f11-bd4e-f86d82d6a6c0,4500.98,success,2026-09-10 08:21:24.652798
3898,19b5299d-e62e-4dfa-b87a-ad8c2b21d207,2689.58,success,2026-09-10 08:21:24.654776
3899,31bc2059-ce68-4e04-ae74-8f8942f96e53,2532.74,success,2026-09-10 08:21:24.657118
3900,7cf738ed-d3ae-47c5-9ff1-4e0b8b9db8d6,390.35,success,2026-09-10 08:21:24.659453
3901,2f94ca68-7595-40ee-8644-60b206235759,7707.33,success,2026-09-10 08:21:24.661417
3902,e2ad0f05-4455-401c-b786-0ed640e5688c,13248.17,success,2026-09-10 08:21:24.663692
3903,09745f88-3ecc-47ec-9cda-b0a594d4326b,16654.37,success,2026-09-10 08:21:24.665918
3904,538ab7cc-27c5-458c-b3f8-b7f95eb9853e,8240.04,success,2026-09-10 08:21:24.668065
3905,5c2466d7-7fee-4b13-8e1d-7fde62bb3a8f,17980.18,success,2026-09-10 08:21:24.67041
3906,2b052707-e390-4728-8759-b9d4807d1aca,11399.39,success,2026-09-10 08:21:24.672709
3907,af3a97c3-eba6-41e8-90a0-83354e79d648,8072.69,success,2026-09-10 08:21:24.675021
3908,24475ca4-e398-4097-aa61-ce0425192203,16634.94,success,2026-09-10 08:21:24.677292
3909,a0d207c3-0552-4ad4-8523-991c2c4a882e,17518.19,success,2026-09-10 08:21:24.679772
3910,305ae515-9f4b-40de-bece-66d92d6b43f6,5090.26,success,2026-09-10 08:21:24.682137
3911,d087ceb8-de8d-4b76-9acb-acefb49093d8,19769.84,success,2026-09-10 08:21:24.684391
3912,bb506876-6986-42b2-8c8a-712f803745ff,4503.37,success,2026-09-10 08:21:24.686331
3913,fd136846-a81a-4efa-a61b-68eba454c17e,11304.24,success,2026-09-10 08:21:24.688657
3914,a230b8f6-3002-4c27-80db-6e7085ca346f,17040.88,success,2026-09-10 08:21:24.690921
3915,f334bbb6-7268-430f-bf2d-e680fe4b0de3,7110.79,success,2026-09-10 08:21:24.693193
3916,45e02a24-a641-462d-9f8c-866e84e5e727,8662.08,success,2026-09-10 08:21:24.695495
3917,26558d5a-1e61-4379-9e41-76e985aafcdf,15390.07,success,2026-09-10 08:21:24.69749
3918,d1286d09-aee0-4216-a81f-db3d5ed7f114,16047.49,success,2026-09-10 08:21:24.69974
3919,0053f7d0-482c-42d0-9e7c-e37e573906ad,16640.19,success,2026-09-10 08:21:24.701992
3920,5cde935e-338e-4c56-a272-acf8155dbbe0,17253.79,success,2026-09-10 08:21:24.704051
3921,cc92a024-ce6c-496f-a022-319245274351,17565.18,success,2026-09-10 08:21:24.706298
3922,c69ecda4-e7c4-466c-95cd-39659269fc8b,10655.63,success,2026-09-10 08:21:24.708321
3923,00049097-c2d6-4107-921d-bdb7b065b22f,7579.03,success,2026-09-10 08:21:24.710686
3924,6d02aa09-4ace-4b4b-acb3-086064b37c07,8776.32,success,2026-09-10 08:21:24.712691
3925,078db129-1639-419c-a21e-4dee82a93495,5755.42,success,2026-09-10 08:21:24.714996
3926,a64936a0-c260-4bba-96b3-0388c14597ff,6207.43,success,2026-09-10 08:21:24.71705
3927,20917898-41f8-4a12-b415-e6f0190ca642,5540.98,success,2026-09-10 08:21:24.719229
3928,4f3d4539-9450-437b-8f81-30603e651f90,8735.72,success,2026-09-10 08:21:24.721284
3929,e7956eb5-db4c-4dc5-ae55-e41ecc3bebb4,2744.10,success,2026-09-10 08:21:24.723211
3930,4066d87f-734a-41e4-b5af-55cf59b174ea,5312.02,success,2026-09-10 08:21:24.725044
3931,cdb15154-cd37-429d-b704-faadbf0bcf82,11276.79,success,2026-09-10 08:21:24.727026
3932,11b0a7a4-7637-407c-b7f8-a3c41fd8272d,9073.68,success,2026-09-10 08:21:24.7292
3933,eb9afaad-4b35-4dd8-93ba-36a134e17615,2977.86,success,2026-09-10 08:21:24.731225
3934,f3b4de59-9304-4806-a8b3-a23ddd8e54a4,14403.18,success,2026-09-10 08:21:24.733191
3935,e2764ff9-ae17-45a5-bd4a-0cdd7f7e2ea6,7381.53,success,2026-09-10 08:21:24.735172
3936,2fe6f68d-e5c8-4009-889a-5418949d9a35,1944.03,success,2026-09-10 08:21:24.738746
3937,7584da8f-43c2-45c9-88e4-531e8e37d21b,19840.16,success,2026-09-10 08:21:24.740831
3938,d0e06671-da4d-4223-88d4-733a6ddbd5b7,10061.96,success,2026-09-10 08:21:24.742772
3939,e1c93a64-229c-419b-b173-a6e6a5be303f,19863.67,success,2026-09-10 08:21:24.744936
3940,c93c58d1-f345-4c8d-ac25-6c7f57514ef8,9692.13,success,2026-09-10 08:21:24.747163
3941,7d77104d-3111-4796-ab4b-a40158d6b5eb,1719.25,success,2026-09-10 08:21:24.749381
3942,8237551c-62d0-4f64-a40f-3d16b7425914,11644.34,success,2026-09-10 08:21:24.751421
3943,4d8547ad-21e1-412a-99a8-b166a414496c,815.02,success,2026-09-10 08:21:24.753425
3944,eb27b2be-94aa-40b8-aa6c-87b382f9c8ee,5129.08,success,2026-09-10 08:21:24.755695
3945,72c92253-44ac-4437-be8e-4f220f236c78,15975.96,success,2026-09-10 08:21:24.757727
3946,9e518e57-30db-4152-8d9f-3e70f2dca00a,17770.20,success,2026-09-10 08:21:24.759835
3947,9ff500f6-a61a-4176-ace6-aded093fe2cd,5866.84,success,2026-09-10 08:21:24.761981
3948,f81cf568-3343-4a60-9979-71597ebc93eb,11215.08,success,2026-09-10 08:21:24.763973
3949,df1c3b0e-ebb9-47ff-b3c1-10c2592edc0e,7841.93,success,2026-09-10 08:21:24.766228
3950,c8dd16d1-899f-46ce-8213-53631b61afa9,8921.43,success,2026-09-10 08:21:24.768405
3951,139eb477-33a0-4dbb-a965-db0bbb5e1c83,5362.85,success,2026-09-10 08:21:24.770366
3952,1f6adc2c-d31b-48cb-8671-f0d12e8c072b,10698.21,success,2026-09-10 08:21:24.772559
3953,02f72528-e1fd-4040-beba-60c84d9558e2,6365.13,success,2026-09-10 08:21:24.774593
3954,e6212276-8782-447f-9ce1-0c68d9a83eec,4374.28,success,2026-09-10 08:21:24.776738
3955,78ca1a32-b8f7-41f5-8f7d-7af9bde54eac,17911.06,success,2026-09-10 08:21:24.77873
3956,c39b554c-b804-4309-9637-dcc2f5932ea2,378.63,success,2026-09-10 08:21:24.780908
3957,05860851-3878-4641-bee8-dce81c6d2cc6,6279.87,success,2026-09-10 08:21:24.782924
3958,530ab453-802c-46f4-99a2-c7afbae5646e,18339.70,success,2026-09-10 08:21:24.785066
3959,bd774e5c-6d93-4e1d-8c51-c6beb79b5f05,2856.02,success,2026-09-10 08:21:24.787196
3960,6e01a8f3-c40d-43ec-a936-27919e2e5dbd,18000.42,success,2026-09-10 08:21:24.789267
3961,3b227974-6714-45df-8123-f53c5c65fe50,16387.90,success,2026-09-10 08:21:24.791312
3962,b3d1a9b7-8386-41dd-ac3a-28dd98437273,17482.30,success,2026-09-10 08:21:24.793483
3963,bf4703d4-896d-45af-9fe4-fe566e02d4b2,8280.68,success,2026-09-10 08:21:24.795442
3964,4101b224-9562-4a89-9cf7-bcf5118b3731,11769.84,success,2026-09-10 08:21:24.797721
3965,09fe653c-72ed-4933-a08d-f208d6cd117e,19286.98,success,2026-09-10 08:21:24.799862
3966,7b821e81-7e18-4a8b-9c57-59433a0a4b70,3084.67,success,2026-09-10 08:21:24.801955
3967,f428e92a-c872-44eb-a177-2e18acd0d079,18764.15,success,2026-09-10 08:21:24.80404
3968,7a8c1557-9a1c-4dcc-87f1-0ae711e4bcb3,19852.10,success,2026-09-10 08:21:24.806009
3969,d9fd0972-1c16-4211-b026-9da9044f6e5c,13925.57,success,2026-09-10 08:21:24.808017
3970,62c1079a-ce09-4a91-b7d0-22a92f24e460,120.67,success,2026-09-10 08:21:24.809953
3971,59577a8b-33f2-4117-ad4a-ccf85ee53d34,7102.81,success,2026-09-10 08:21:24.812112
3972,91ee566e-4f8f-4a21-9b7d-bf056fda9db1,18412.02,success,2026-09-10 08:21:24.814214
3973,b0b6ec13-3467-4505-8860-bc66812f5a92,12170.34,success,2026-09-10 08:21:24.816308
3974,f239da0a-8e03-4565-b05e-f21461d52376,8129.94,success,2026-09-10 08:21:24.81834
3975,9078e6d7-5b22-4c48-b13d-84b1e0bcb783,16237.57,success,2026-09-10 08:21:24.820385
3976,2f2c686d-113f-435c-b108-ced299b02706,1026.19,success,2026-09-10 08:21:24.822379
3977,c7227249-9e67-4d6f-b84a-f2b825430f61,4256.71,success,2026-09-10 08:21:24.824306
3978,eff462ed-ddfb-412d-b915-8f062eb6a3ca,18831.59,success,2026-09-10 08:21:24.82653
3979,dad18969-68ef-4745-8240-128bc045341f,13825.37,success,2026-09-10 08:21:24.828929
3980,524235ea-9079-45c5-bb30-1ea695443d1a,4485.50,success,2026-09-10 08:21:24.831028
3981,6fc5d23c-a81a-4809-9bc1-5abf32bbbd18,4433.02,success,2026-09-10 08:21:24.833205
3982,2b8f8c9f-b412-4014-9212-1ae735814c98,921.53,success,2026-09-10 08:21:24.835362
3983,10183980-2f4a-4782-85ba-a04e08c92d07,8223.51,success,2026-09-10 08:21:24.837579
3984,11618d03-9a7f-4a1f-b151-8d65d35f2278,9246.55,success,2026-09-10 08:21:24.83998
3985,818ae1c3-4e52-42b5-aa0a-52aecfeabfb8,14586.93,success,2026-09-10 08:21:24.842149
3986,c22a2242-454f-46e1-8d78-001fef45b8d8,17651.62,success,2026-09-10 08:21:24.844298
3987,f4f04823-57c7-41de-aaee-9405005a9383,18151.85,success,2026-09-10 08:21:24.846233
3988,3489e88d-2a63-4e3f-8282-b69485cebfaf,17731.95,success,2026-09-10 08:21:24.848174
3989,5a2fdf4e-cb4f-44e0-8203-74a09765fb7a,12430.94,success,2026-09-10 08:21:24.850094
3990,86959c5a-09b8-4d5a-96ea-1ff1f1fe3d17,15321.05,success,2026-09-10 08:21:24.8525
3991,6b45982a-3904-4e52-aaa1-494748b72114,5506.89,success,2026-09-10 08:21:24.854718
3992,b58978f4-b0e3-4162-a9dd-c954427dc8b3,15738.31,success,2026-09-10 08:21:24.857206
3993,72664ca5-f486-44a6-b6d4-48d695478a9d,17950.76,success,2026-09-10 08:21:24.859378
3994,351e855f-e6c9-4b91-b5a1-1c965e3de772,8259.19,success,2026-09-10 08:21:24.861688
3995,dd9d078b-13bb-4cf1-a34a-a6097300f9d7,16828.87,success,2026-09-10 08:21:24.863705
3996,a0da5193-d5c4-454e-8ec1-af91902249dd,11975.43,success,2026-09-10 08:21:24.865831
3997,a522b328-53e1-45f0-97af-3b5d8d41b8db,4703.88,success,2026-09-10 08:21:24.867969
3998,ddf7a5c1-da5e-4879-9a45-416c37bc1b68,15103.16,success,2026-09-10 08:21:24.869934
3999,af291ca8-d7a7-4df0-8091-56fa357852fe,8269.79,success,2026-09-10 08:21:24.871998
4000,cfe7f751-7ac8-432b-999a-042a5c9dcdf8,19143.03,success,2026-09-10 08:21:24.874217
4001,13a96840-b61b-4320-a145-aaf73ac18747,7017.92,success,2026-09-10 08:21:24.876263
4002,d50f52c0-d2c5-4194-8dc9-1919c85ac7a4,13683.23,success,2026-09-10 08:21:24.878333
4003,db1b430b-39c8-4749-84da-9434281ac558,18878.48,success,2026-09-10 08:21:24.880379
4004,fe319a2e-9fc8-40ea-ac7f-e27062d5053f,1507.80,success,2026-09-10 08:21:24.882449
4005,aa47da37-9b0e-4e5b-a4af-ced18b9e85ac,6393.71,success,2026-09-10 08:21:24.884635
4006,9ea3533c-a7a1-4850-a1b8-285e7a27cafc,15061.59,success,2026-09-10 08:21:24.886558
4007,b6e9ccd8-b1bb-4ff6-a553-5b7c08c33def,977.04,success,2026-09-10 08:21:24.88898
4008,5b2e4846-02a8-431e-948c-b416aa2026b3,2076.44,success,2026-09-10 08:21:24.891106
4009,5a00f750-f6f5-4d8f-8dee-d9f7b51fecc1,18980.95,success,2026-09-10 08:21:24.893285
4010,1c48bacb-06d2-4605-942f-caf571aaeda5,12731.84,success,2026-09-10 08:21:24.895242
4011,2d5edc11-e36e-445a-a33e-89e759f54b50,5612.03,success,2026-09-10 08:21:24.897454
4012,dceacdcd-bb1a-4f5f-a2a0-c80733f59ac8,665.90,success,2026-09-10 08:21:24.899482
4013,91050809-8299-4a01-a416-2ffbfc55df99,9147.09,success,2026-09-10 08:21:24.901589
4014,06201e31-57e4-468e-aac6-b3864aa47311,18315.68,success,2026-09-10 08:21:24.903606
4015,06201e31-57e4-468e-aac6-b3864aa47311,18315.68,success,2026-09-10 08:21:24.903606
4016,9df98279-7ff9-4d76-aea4-f7828becc3c9,8165.35,success,2026-09-10 08:21:24.905892
4017,bdca2010-ed4b-4230-a327-93548460df52,9263.57,success,2026-09-10 08:21:24.908068
4018,99bf743f-819c-4c9a-89ee-ed5495fa3b64,14301.65,success,2026-09-10 08:21:24.910204
4019,dcac37a5-dede-4875-8104-62a648c1601f,9758.58,success,2026-09-10 08:21:24.91244
4020,4ca78343-f6c5-425a-b4f1-c4038fb44fef,16699.55,success,2026-09-10 08:21:24.914569
4021,fd09401a-e998-41f5-b61b-d6bdf5406bad,19717.85,success,2026-09-10 08:21:24.916723
4022,5f4ee8f1-783e-4431-b9bf-d0b21af64215,12361.33,success,2026-09-10 08:21:24.918771
4023,0a8aa325-cf2b-4277-b272-7ff6b71ced59,4037.32,success,2026-09-10 08:21:24.920794
4024,d3683560-f745-4c81-9c88-a8eb06361196,12085.72,success,2026-09-10 08:21:24.923133
4025,3ef42009-f8a1-49b8-a610-f4c2ce5d1654,17713.03,success,2026-09-10 08:21:24.92515
4026,72721ab8-1cfd-4a11-b224-d62e298994ae,9423.55,success,2026-09-10 08:21:24.927205
4027,31c5f393-848a-4863-8248-1d173227ff7a,17986.20,success,2026-09-10 08:21:24.929267
4028,60486686-0647-49ff-a114-12d7030f7e29,10864.05,success,2026-09-10 08:21:24.93148
4029,31f03896-80ef-4b02-80e1-35034be32b61,15726.70,success,2026-09-10 08:21:24.933498
4030,6c5b00ca-68ba-4607-8c4c-e581bcaaf337,16168.71,success,2026-09-10 08:21:24.935628
4031,df82612c-8317-4745-8fae-ba20483ba996,8367.37,success,2026-09-10 08:21:24.937595
4032,4caa8297-a9b8-4cb4-b05c-2cd96b6acc95,16382.10,success,2026-09-10 08:21:24.939623
4033,b59bed21-a42d-46fa-83af-435b688d61b7,821.37,success,2026-09-10 08:21:24.941717
4034,981b39a5-3586-467b-b2bb-c6e54f5e73c8,17619.66,success,2026-09-10 08:21:24.943812
4035,37add495-fdae-44a2-aa0a-21f91bba751f,13455.15,success,2026-09-10 08:21:24.946087
4036,5bd27dfc-4d4c-4c3b-9b7a-51a0104d608b,15361.28,success,2026-09-10 08:21:24.948444
4037,73c2227c-6593-49c6-b695-d0fc5940be0b,15102.00,success,2026-09-10 08:21:24.950583
4038,56f97262-5e39-440a-b99d-d188909f9d38,5485.91,success,2026-09-10 08:21:24.952798
4039,479a3bc7-1a18-44c4-9414-13709d830ce0,16596.15,success,2026-09-10 08:21:24.95515
4040,67e0e134-f7ca-4443-a40c-9360de904c52,3567.68,success,2026-09-10 08:21:24.957111
4041,1a01c952-c9a1-490d-ac38-c1b2250008f6,872.99,success,2026-09-10 08:21:24.96065
4042,f81066dc-b79c-4886-97f9-39ea4575c928,842.03,success,2026-09-10 08:21:24.962914
4043,7c32da77-085f-41fa-b1e4-6c9f290e6740,7396.56,success,2026-09-10 08:21:24.964861
4044,70c25a76-8bdf-45fc-aa21-b34a37ccbb54,576.58,success,2026-09-10 08:21:24.967198
4045,e2d9e4cf-93f2-4e6d-9026-270b3f62464b,18003.87,success,2026-09-10 08:21:24.969353
4046,e2d9e4cf-93f2-4e6d-9026-270b3f62464b,18003.87,success,2026-09-10 08:21:24.969353
4047,7f935775-eb85-4396-a423-f0d7ac577829,7492.87,success,2026-09-10 08:21:24.971786
4048,5033d65b-0fba-4e4f-8eee-bbe30579abb9,14680.82,success,2026-09-10 08:21:24.97408
4049,72067229-8770-49a5-a9fa-c5ca8d241a50,10438.00,success,2026-09-10 08:21:24.976668
4050,620aaa76-2630-4e26-add7-e3ca3399ba6d,12336.64,success,2026-09-10 08:21:24.978585
4051,f892baf1-1638-452c-903a-2dc0df5dcf6e,11974.31,success,2026-09-10 08:21:24.98036
4052,4352ebae-6a63-4718-85b4-da90cabb1221,4227.54,success,2026-09-10 08:21:24.982536
4053,4cd88d99-885c-493b-a03a-ce0299af2a01,15492.04,success,2026-09-10 08:21:24.984601
4054,c3b455b2-2f7d-43db-91f0-c1bfdf6b30cc,2231.60,success,2026-09-10 08:21:24.986863
4055,5198c559-d311-472f-89ce-b86976173a88,9245.41,success,2026-09-10 08:21:24.988803
4056,73125f6c-ee51-4a93-9099-c7b9040b7284,3004.95,success,2026-09-10 08:21:24.990827
4057,9c00ee22-557c-4bfe-b99e-3c1857020276,14423.99,success,2026-09-10 08:21:24.992857
4058,4fa09541-8e6a-4eab-afdc-8fbe80c0bb13,768.84,success,2026-09-10 08:21:24.994801
4059,704adb5a-ccdf-4af8-a336-b963e832cedf,9457.94,success,2026-09-10 08:21:24.996828
4060,2afc0cf9-41a9-4862-a121-3ca26b8bee37,16143.44,success,2026-09-10 08:21:24.99889
4061,b1bad099-6694-4fbe-bf1c-83cb32a399d1,10027.19,success,2026-09-10 08:21:25.00097
4062,fb521dda-32ac-42c1-a1be-af67bf57c474,1922.85,success,2026-09-10 08:21:25.003198
4063,c7411ede-3b93-48c3-a23d-d9eabea62545,4268.60,success,2026-09-10 08:21:25.005299
4064,be725e2f-70a3-4fc7-b94e-e5a4807298ea,2883.62,success,2026-09-10 08:21:25.007458
4065,d2ef9120-7fbb-4685-b254-627eb7c5c58b,9218.62,success,2026-09-10 08:21:25.00946
4066,cd80f67b-c279-40e5-930c-06b0fd59dc82,10508.28,success,2026-09-10 08:21:25.011355
4067,b303a099-c2f7-44c2-b9cc-2bb0ef961179,75.92,success,2026-09-10 08:21:25.013686
4068,62add937-932c-484f-bb16-b3c7f122b149,10574.52,success,2026-09-10 08:21:25.015736
4069,3da2616e-12e1-40dc-8d2e-55b3a9818eaa,210.26,success,2026-09-10 08:21:25.018138
4070,671a789c-0483-4c22-843e-f2a8b9b9d13e,15083.15,success,2026-09-10 08:21:25.020269
4071,75b8129b-09bc-40ea-9780-31b2ce4a7c9c,11501.34,success,2026-09-10 08:21:25.022474
4072,cd9d4a1d-676f-4a33-95dc-a8354464bcea,9687.83,success,2026-09-10 08:21:25.024516
4073,4a178605-b06b-4da4-af86-afee91282545,15781.97,success,2026-09-10 08:21:25.026432
4074,b8e4ed10-b655-4904-88be-4ac96bc4620f,10707.28,success,2026-09-10 08:21:25.028367
4075,b50d61e4-276e-4f2f-925a-fe8b864c527f,11652.18,success,2026-09-10 08:21:25.030436
4076,e82ac84a-0d15-4d9d-ab83-a634e27a1377,963.47,success,2026-09-10 08:21:25.032491
4077,d77e2f63-0c1f-48dd-aeea-f9f67c05bbb4,9894.42,success,2026-09-10 08:21:25.034385
4078,d4200439-4319-4b39-94bb-8975c445e1b3,11980.62,success,2026-09-10 08:21:25.036521
4079,f138f907-7c59-44b2-853b-30c44838de55,11936.48,success,2026-09-10 08:21:25.038665
4080,5bbd6a1f-2c94-468e-88dd-22a7fe6083e4,9089.05,success,2026-09-10 08:21:25.040854
4081,b7f4247c-1cf1-4279-bee9-7e61097089f5,11633.62,success,2026-09-10 08:21:25.042797
4082,1415d3a7-046c-490b-8281-cf8d934285c9,19292.58,success,2026-09-10 08:21:25.044754
4083,47c35647-5e37-42d3-a24b-5e6227b1fed7,18955.55,success,2026-09-10 08:21:25.046902
4084,47c35647-5e37-42d3-a24b-5e6227b1fed7,18955.55,success,2026-09-10 08:21:25.046902
4085,afccb4e9-2f4a-470f-baf3-d3ed74b4ae9c,4198.35,success,2026-09-10 08:21:25.049193
4086,e6d362ed-61a7-4b93-a76b-072144fa6ade,6845.08,success,2026-09-10 08:21:25.05146
4087,71df03e5-3d96-47f7-baa8-34c0d3fc65ee,9819.26,success,2026-09-10 08:21:25.053287
4088,6c5288d0-e493-4661-861e-19393e17ed40,4085.37,success,2026-09-10 08:21:25.055032
4089,24177639-cf92-4de4-a8ae-b2f906748269,5880.96,success,2026-09-10 08:21:25.057358
4090,9a39d8b2-552b-47eb-a518-c943c1fa452c,4072.20,success,2026-09-10 08:21:25.059581
4091,b81278d5-68df-4b3f-a424-25739db1b183,512.00,success,2026-09-10 08:21:25.061802
4092,8cb8d4ea-c464-4aa1-9871-48574438c8bb,12034.25,success,2026-09-10 08:21:25.063963
4093,c49864e0-fb2a-471c-89b1-37233007e05b,17508.31,success,2026-09-10 08:21:25.066179
4094,dad77a27-7625-46ad-9d5c-c4abebabe23d,3999.34,success,2026-09-10 08:21:25.068301
4095,eaa3bfec-9b9d-4867-83e4-5d058fe385fb,8468.42,success,2026-09-10 08:21:25.070446
4096,35f67e16-2921-43dc-ba5d-e8f06a642d2f,4223.83,success,2026-09-10 08:21:25.07259
4097,580b4a8f-6db6-4fca-b2fe-597a4ff96c45,4320.77,success,2026-09-10 08:21:25.074571
4098,768b574c-ddc8-4280-8d58-f6449703afed,834.44,success,2026-09-10 08:21:25.07671
4099,9220fab4-dfad-4089-8ab2-169ac8c4459b,8504.17,success,2026-09-10 08:21:25.078936
4100,da66c780-ead8-496a-a44c-972deca3d589,13726.04,success,2026-09-10 08:21:25.080966
4101,d3ee23c7-cef3-4418-b096-bccd8abcf862,6476.80,success,2026-09-10 08:21:25.083254
4102,f9368ae0-ff4f-4515-be91-cbb017e2ecb3,11249.06,success,2026-09-10 08:21:25.085431
4103,7dead54c-8ac7-4fbf-9732-fefe5d25dcf8,18572.95,success,2026-09-10 08:21:25.088887
4104,2d5d33c8-6a91-4396-99a9-68acc01a6eae,8761.71,success,2026-09-10 08:21:25.090919
4105,94973d97-c35d-4d49-a4a1-99fadfcb794e,13426.03,success,2026-09-10 08:21:25.09317
4106,ddf38ae1-5453-47c5-bd81-a0bd5b6cb7cd,631.00,success,2026-09-10 08:21:25.095387
4107,bfc7b404-161d-4b03-9120-f8cbdb743e03,5121.75,success,2026-09-10 08:21:25.09885
4108,0ba78da7-9728-4dc9-9091-22de9f71e4ce,14656.37,success,2026-09-10 08:21:25.10105
4109,f363c5bd-d850-495d-ae63-59df118d8b84,19053.64,success,2026-09-10 08:21:25.103115
4110,7c2aaeb3-7239-4b62-8afa-bc426af1d3c9,3048.79,success,2026-09-10 08:21:25.10553
4111,af00ad5c-2062-4dfb-96c3-0790bad72d5e,5316.24,success,2026-09-10 08:21:25.107601
4112,79090e07-6277-4d3a-a8ad-864ad8822a11,18804.70,success,2026-09-10 08:21:25.109651
4113,79090e07-6277-4d3a-a8ad-864ad8822a11,18804.70,success,2026-09-10 08:21:25.109651
4114,beb8df55-87e1-4edc-814c-d69489d0c1b7,4797.91,success,2026-09-10 08:21:25.112105
4115,4ea854f0-a9a8-4ecb-b2a6-1f8fe748a62a,12137.15,success,2026-09-10 08:21:25.114457
4116,4f40a326-494f-49c5-a9cc-3a642e8058f6,3500.82,success,2026-09-10 08:21:25.116508
4117,9a1459a7-b161-40fa-98f3-07badcfc5aee,4712.81,success,2026-09-10 08:21:25.118741
4118,f8c74f38-7d6b-47ec-97f3-691e08dce1f8,8538.38,success,2026-09-10 08:21:25.120499
4119,5ba1faae-daef-4daa-b24d-cdcba141df85,18881.29,success,2026-09-10 08:21:25.122473
4120,75639797-903a-4cdb-a6c4-78a2a3671178,3990.59,success,2026-09-10 08:21:25.124716
4121,6ffe54e7-0dcc-4b1c-833e-998be5961785,11109.15,success,2026-09-10 08:21:25.126787
4122,50ff6d13-b71d-4768-9ed1-cdfb8533fecc,6437.65,success,2026-09-10 08:21:25.128779
4123,48e2966a-f235-4245-be89-a5c52f5cf085,17752.61,success,2026-09-10 08:21:25.130769
4124,365cde65-5b61-4a7b-a3fa-ade87c08a6e3,11436.07,success,2026-09-10 08:21:25.133043
4125,d66112fb-5ad5-4ac2-9afb-a9c23af48d31,13868.52,success,2026-09-10 08:21:25.13537
4126,9b81c07d-8f6b-40de-a0b7-0df5ac299854,17991.56,success,2026-09-10 08:21:25.137382
4127,d6c4e855-37a1-43f2-bd63-7734143ccfdc,6829.85,success,2026-09-10 08:21:25.139277
4128,6f16e439-97b0-484d-b6ba-95c4a0a7abb6,5006.05,success,2026-09-10 08:21:25.141424
4129,e91daa55-13e8-4af9-9056-370f11e88000,7586.01,success,2026-09-10 08:21:25.143431
4130,d4dde220-3573-4e34-8f18-ba72e2fc02e5,7494.94,success,2026-09-10 08:21:25.145428
4131,0de90895-9977-40dd-b5e5-8775542b4d9e,17743.18,success,2026-09-10 08:21:25.14748
4132,10ef1bf1-dd78-4738-9d41-76a0349e3827,6036.58,success,2026-09-10 08:21:25.149649
4133,c6551341-d083-4bdd-a7c8-6a4eef243bfc,4033.72,success,2026-09-10 08:21:25.151866
4134,82da462a-79f9-4a2e-bcbf-81b690544a02,7185.41,success,2026-09-10 08:21:25.153868
4135,72c9f20b-965a-4d30-b6fa-dbde2a6df711,14047.64,success,2026-09-10 08:21:25.156078
4136,0aff350d-0c08-4de5-bb10-d52f2b6e673c,15764.46,success,2026-09-10 08:21:25.158311
4137,d82c55c1-e987-4a23-a630-3772cc57fb4a,229.95,success,2026-09-10 08:21:25.160582
4138,394d1392-7bf6-4b49-9b57-62d75bee06b5,1263.52,success,2026-09-10 08:21:25.162838
4139,cc0d2b7b-705b-4526-b3cf-f71d126842e3,1700.51,success,2026-09-10 08:21:25.164841
4140,edd5242c-08dd-44bf-a6db-8fe9b86bbea8,13976.84,success,2026-09-10 08:21:25.166941
4141,18193ffc-a430-466c-b80c-deaa9ef80544,17337.30,success,2026-09-10 08:21:25.169182
4142,1cd0eace-d324-461c-83cb-3ec7be5874f1,97.16,success,2026-09-10 08:21:25.171232
4143,574b4222-f709-423a-bc8a-f63d1c331d47,17298.00,success,2026-09-10 08:21:25.173203
4144,5885e3eb-3c8f-4167-8a63-3010cb6a3213,2749.70,success,2026-09-10 08:21:25.175614
4145,ef21dc48-0558-4574-a662-c4793578318d,15259.82,success,2026-09-10 08:21:25.177622
4146,f95a557c-06f3-4021-b6eb-236bf7b7f0dd,8120.29,success,2026-09-10 08:21:25.179599
4147,c19a961f-d2f4-47ea-a1a7-618bc56b4d33,9266.37,success,2026-09-10 08:21:25.181675
4148,e6aa3ab6-46df-485d-b8fd-3c82e7ffeba9,17540.59,success,2026-09-10 08:21:25.183811
4149,9a3f981f-0a74-468f-b7ae-dd81825b1257,4142.82,success,2026-09-10 08:21:25.185781
4150,53b136d0-c797-4a5e-8ec0-d194c2a36bdc,11937.81,success,2026-09-10 08:21:25.188225
4151,5ecb98cb-83ec-4b37-8586-507014591df8,17883.38,success,2026-09-10 08:21:25.190388
4152,7b6dd28a-a273-4bb2-b8ac-5e19d7eb38ae,1425.40,success,2026-09-10 08:21:25.192519
4153,b5a262e9-9430-43bf-977f-43cb5f7203c9,5459.60,success,2026-09-10 08:21:25.194495
4154,5032f5da-f19d-41b1-be9a-4c67fc3b5b2e,4899.93,success,2026-09-10 08:21:25.196663
4155,ecb5d0fc-9018-43ee-b5d7-adabe7a6f973,4564.96,success,2026-09-10 08:21:25.198628
4156,83922498-8155-40a7-82fa-957085b4f629,247.29,success,2026-09-10 08:21:25.200665
4157,28f54870-2f1b-4e72-836a-e1bb56d2167d,7653.09,success,2026-09-10 08:21:25.202694
4158,35c75850-14cb-4362-8b6e-0c5a72f4401c,17383.35,success,2026-09-10 08:21:25.204855
4159,9f25337d-db40-41bc-b401-ec391068260e,11957.38,success,2026-09-10 08:21:25.206881
4160,fcb60ea7-8f82-4e62-a509-0b59778ccbe6,8395.35,success,2026-09-10 08:21:25.208864
4161,61c2c827-442d-448b-802d-1afc3c1f8d15,8039.61,success,2026-09-10 08:21:25.211009
4162,1a16be4e-9314-4a12-b121-01eeae902142,4339.64,success,2026-09-10 08:21:25.212957
4163,3c6dd758-102b-4372-8e56-4f72e5f94da1,9441.27,success,2026-09-10 08:21:25.215254
4164,cfe80d81-1479-48f2-ab3a-0ad28cf83600,16754.26,success,2026-09-10 08:21:25.217218
4165,fa2b2749-7381-46df-a666-4e6d345a8f00,14292.62,success,2026-09-10 08:21:25.219201
4166,277a32f6-bb2a-4269-aba7-22c21490ac32,11087.59,success,2026-09-10 08:21:25.221334
4167,8f81b297-7f17-4a2c-b6b0-513d2e5b519e,10930.23,success,2026-09-10 08:21:25.22359
4168,35ec2b3f-f509-481f-99be-391d1fd8a894,8963.21,success,2026-09-10 08:21:25.225899
4169,1e3de2e7-f68a-40a5-85cd-785e80311659,4826.68,success,2026-09-10 08:21:25.227757
4170,6ec008d6-bfeb-4180-a912-06dd2cd84c81,3825.62,success,2026-09-10 08:21:25.229857
4171,c31d1957-5213-484b-9f6f-d2e05a3e6b42,1020.77,success,2026-09-10 08:21:25.232156
4172,b7abb26c-a81c-44d0-a650-016b090f2bf0,19347.49,success,2026-09-10 08:21:25.234502
4173,42b60e3d-f623-46f0-8884-84296c0d03cd,17192.02,success,2026-09-10 08:21:25.2367
4174,78019d01-39ca-4ee3-84f2-12210ea11f61,17024.18,success,2026-09-10 08:21:25.23865
4175,c2f37e22-cb91-4009-b528-ba5c3530e12a,14625.83,success,2026-09-10 08:21:25.240609
4176,6b2df7c2-d6a2-4eb8-bda6-4089d05b84b9,7820.03,success,2026-09-10 08:21:25.242607
4177,1c6ef28e-72ef-4620-ba99-d92126956b6d,1240.43,success,2026-09-10 08:21:25.2446
4178,a40f7a42-b4a5-48c0-9580-09db89a6ae3a,16051.22,success,2026-09-10 08:21:25.246691
4179,9716bb50-3d10-4eda-9599-c9c73e878f5c,2546.12,success,2026-09-10 08:21:25.248723
4180,c85b74ee-9c92-4395-a1e0-3726fb378d66,11550.70,success,2026-09-10 08:21:25.252002
4181,6ce6ed5a-1920-4c7e-8e40-92965916a297,14040.47,success,2026-09-10 08:21:25.254028
4182,d293e2f0-2d9b-49bb-87a3-5b987285fd78,9270.32,success,2026-09-10 08:21:25.256126
4183,09af381b-a521-47cc-9f49-032a3bbd21d2,18060.59,success,2026-09-10 08:21:25.258131
4184,426f174b-72cc-49c1-b474-554318d6eb15,11219.64,success,2026-09-10 08:21:25.260157
4185,b262fb82-9c30-4b5f-aa03-701795772e92,15139.40,success,2026-09-10 08:21:25.262369
4186,42cb9a36-4c7e-4bdd-b72f-692889ee72e5,3910.84,success,2026-09-10 08:21:25.264682
4187,1b45d0db-64d4-4c64-94ec-954f658fc4ef,3122.03,success,2026-09-10 08:21:25.26664
4188,4165f826-882c-49d7-8266-672da18ae2f2,6110.26,success,2026-09-10 08:21:25.268788
4189,08357ee8-2c0a-4429-8469-f02e8752fd63,6792.62,success,2026-09-10 08:21:25.270879
4190,b64fd297-c48e-454f-aee5-db35cb6158fe,12978.73,success,2026-09-10 08:21:25.273116
4191,f2342408-01b7-446c-8175-f4f35a1affbc,14341.85,success,2026-09-10 08:21:25.275308
4192,f326da46-5177-4090-af4c-dfaad20a0941,13246.34,success,2026-09-10 08:21:25.277659
4193,2a4c41f4-2bff-497f-be4c-9d870ea0c4b2,12001.03,success,2026-09-10 08:21:25.279802
4194,574bbfdf-7ff2-45e0-89cf-07d829098e6a,371.63,success,2026-09-10 08:21:25.282091
4195,8518fe28-44f6-4c0b-a582-27ad19594d09,8420.80,success,2026-09-10 08:21:25.284079
4196,35b3a738-4f6f-4618-924f-ff29ea6ded2a,10522.80,success,2026-09-10 08:21:25.286045
4197,f7268a91-e631-4e60-bcc9-88ac171cbc6c,11591.85,success,2026-09-10 08:21:25.288107
4198,1b491076-37d9-4870-9842-66b0fbd78029,19036.76,success,2026-09-10 08:21:25.29033
4199,bb832057-7d8d-48ed-81e6-aa18c8cc6204,7253.06,success,2026-09-10 08:21:25.292614
4200,49073c24-4116-4933-a766-679f05355c73,1685.84,success,2026-09-10 08:21:25.294507
4201,cf677de9-4d0a-4d63-9d01-6574aa6d6eb4,9441.52,success,2026-09-10 08:21:25.296484
4202,3c858bce-9053-479d-87da-5340efa34529,419.37,success,2026-09-10 08:21:25.298474
4203,037a311a-a742-46d7-b769-d386647af075,8676.79,success,2026-09-10 08:21:25.300674
4204,2b1649b5-de59-4e6e-a745-60a3d91a5920,2206.36,success,2026-09-10 08:21:25.302953
4205,bc873359-3a68-4b29-bda7-511c13e1d121,17832.48,success,2026-09-10 08:21:25.304729
4206,1a7257ae-a600-4f5a-bbc5-26b706dc2be7,9932.59,success,2026-09-10 08:21:25.306908
4207,90233ce9-1cf5-4aa0-8595-73893e42ae4b,4196.81,success,2026-09-10 08:21:25.308936
4208,68cdbe38-638d-49dd-992e-a354c826b44d,512.86,success,2026-09-10 08:21:25.311214
4209,61c2eba6-d4d2-4ff1-b311-a66decd682bb,15243.89,success,2026-09-10 08:21:25.313274
4210,e171a8c9-9f3e-463c-88e2-ddceebd6b7bd,17147.78,success,2026-09-10 08:21:25.315476
4211,3fa171cf-4fbb-45da-83a7-ac536303f106,9110.39,success,2026-09-10 08:21:25.317497
4212,909f26f8-14bc-4ae3-97cd-9598b9324e68,15885.31,success,2026-09-10 08:21:25.319657
4213,f1176246-16d8-4bd9-8093-d38d8508acaa,3210.04,success,2026-09-10 08:21:25.321868
4214,6c27bc8a-ef79-45a0-b98f-10e23f434be7,3308.07,success,2026-09-10 08:21:25.323961
4215,9cf0f007-eb75-49d3-9a60-a643fb9a6228,11417.62,success,2026-09-10 08:21:25.326188
4216,879420c1-baaa-42b7-8fce-472a27f6c365,10013.89,success,2026-09-10 08:21:25.328238
4217,edbbd071-112f-4b28-83aa-a793b9a830a7,15621.01,success,2026-09-10 08:21:25.330349
4218,fa332455-04b9-41e9-b5c1-ec1a4ad67d20,10031.76,success,2026-09-10 08:21:25.332532
4219,8a786dd0-a6e5-415c-a785-8a52d56cad43,10884.58,success,2026-09-10 08:21:25.334946
4220,7b199aa8-9c3e-488a-b3aa-7b558a4c5d52,10479.96,success,2026-09-10 08:21:25.336973
4221,81d5d698-9daa-445b-94a5-7ab87d08354a,5949.98,success,2026-09-10 08:21:25.339192
4222,358acfe1-906d-4d3b-a4fe-8e7326138f83,11212.72,success,2026-09-10 08:21:25.341323
4223,152f6518-ce9f-4684-84fc-aa961e153abf,16238.65,success,2026-09-10 08:21:25.343291
4224,441bac87-b4e5-4828-a95e-ce7027879ede,6801.89,success,2026-09-10 08:21:25.345451
4225,31592b09-7583-4db0-b6ec-2601f075eff4,12722.50,success,2026-09-10 08:21:25.347803
4226,fdb5ee9b-8455-4168-bc6d-fca7cba233fb,3075.54,success,2026-09-10 08:21:25.349928
4227,aa76e003-2374-4d69-aeb9-26f01fa0b8a4,14985.81,success,2026-09-10 08:21:25.351919
4228,2145bc90-9a13-4ff5-83b5-74febaf54572,16564.60,success,2026-09-10 08:21:25.353869
4229,46d1dae9-134a-4e9a-b26c-2cd11736a3c9,346.94,success,2026-09-10 08:21:25.355981
4230,9fc5cade-7519-4508-b6ce-daff424556a9,16657.06,success,2026-09-10 08:21:25.358205
4231,98c3076d-8ed0-4526-a4ba-b3ee3fb1c646,9060.50,success,2026-09-10 08:21:25.360338
4232,f1d4e7ae-dcc7-4a11-b6fe-69da18ce2d69,15262.84,success,2026-09-10 08:21:25.362492
4233,50fb5887-f0b0-4fea-b319-29f3e3aa85c9,10480.84,success,2026-09-10 08:21:25.364578
4234,8525cbad-cf10-46ad-9e9c-6fcf7b231426,18155.30,success,2026-09-10 08:21:25.366554
4235,a4eeeb6b-0b75-4e2e-9bfe-ce244ecf7cbb,6606.26,success,2026-09-10 08:21:25.368564
4236,34b0fec7-fb01-4586-91b0-86a2c7bc5631,12956.18,success,2026-09-10 08:21:25.370799
4237,fd434126-862e-4adc-a373-79969b079fff,18692.00,success,2026-09-10 08:21:25.372676
4238,fc2f083f-157d-485e-8183-2ce2df2b74d2,6935.08,success,2026-09-10 08:21:25.374752
4239,3d30935e-91d9-4bb2-aaaa-b53a7ce8cdbb,6373.39,success,2026-09-10 08:21:25.376765
4240,5cad0975-707b-4b57-97ea-ee6596e7488e,9097.61,success,2026-09-10 08:21:25.378909
4241,7d9c1e91-9c0d-4b56-a2d2-8328fe98b58d,3064.11,success,2026-09-10 08:21:25.380918
4242,6e788c1e-c6ed-4c37-bd02-c03960ea65be,12073.10,success,2026-09-10 08:21:25.382929
4243,183e6af6-49e1-4339-926d-4ae487fae5b9,15115.14,success,2026-09-10 08:21:25.384902
4244,85683265-65a6-4bf4-920e-11911f4cd751,18822.42,success,2026-09-10 08:21:25.387093
4245,441307d8-2094-4d1e-8eb0-1ebfe37c1987,5942.22,success,2026-09-10 08:21:25.389089
4246,1ee52ad1-cb7e-4946-a67c-0154ee06e76b,3570.36,success,2026-09-10 08:21:25.390958
4247,e0a79095-2c6d-46d3-9ac5-99167f8066b5,7171.59,success,2026-09-10 08:21:25.392938
4248,78b2f98f-dfcf-4d7b-b429-ecdaf7edecaf,4882.55,success,2026-09-10 08:21:25.395261
4249,880aceca-54e8-41f3-b13e-a739b95909ff,6529.46,success,2026-09-10 08:21:25.397409
4250,8a81b2cc-e333-401c-89ae-d15095eab384,6929.17,success,2026-09-10 08:21:25.39936
4251,dd7dc67c-44e2-4d4d-9a56-17060b576b29,10881.48,success,2026-09-10 08:21:25.401635
4252,43b778e0-0bc1-4ecf-ab45-864d29ce6b57,10404.96,success,2026-09-10 08:21:25.403624
4253,5b581ddf-8570-4a8d-b3b1-4c2365921bc3,8229.37,success,2026-09-10 08:21:25.40569
4254,3c388245-f171-4bf6-a139-bcd2646b17b3,3816.11,success,2026-09-10 08:21:25.407862
4255,648d39dd-f1a2-4810-9e0a-d172a5f64362,5412.91,success,2026-09-10 08:21:25.41003
4256,b0f5b585-2ec2-4075-83ec-7284f9114e3d,4208.03,success,2026-09-10 08:21:25.412273
4257,41a608ae-b74b-4d56-82af-34ff80b309cf,14541.74,success,2026-09-10 08:21:25.414379
4258,51b5c50c-dd4b-416a-a85b-d8fd5d188190,11878.71,success,2026-09-10 08:21:25.416287
4259,de9a367e-38f8-4e08-8d09-27b43cf8f1b2,3047.90,success,2026-09-10 08:21:25.418346
4260,c7137684-3a63-41a3-820e-11b48124d709,5786.47,success,2026-09-10 08:21:25.420347
4261,b40e0667-380a-4b6a-aa1e-d96135e60c90,9155.72,success,2026-09-10 08:21:25.422305
4262,f8ead2d7-4e31-4859-9f31-c9e9ccc88207,12987.91,success,2026-09-10 08:21:25.424292
4263,dd97277d-e7a6-4113-8d33-9371d5b30d86,13880.51,success,2026-09-10 08:21:25.426379
4264,bda32503-5d16-43dd-86f3-dca57bebe9ce,5655.62,success,2026-09-10 08:21:25.428396
4265,59f24705-70f0-48a1-875c-fd3ebd1f1524,8216.79,success,2026-09-10 08:21:25.430504
4266,a8414255-5e7d-43ab-9e27-70c12d5daa36,8593.89,success,2026-09-10 08:21:25.432608
4267,19554c4f-4d1c-4f52-a520-71b503b5a6c0,15873.35,success,2026-09-10 08:21:25.434529
4268,18cd50fc-0730-4886-9a2a-625064378706,3541.41,success,2026-09-10 08:21:25.436452
4269,89fc07c2-4e64-4b4b-8ca9-099825576b2b,6980.98,success,2026-09-10 08:21:25.438654
4270,4449caef-3bab-4414-9a80-344b5057769d,6993.95,success,2026-09-10 08:21:25.440625
4271,09967516-476b-492b-b172-f664ae5c70e7,19405.78,success,2026-09-10 08:21:25.442692
4272,b2a0db5a-30b4-4c82-b05e-b4eac8db6a93,17640.80,success,2026-09-10 08:21:25.444726
4273,8b85dd59-00e7-498e-928a-5600d19d6881,4388.58,success,2026-09-10 08:21:25.446742
4274,abe98ede-bf50-4e0c-94b7-95e3d05a4b05,10604.63,success,2026-09-10 08:21:25.449046
4275,f868c21b-b268-4264-91e9-769ade75c723,12087.47,success,2026-09-10 08:21:25.450932
4276,67c8e1e3-1b02-48e7-8694-d5226131526b,12958.83,success,2026-09-10 08:21:25.453066
4277,700505bc-204a-4db8-9523-0fb6fecd0e63,17366.68,success,2026-09-10 08:21:25.455123
4278,e7e6f5ed-3550-48d4-a0ca-2aac2f1ebf7a,3743.94,success,2026-09-10 08:21:25.457146
4279,5d3360cd-0a26-4354-a014-d0ec6bf66fb8,6559.90,success,2026-09-10 08:21:25.459031
4280,3c8f2892-9bc8-4e11-866d-38cfe588c41d,9291.64,success,2026-09-10 08:21:25.461006
4281,2e2943ae-f1d7-4876-a7aa-7060e8fdc6a7,8940.15,success,2026-09-10 08:21:25.463091
4282,8f8d7401-7db3-466c-91bb-d8004321ba65,18484.23,success,2026-09-10 08:21:25.465011
4283,5bdef266-71f9-430e-9a55-d271e6b3ef13,6324.46,success,2026-09-10 08:21:25.467123
4284,0d452b06-0e24-400d-aa8b-a88901f98aad,6844.85,success,2026-09-10 08:21:25.469113
4285,f6f8db57-9dda-4bc5-89bd-9e6b5d471be7,12943.45,success,2026-09-10 08:21:25.47129
4286,1ba981ed-0b64-491c-9eec-4c8609fbfc71,12341.92,success,2026-09-10 08:21:25.473422
4287,25d43b92-f5db-4299-8947-253e63eb89d3,8752.77,success,2026-09-10 08:21:25.47541
4288,3a5ef462-08dc-4177-869d-cae3ba94bbb9,8019.91,success,2026-09-10 08:21:25.477531
4289,82c3a8b4-bc3d-4ccc-aa6b-d6ae13a95300,2946.85,success,2026-09-10 08:21:25.479573
4290,04cfa11c-a50d-4661-857d-133abaab4554,778.81,success,2026-09-10 08:21:25.481536
4291,6f9a934a-3b6c-43b6-9485-39c385c34d1f,4010.65,success,2026-09-10 08:21:25.483702
4292,891eb543-6486-4ffa-a663-69d0397a0bc9,18521.17,success,2026-09-10 08:21:25.485887
4293,87106fe2-3fec-48b0-8775-699027da7c13,18697.38,success,2026-09-10 08:21:25.488026
4294,1c3a1a59-afa6-4333-a005-91e1449cef1f,2477.53,success,2026-09-10 08:21:25.490188
4295,6884931c-4621-4dbd-9890-3da38a171603,13025.88,success,2026-09-10 08:21:25.492472
4296,7e889239-e21d-4cef-b7ee-4585bd490d3e,10673.60,success,2026-09-10 08:21:25.494528
4297,b1edb853-ef8f-433b-b13a-2f716270e021,12538.85,success,2026-09-10 08:21:25.496728
4298,7309ca5b-2b7b-410c-b702-2543d996aa1c,16103.63,success,2026-09-10 08:21:25.498728
4299,31012052-a053-423c-9d23-6a27bc2bac88,7607.45,success,2026-09-10 08:21:25.50093
4300,1638c6dc-3a8e-4acd-963a-4952aa587e6f,8773.17,success,2026-09-10 08:21:25.502944
4301,95254b69-480a-4389-8e13-6ceac38a4825,10199.65,success,2026-09-10 08:21:25.50504
4302,7fc4b203-b6fb-4ea8-963c-38ad72e0c79e,3807.27,success,2026-09-10 08:21:25.507147
4303,6652f8fa-edf3-4227-ab5e-490d68b09e02,10354.42,success,2026-09-10 08:21:25.509116
4304,06272353-72d0-4eac-99ff-8afdf32b9d4c,6846.66,success,2026-09-10 08:21:25.512225
4305,cbd8b8a9-6e5d-4636-b41f-b69911f40bd8,15934.56,success,2026-09-10 08:21:25.514251
4306,ac11205a-b8f8-46c6-8bb4-3a3062036f71,8554.08,success,2026-09-10 08:21:25.516311
4307,5267c8df-5398-4621-ba92-4f9ad60780a9,15583.64,success,2026-09-10 08:21:25.519626
4308,7cd1fe8d-192b-4a85-9c51-ceb352a58a05,2202.13,success,2026-09-10 08:21:25.521827
4309,6fc31d01-5288-4131-bc25-6920b5c6156a,4804.36,success,2026-09-10 08:21:25.523973
4310,7911d015-498b-4a93-9903-97a73d662109,11574.02,success,2026-09-10 08:21:25.526487
4311,9532baa4-e949-4a84-af07-bb5e270b02a8,15602.71,success,2026-09-10 08:21:25.528762
4312,d525c8e8-2227-416f-a7c6-f201fbcb2ca6,16724.89,success,2026-09-10 08:21:25.530945
4313,21585785-9436-4939-bdf4-cb2b2afb4329,4542.31,success,2026-09-10 08:21:25.533377
4314,082fef8f-3da6-41f4-913c-da4977331671,1591.50,success,2026-09-10 08:21:25.535361
4315,23b7f4cc-19ec-400b-b203-bcbc4f4daa32,11200.46,success,2026-09-10 08:21:25.537663
4316,a0b7c083-035c-4861-ae74-66a701c01283,6014.26,success,2026-09-10 08:21:25.539826
4317,eea0f4d3-66a4-4c9f-b33a-8c00cfd6c7fe,15649.26,success,2026-09-10 08:21:25.541941
4318,98bcd262-4fba-4ab7-b2e5-c0e6e8b6dfd0,654.92,success,2026-09-10 08:21:25.544382
4319,98bcd262-4fba-4ab7-b2e5-c0e6e8b6dfd0,654.92,success,2026-09-10 08:21:25.544382
4320,6200f0e9-7bd1-4d6e-be75-5fb0909ca750,3784.41,success,2026-09-10 08:21:25.546753
4321,9f32b3aa-1eac-4eac-b33e-d0cd395ef482,4445.15,success,2026-09-10 08:21:25.548751
4322,22a9335a-04a5-4836-b4e0-ddc6045c5927,6555.11,success,2026-09-10 08:21:25.550703
4323,49025242-9b48-4f6a-9b86-1ddebe344551,8918.57,success,2026-09-10 08:21:25.553141
4324,a60295c9-fad8-4bcc-8c02-1841fc4690c1,7722.62,success,2026-09-10 08:21:25.555423
4325,cea0deb1-ec03-4cd3-a63d-bb48a4290049,2424.90,success,2026-09-10 08:21:25.557542
4326,4030a7d5-9bce-48a5-aec4-8f740cc650c4,3103.97,success,2026-09-10 08:21:25.559634
4327,46667086-e4c3-40de-81d7-e8cd1408907c,4932.32,success,2026-09-10 08:21:25.561627
4328,706c94e6-09a1-407d-8e9c-decf2edb7862,616.97,success,2026-09-10 08:21:25.563304
4329,e3daef35-9f0d-43a6-b299-79823ac2f48f,3038.89,success,2026-09-10 08:21:25.565182
4330,2c1cd9eb-569c-4d24-8a82-dc4b2af58ada,472.47,success,2026-09-10 08:21:25.567434
4331,b6107342-f5f2-4357-81bf-897af4817606,5352.47,success,2026-09-10 08:21:25.569479
4332,0d1af2e3-df67-40f7-b5d9-ddab8ef78b8b,17221.31,success,2026-09-10 08:21:25.57137
4333,eb427e8d-f372-40f3-9e1f-e6ae38464e2a,6902.45,success,2026-09-10 08:21:25.573452
4334,3110a44c-6ed1-44be-b79f-5d676e0f1f46,9962.27,success,2026-09-10 08:21:25.575699
4335,cdcdc453-6d83-4fda-a220-ae9f88a53906,16466.34,success,2026-09-10 08:21:25.577679
4336,1bdd4105-7da2-4c73-9c20-97ecc3ef4118,11803.99,success,2026-09-10 08:21:25.579629
4337,c907b72f-1006-446f-8cb0-23cb3961773f,18791.87,success,2026-09-10 08:21:25.581625
4338,96e44105-1c40-4eac-ac87-2bd1f5c1d7f9,2921.73,success,2026-09-10 08:21:25.58364
4339,4a2ecc2e-12fe-4603-a23f-97700c945479,913.76,success,2026-09-10 08:21:25.585625
4340,4867878c-766b-4823-9bb0-f52a3b0591ea,2296.94,success,2026-09-10 08:21:25.58788
4341,1621b4cc-2947-435f-8dc3-460206b318cb,7101.78,success,2026-09-10 08:21:25.590182
4342,ea409b1d-f372-4036-ba0a-3d6c6d866c2d,19469.45,success,2026-09-10 08:21:25.592278
4343,afb33b55-fadf-497d-b5a4-f65245cbefbe,9269.10,success,2026-09-10 08:21:25.594288
4344,2c60526c-f3ca-4e7e-ad33-963dc53e9069,14680.67,success,2026-09-10 08:21:25.596352
4345,7bdf5a57-82da-4c5e-9570-98562d58cc16,7025.58,success,2026-09-10 08:21:25.59866
4346,cd006de6-5898-47c2-ab61-94b9cdff7826,18555.48,success,2026-09-10 08:21:25.600698
4347,66cd7557-33c8-445b-b144-d3ee5ae164b5,16977.66,success,2026-09-10 08:21:25.602688
4348,4a58bb71-ba19-4fe2-aefa-7380ee57886f,14538.67,success,2026-09-10 08:21:25.604807
4349,eb0f7280-7016-4c92-a55f-d659d565b13b,6374.00,success,2026-09-10 08:21:25.606889
4350,4bec5a3a-815e-48d2-96fa-b07903077046,5347.48,success,2026-09-10 08:21:25.609251
4351,e38cb850-81eb-46a0-ab7b-60802d0059ed,6485.68,success,2026-09-10 08:21:25.611378
4352,a3886c55-1275-4e04-9463-bdddeb4c7536,14516.61,success,2026-09-10 08:21:25.613601
4353,38c7b807-b17c-4b13-9992-cd00bf0e0f78,880.12,success,2026-09-10 08:21:25.615727
4354,fac88c12-8d66-40df-9202-c90601c23528,16991.81,success,2026-09-10 08:21:25.617753
4355,a1e30ed2-3ba8-45ad-a4b8-4a19f2024abe,8968.45,success,2026-09-10 08:21:25.619679
4356,b462aea0-db76-4fc1-b6f5-dc9933cfec64,14202.73,success,2026-09-10 08:21:25.621813
4357,d3a5a954-32c8-4b0f-afbe-66b254702f16,1701.33,success,2026-09-10 08:21:25.623885
4358,82beffb8-bac9-48f0-942c-43079f4a7a0c,8982.75,success,2026-09-10 08:21:25.625944
4359,060ce2a7-6d93-43c0-bce4-71c8813b566f,13728.76,success,2026-09-10 08:21:25.628036
4360,dd6e02c0-5b07-46ce-8c06-47c0db6b5768,15187.90,success,2026-09-10 08:21:25.630298
4361,84cc9024-998d-4650-b4bd-9a82b69b83fd,11995.85,success,2026-09-10 08:21:25.632586
4362,fc0330d6-3d1b-4a6a-88f1-c32c0a1a0737,18635.77,success,2026-09-10 08:21:25.634713
4363,c87c1f7e-2422-4fac-bce9-cc2f00d60357,9250.87,success,2026-09-10 08:21:25.63671
4364,05ad69c7-c9f4-49ad-a6dd-7f53a6c856aa,3250.24,success,2026-09-10 08:21:25.63875
4365,2cd66cfa-451e-42aa-8a81-e83b4c77828e,7124.90,success,2026-09-10 08:21:25.641026
4366,257cc251-41dd-44aa-8b4d-4cd04dda11aa,9828.95,success,2026-09-10 08:21:25.64303
4367,1bc68efa-03e2-4231-975d-165f3b55308f,6903.37,success,2026-09-10 08:21:25.645184
4368,88e2459f-6c29-47c1-9fc4-70f35ce4c6fa,16182.55,success,2026-09-10 08:21:25.647221
4369,88e2459f-6c29-47c1-9fc4-70f35ce4c6fa,16182.55,success,2026-09-10 08:21:25.647221
4370,f4dbf3dc-16a6-4ff0-92e5-e02d6e36fea1,14777.45,success,2026-09-10 08:21:25.649597
4371,fe12a49a-a2ca-4e8b-90fb-b491720b1347,6510.83,success,2026-09-10 08:21:25.651639
4372,5dcc83cf-0592-4cdf-8b5a-84c3eada8d61,15402.74,success,2026-09-10 08:21:25.653838
4373,00d58b31-e559-4012-9272-f25ad6c0cc21,2353.56,success,2026-09-10 08:21:25.655878
4374,a8742510-40c5-4f56-b059-5acfc67103be,598.71,success,2026-09-10 08:21:25.657894
4375,aef57ae7-b1e0-4674-9ec1-68110cd7b609,2119.56,success,2026-09-10 08:21:25.659961
4376,9482b2eb-790c-4173-bcda-5e8a717e0501,941.58,success,2026-09-10 08:21:25.66206
4377,8eb56d51-7e42-4928-8a74-b03b968fbee6,10808.08,success,2026-09-10 08:21:25.664042
4378,fef4fe5f-c2d1-4f2a-b55c-c9b279c222d2,162.62,success,2026-09-10 08:21:25.666066
4379,8c5fde3d-4ec4-4e74-9d9e-f85d905c8f0d,8770.07,success,2026-09-10 08:21:25.668049
4380,c8a84d53-88db-4ce9-a288-58f7dfd10ede,13209.89,success,2026-09-10 08:21:25.670336
4381,e908766c-0425-4428-96f2-a9c655d2921a,1057.06,success,2026-09-10 08:21:25.672348
4382,fd5f0e03-7581-472c-afbc-e5a2ddcd4fa4,7695.41,success,2026-09-10 08:21:25.674378
4383,be03fcab-8855-4fc2-aa9f-813fa8260bff,13013.44,success,2026-09-10 08:21:25.676423
4384,627fa307-acd1-4498-828c-ae84c48cfd65,11605.09,success,2026-09-10 08:21:25.678748
4385,c7b9b0bd-57a5-447a-960f-5085116a52fd,1519.63,success,2026-09-10 08:21:25.680901
4386,badf4038-7244-4216-865c-1af1b5f10b38,15710.69,success,2026-09-10 08:21:25.683206
4387,6a196885-abdc-4a24-87ff-15c606600e98,8981.02,success,2026-09-10 08:21:25.685247
4388,0f192dc1-7171-4f03-8a9f-225a5885f8d9,19194.10,success,2026-09-10 08:21:25.687487
4389,a34d9acd-974c-401e-97fa-1fbe23b1fca0,5655.08,success,2026-09-10 08:21:25.689609
4390,1386c4bd-157c-4990-bc28-020a984d17d0,13802.98,success,2026-09-10 08:21:25.691579
4391,a2d6c240-9987-4a8a-9a04-9e21c9189aea,319.97,success,2026-09-10 08:21:25.693575
4392,e91227e1-e79f-494b-ae83-f1fe7df2f0a1,16134.72,success,2026-09-10 08:21:25.695785
4393,e3d4215e-0a6f-4b3e-9a4b-adc9b34267d5,9115.87,success,2026-09-10 08:21:25.697984
4394,e9bbc1cd-7d96-4d61-aebc-193ee423b912,7994.83,success,2026-09-10 08:21:25.70018
4395,c2082ecd-04f5-43f8-a6c5-e9412aa6beb2,12667.93,success,2026-09-10 08:21:25.702293
4396,44cb9936-87ed-4c82-9a62-46fea546e1d3,5782.43,success,2026-09-10 08:21:25.704581
4397,7636602c-f572-4119-81d7-6a337591e9ba,5756.72,success,2026-09-10 08:21:25.70677
4398,f27e40b8-02d7-40b2-8309-de9ec0845073,7373.40,success,2026-09-10 08:21:25.709074
4399,6671a80d-67b0-4f86-b59e-6c6c13cfb571,557.69,success,2026-09-10 08:21:25.71131
4400,f8966fb7-6d70-4cab-82aa-55bac461a2c2,19682.08,success,2026-09-10 08:21:25.713334
4401,8917883e-6ac0-4274-8bfc-ef20dec6211d,19118.12,success,2026-09-10 08:21:25.715264
4402,02371bf2-b88a-42a6-891c-2931d43fc5c2,14020.72,success,2026-09-10 08:21:25.717221
4403,15ca4d81-244a-43cc-90b5-84475458cfab,17156.18,success,2026-09-10 08:21:25.719505
4404,d9d3c226-ca49-4b36-9779-659381012eeb,15477.50,success,2026-09-10 08:21:25.721882
4405,dfeb87af-79d3-4962-b38f-b1b65a3184a5,137.42,success,2026-09-10 08:21:25.724096
4406,d268c03e-0fae-4396-b0f8-f7badbf9cfae,15920.85,success,2026-09-10 08:21:25.726522
4407,8c99fd84-3099-406e-a7ee-b3d0142aa278,16135.43,success,2026-09-10 08:21:25.728606
4408,8c7b5d9c-2ca3-42a9-a9a4-74f51d210cdd,14975.24,success,2026-09-10 08:21:25.730757
4409,e7e0b891-ebce-42cf-a5ff-0f8e34864b08,4119.42,success,2026-09-10 08:21:25.733051
4410,9490fb29-90b4-4dfe-a70f-62e7e01d150b,12428.88,success,2026-09-10 08:21:25.735238
4411,a41e0077-271d-49ee-bd96-0aa8e33da7fb,13315.60,success,2026-09-10 08:21:25.737587
4412,34c077d5-7445-47e7-9c33-78c9b1e6a222,16313.09,success,2026-09-10 08:21:25.739567
4413,021bb994-6cb1-45f5-b603-1187f3ea13e3,7776.76,success,2026-09-10 08:21:25.741598
4414,bddb3bda-75a6-4e26-83dd-3b4ef2c85307,7285.89,success,2026-09-10 08:21:25.743777
4415,75c06db7-14a0-4937-8d15-63fe912bed8e,6760.66,success,2026-09-10 08:21:25.745774
4416,f39f3c15-1619-4af8-b263-2bdc4ecf1859,14791.86,success,2026-09-10 08:21:25.747822
4417,84153f37-9129-4ac3-b610-cc7b9dee1c44,13810.97,success,2026-09-10 08:21:25.750035
4418,7202f42c-d3b3-4be7-9c0c-fb2a3c23b15d,18880.68,success,2026-09-10 08:21:25.752302
4419,9f728365-4753-4d4a-894a-ebadf479a959,11315.20,success,2026-09-10 08:21:25.754273
4420,a32be7b1-f7d1-400b-9693-d1a978afe5b0,7884.11,success,2026-09-10 08:21:25.756309
4421,3a812eb8-4080-4dd2-829b-bbe9bee2ff4d,19709.79,success,2026-09-10 08:21:25.758531
4422,c7efd2d6-3459-4ccc-97c2-1d25e1845fc9,2312.19,success,2026-09-10 08:21:25.760687
4423,0d6012cc-6252-4970-b32d-f8bf8d37bc2b,13547.22,success,2026-09-10 08:21:25.762666
4424,e22f356e-4235-45b7-b28b-691e88d656c2,5165.13,success,2026-09-10 08:21:25.764961
4425,bed83550-07ca-4f88-b3b2-9a0074d8d53f,6570.45,success,2026-09-10 08:21:25.767206
4426,a89bce4a-63dd-43a3-a397-b51b8e6d0a28,10378.19,success,2026-09-10 08:21:25.769428
4427,571f4210-1e85-486a-ae61-2a065f911c10,14421.65,success,2026-09-10 08:21:25.771747
4428,09da49fc-af3c-4f56-8063-3e8d3fa085dd,17214.89,success,2026-09-10 08:21:25.773864
4429,e6b0a9ff-f1d3-4b2e-a20c-bacb7a43c03c,11619.88,success,2026-09-10 08:21:25.77597
4430,24f875cd-9a63-4011-bc1b-325f25fa9d12,2932.39,success,2026-09-10 08:21:25.778345
4431,af6c96c4-59ef-4239-a2c3-544b2ab777b1,6824.66,success,2026-09-10 08:21:25.780466
4432,e2cf9985-3e56-4e26-a49a-35dd9ba023d0,6812.09,success,2026-09-10 08:21:25.782763
4433,0ccb8492-4a94-42a4-bdf6-31599cb3e5bf,7332.65,success,2026-09-10 08:21:25.785189
4434,1e2cb08a-309e-47ae-852d-1361d7c760c2,9672.58,success,2026-09-10 08:21:25.787177
4435,4423703c-c0c2-42d1-9d4b-b4a4072d9b14,10684.49,success,2026-09-10 08:21:25.789377
4436,76426204-da94-416a-8813-02635f2b3183,480.97,success,2026-09-10 08:21:25.791335
4437,6117af88-fa18-48c4-ab9e-282fd8211db1,12007.01,success,2026-09-10 08:21:25.793605
4438,1395d81c-754b-4482-99f2-bee66b0419ac,5433.42,success,2026-09-10 08:21:25.795855
4439,df5c6f2d-6133-4104-8273-1ad4af34e240,6719.27,success,2026-09-10 08:21:25.798146
4440,df5c6f2d-6133-4104-8273-1ad4af34e240,6719.27,success,2026-09-10 08:21:25.798146
4441,42a2bdb3-3b7c-4602-9b61-637f593f65d1,6482.76,success,2026-09-10 08:21:25.800418
4442,06653f92-e7ba-401d-aaf7-d7fcfb821542,15135.15,success,2026-09-10 08:21:25.803726
4443,e5ed3d2f-e9ef-4b63-8731-cfaf4b3e808b,2326.79,success,2026-09-10 08:21:25.806063
4444,f24bd6a0-2ef3-4dae-acd9-2393416c7996,16917.47,success,2026-09-10 08:21:25.808237
4445,f2ac7543-a3a3-441a-a2a5-a42a3f1e67b7,11536.30,success,2026-09-10 08:21:25.810312
4446,59f3ad35-b989-44aa-9009-480c40f931b5,6625.02,success,2026-09-10 08:21:25.81232
4447,e0d2cb17-9bde-4e73-a09b-9d835caa0edd,15631.83,success,2026-09-10 08:21:25.814313
4448,8c3c6467-2511-48a7-beaa-e96e5d2d9c78,5504.49,success,2026-09-10 08:21:25.816837
4449,62ef5cdd-e4bb-412e-8953-2a293c15c2e0,14637.36,success,2026-09-10 08:21:25.818919
4450,e775324a-23bc-4e2a-a5a2-4426fa3229f4,9292.98,success,2026-09-10 08:21:25.821112
4451,d81bfcf6-3f10-45ec-a74b-ee4f32d1fd64,7235.84,success,2026-09-10 08:21:25.823292
4452,134aaa64-3471-467b-8f8a-d3c02d01942a,1592.87,success,2026-09-10 08:21:25.825457
4453,bf1a2354-bae5-4ba2-9311-76d6f805c7f2,14300.19,success,2026-09-10 08:21:25.827461
4454,be1cda02-1a32-46c6-8ba7-16efce9af936,6727.51,success,2026-09-10 08:21:25.831079
4455,4eea8680-1218-4576-8edb-2d895fd70ece,883.69,success,2026-09-10 08:21:25.833139
4456,69ce6b05-65e6-4ca8-bb4a-006f3b5070ac,14305.23,success,2026-09-10 08:21:25.835327
4457,69ce6b05-65e6-4ca8-bb4a-006f3b5070ac,14305.23,success,2026-09-10 08:21:25.835327
4458,55d66ffc-39f3-4f59-a223-b396088929bc,9468.64,success,2026-09-10 08:21:25.838
4459,7bc010bc-9e22-4ead-b023-4f86f448606a,17906.25,success,2026-09-10 08:21:25.840276
4460,366d352b-7fb2-407d-8254-976c2ad8d49c,6926.29,success,2026-09-10 08:21:25.842439
4461,eac23112-5ded-48c5-8091-2c6fb61946f3,17773.94,success,2026-09-10 08:21:25.844563
4462,82e58cd1-45b8-498f-85ad-6b400fe2e09c,4438.78,success,2026-09-10 08:21:25.84656
4463,41c640d9-4069-458c-9b56-c0b1151cc3fd,2949.22,success,2026-09-10 08:21:25.848506
4464,3361311c-a06f-4b5a-a101-3b6e378b1b84,1772.60,success,2026-09-10 08:21:25.850647
4465,093d7987-d034-4a4d-98be-06ecb02e8ac7,7201.21,success,2026-09-10 08:21:25.852771
4466,c1309892-f6ca-41df-b63e-0fa1be67aaac,14528.82,success,2026-09-10 08:21:25.854891
4467,4896bbbe-56a0-41ac-a1d4-45253cd84531,13914.99,success,2026-09-10 08:21:25.857007
4468,91443e30-306c-4c70-b220-de7d160aa5d4,19956.29,success,2026-09-10 08:21:25.859044
4469,843ad0d6-0cf8-4097-915c-f4338a1d0756,8202.30,success,2026-09-10 08:21:25.861011
4470,83c22f86-9ace-460b-9df3-c6e4a4bc371f,14474.19,success,2026-09-10 08:21:25.863021
4471,fcce4774-57e8-4cee-b19a-1f4d0d51b7f5,14013.92,success,2026-09-10 08:21:25.865123
4472,1de50456-fb23-4717-8dc4-1e2fcadd3a68,14006.28,success,2026-09-10 08:21:25.868761
4473,f975aad7-9e8d-4a9e-951b-9b8373740e1b,14887.74,success,2026-09-10 08:21:25.870934
4474,d9d7bcee-1e73-4598-856c-2639f05e13ac,19302.60,success,2026-09-10 08:21:25.872979
4475,10efd250-db07-465d-9c0b-18fddba5984f,11545.10,success,2026-09-10 08:21:25.875118
4476,0ded5341-8e39-41a9-8d26-01a079de16e6,5821.57,success,2026-09-10 08:21:25.877225
4477,58149c7c-2455-4f94-80a9-b2d057b1b94b,10423.75,success,2026-09-10 08:21:25.879374
4478,4ff58ac2-8868-4fb8-8f81-fd57a032880c,8264.95,success,2026-09-10 08:21:25.881461
4479,ce90d4b8-8e1b-4510-bb05-23e4ca74040d,13132.75,success,2026-09-10 08:21:25.883285
4480,5f489333-82e6-4159-9caa-c9f47db47f87,8127.58,success,2026-09-10 08:21:25.885225
4481,c5e0ba28-8c32-4e40-a891-4b33990f15bb,9961.60,success,2026-09-10 08:21:25.887368
4482,2db45640-3d2e-45a7-869d-839dd7fbdf0c,13427.06,success,2026-09-10 08:21:25.889523
4483,a7cbc6d2-4282-43cd-b6ed-d04345350e98,17135.00,success,2026-09-10 08:21:25.891751
4484,3d4410e7-87c1-4574-b6f8-87f2554e2b8c,3526.92,success,2026-09-10 08:21:25.893879
4485,4964c5a3-db01-458f-9049-c1670f48759e,4921.40,success,2026-09-10 08:21:25.895767
4486,3f6411c3-a09c-45e3-97a1-e6c542330aa4,4536.71,success,2026-09-10 08:21:25.897652
4487,3e19889f-af54-4749-87f2-6db01d498036,3327.67,success,2026-09-10 08:21:25.899741
4488,8b04487f-d078-44bc-9125-bcd043ee214d,7999.96,success,2026-09-10 08:21:25.901617
4489,5112250e-e1cf-4317-b5bc-c3a28eed3435,5852.80,success,2026-09-10 08:21:25.903791
4490,14170c27-6fb2-4fca-96c2-df0b49f30e87,15497.41,success,2026-09-10 08:21:25.905626
4491,72a89b72-ce60-4c8e-a7c8-bbf3c57f39af,8294.25,success,2026-09-10 08:21:25.908137
4492,d3d09a64-32cc-42c2-a901-83f517e09043,18632.13,success,2026-09-10 08:21:25.910041
4493,f1294f7c-9a13-4f88-acef-d0c1a3ad8781,9668.67,success,2026-09-10 08:21:25.912041
4494,188e52c9-1db7-4608-81d7-b98272e63bed,1887.66,success,2026-09-10 08:21:25.914054
4495,3d4e5009-ec02-412a-bcb8-281bd3c22130,4294.69,success,2026-09-10 08:21:25.916131
4496,ad73c680-8ee1-4543-a86d-fd8c2c2719d0,16940.83,success,2026-09-10 08:21:25.918077
4497,6916b063-449a-473d-969a-271b4d3f07f3,18400.79,success,2026-09-10 08:21:25.920148
4498,ee3a785f-edce-4555-ae6a-3882dcf642b9,18259.89,success,2026-09-10 08:21:25.922179
4499,796f7739-7d72-439a-9032-c3c9a514e27f,8282.02,success,2026-09-10 08:21:25.924114
4500,3dbb3c2d-d6f1-404d-9fa9-f590a2d7e702,14819.89,success,2026-09-10 08:21:25.926374
4501,0a985faa-7ddc-41d6-aaed-0ba3a56f3e84,8230.83,success,2026-09-10 08:21:25.928564
4502,ea89035b-9d79-4fe5-9b8a-7e4f4273066c,11501.53,success,2026-09-10 08:21:25.930525
4503,987e5bad-2d80-4fc3-86d9-d258f7a953b0,7833.79,success,2026-09-10 08:21:25.932415
4504,e80e02d7-8808-45fd-8cca-56adc0d00503,11699.23,success,2026-09-10 08:21:25.934778
4505,c77d9199-9de7-4c3d-90c0-e79ff2f7f0e3,15223.11,success,2026-09-10 08:21:25.936735
4506,a7530dc8-67b2-48ab-91bd-0e9643723160,5457.45,success,2026-09-10 08:21:25.938588
4507,91e5481a-c39a-4e9a-96e7-a5c2decd4ac2,5907.21,success,2026-09-10 08:21:25.940745
4508,517313be-1601-478e-96ef-02207ce598dc,19177.69,success,2026-09-10 08:21:25.942727
4509,4f186e94-b70a-4fc6-9345-e6d22c288933,2471.11,success,2026-09-10 08:21:25.944763
4510,8517a82f-1c1c-4a72-8f06-5ea31f60739b,14670.52,success,2026-09-10 08:21:25.946663
4511,b7664a01-b98a-4289-b1dc-8a8373a5e611,8743.49,success,2026-09-10 08:21:25.948691
4512,0de1db42-9b00-4a89-b011-94f0311dc233,966.49,success,2026-09-10 08:21:25.950869
4513,0dda5a8f-e8d7-4d6d-bb42-4ea2ffaea235,6805.38,success,2026-09-10 08:21:25.952942
4514,6a9ceafe-153d-4809-8dd0-e559a18827d3,5403.36,success,2026-09-10 08:21:25.955113
4515,a15888af-3e87-49c6-9c4d-980b7b9ec123,14190.04,success,2026-09-10 08:21:25.957055
4516,f4e9af4b-e427-4e14-a0b5-4983afd01247,6295.69,success,2026-09-10 08:21:25.959366
4517,447f0938-79a3-485b-bc61-cbd2fec68ad2,18200.24,success,2026-09-10 08:21:25.961438
4518,33339462-e3f3-4727-9fd7-d64c2a5ab0be,4911.33,success,2026-09-10 08:21:25.964886
4519,992dc6dc-1035-49e5-8bd9-847b9299e796,13518.01,success,2026-09-10 08:21:25.967131
4520,70db4bc0-2110-475d-94f2-c9f0d399f62c,17735.95,success,2026-09-10 08:21:25.969078
4521,8ea77916-3ea5-4074-a581-758566ee2396,19321.67,success,2026-09-10 08:21:25.971148
4522,1a25a163-5afd-4e45-ac19-1d88f8b64c6f,17717.07,success,2026-09-10 08:21:25.973368
4523,19c77cb1-4c20-4723-a41c-3b1799da1e4b,17185.72,success,2026-09-10 08:21:25.975168
4524,c48eb82d-2973-4558-b44a-a64620b6d642,6063.50,success,2026-09-10 08:21:25.977347
4525,bcc591a7-160b-4a65-a07f-127240fa5eef,11241.64,success,2026-09-10 08:21:25.979361
4526,5263dadd-e578-40ed-a03e-4f68ff8b74d0,5913.03,success,2026-09-10 08:21:25.981314
4527,34111e82-faf3-4d56-a372-28be1fc2328f,14690.30,success,2026-09-10 08:21:25.983461
4528,3863c7fe-fe43-4293-b7bb-5bb0f78e8d06,9305.46,success,2026-09-10 08:21:25.985574
4529,f3c23fff-cc79-45d5-ba99-18ef6d7b6412,4676.88,success,2026-09-10 08:21:25.987833
4530,502ea5ca-765e-4e6a-afc3-a8807cdff0c8,12776.83,success,2026-09-10 08:21:25.989935
4531,34ac9cdc-b33c-4350-ac9b-bd130e213d5a,8873.22,success,2026-09-10 08:21:25.992115
4532,76ade2ad-8afd-429b-9eb1-c42a0d768635,17116.80,success,2026-09-10 08:21:25.994136
4533,61274e46-868e-4606-983f-ba0e2567d7b0,16896.20,success,2026-09-10 08:21:25.996223
4534,688a161b-df91-4deb-a499-6607e132667d,8146.90,success,2026-09-10 08:21:25.998371
4535,197e2a78-c905-413a-b773-57a61430a01f,5871.99,success,2026-09-10 08:21:26.000399
4536,d01f7a90-17c0-473a-a6ef-72291931705b,6918.75,success,2026-09-10 08:21:26.002679
4537,346c23c6-6dba-46ae-b470-a5cfef95f14b,11243.08,success,2026-09-10 08:21:26.004663
4538,abcd8b3e-d6c2-4c35-8c8d-0bcf4d6d5bd4,964.82,success,2026-09-10 08:21:26.006658
4539,bda2fa30-9d78-4fb4-afef-883e02a0bca7,16147.18,success,2026-09-10 08:21:26.008745
4540,dbbdf28f-7a2f-44c4-b866-f9dce3cb3bcf,8060.48,success,2026-09-10 08:21:26.010701
4541,bdc4239c-c887-494d-af98-3f15208308cf,13548.10,success,2026-09-10 08:21:26.012858
4542,f6386bed-3be1-447e-a993-82a7946a9ebf,19795.99,success,2026-09-10 08:21:26.014841
4543,7155c8a7-cf66-4c3d-a8cd-659b4ba62f2d,15595.33,success,2026-09-10 08:21:26.016742
4544,d63912d6-c2bd-4033-b543-84c82676e588,18847.47,success,2026-09-10 08:21:26.01864
4545,d4c2b4a1-7d05-42a4-9f12-93c3f5ca1c20,10075.36,success,2026-09-10 08:21:26.020126
4546,529fb877-52ed-4b75-9c62-c1d8cf62af2c,6169.77,success,2026-09-10 08:21:26.021994
4547,5b6f8a9e-7da9-4037-b30b-ebc40dd80cbb,17081.64,success,2026-09-10 08:21:26.023865
4548,6c0b718f-c96c-4bd6-8eed-211587d6b879,11323.64,success,2026-09-10 08:21:26.025914
4549,01427942-f4b3-41eb-8571-87e19e79a1c7,8442.25,success,2026-09-10 08:21:26.02785
4550,4e4916ea-2d5c-4870-af66-39a69191cb93,10208.09,success,2026-09-10 08:21:26.029775
4551,95ddfd7d-ac3c-457e-b8a1-6b801ca50702,3800.78,success,2026-09-10 08:21:26.031705
4552,663acf6e-12d0-4e3f-b86f-d0dea38fc908,15827.76,success,2026-09-10 08:21:26.033609
4553,8a0fb4b2-ba31-4967-8c14-ecb3f7e332e9,5816.74,success,2026-09-10 08:21:26.035418
4554,99309ea5-e036-43c3-9d2b-271699ea92f4,6065.90,success,2026-09-10 08:21:26.037573
4555,f8220a28-aaa7-4a71-9386-8b8ea1edf5f1,6008.86,success,2026-09-10 08:21:26.039844
4556,042c013b-dce1-4ef9-a76a-bc20b8280182,2411.34,success,2026-09-10 08:21:26.041861
4557,0cb02afc-d812-4334-9d1c-90f953d8a953,2166.32,success,2026-09-10 08:21:26.044026
4558,e439e01e-bb76-4129-b8da-374b2f43ea25,7190.97,success,2026-09-10 08:21:26.046156
4559,d29a73b0-8b1e-493a-ad05-36015bbba302,4146.92,success,2026-09-10 08:21:26.048569
4560,560353b7-b115-413e-b5b6-bd5a7640a546,4572.63,success,2026-09-10 08:21:26.051936
4561,e45daa58-bcd4-4285-9436-2ab1865cda25,1382.59,success,2026-09-10 08:21:26.054132
4562,dd0b90ae-85bc-479e-a1c0-18b8847fb2cc,17014.03,success,2026-09-10 08:21:26.056375
4563,6fab97fe-0979-47c6-b530-8f4e7881722d,9602.19,success,2026-09-10 08:21:26.058196
4564,dbfe2807-ea11-4958-acd0-e1f39de5890f,15116.70,success,2026-09-10 08:21:26.060376
4565,cf5fa30c-095c-49a8-af4a-7f54fa3b555f,19677.69,success,2026-09-10 08:21:26.062469
4566,49ce7fcf-9375-48ac-812a-97670739e77e,12445.78,success,2026-09-10 08:21:26.064501
4567,508062c8-19a3-45cb-a07a-c506dfb7ac47,18327.22,success,2026-09-10 08:21:26.066302
4568,b656f78a-c023-41e5-beef-9f901f8d1274,8488.53,success,2026-09-10 08:21:26.068226
4569,36fcbe12-c29e-4761-bff7-1f5c31378748,7088.15,success,2026-09-10 08:21:26.07004
4570,41cc254a-bd7c-4d5b-aac6-7c4fb8d7ef9c,1574.06,success,2026-09-10 08:21:26.075878
4571,7323a72b-8165-4c0c-bb83-61c1117fe3b3,15668.54,success,2026-09-10 08:21:26.078068
4572,24fed3d3-8de8-475d-a301-e4c337fd6f1d,19469.81,success,2026-09-10 08:21:26.080234
4573,3eecaf17-6675-4b69-8605-d34a9e70532c,9718.90,success,2026-09-10 08:21:26.082581
4574,63796f29-96e0-4bbd-a95e-7cda9214bf42,9684.65,success,2026-09-10 08:21:26.08456
4575,fed1f812-557a-4399-94ba-405768b3c3c1,17468.73,success,2026-09-10 08:21:26.086859
4576,ee5ef69e-b8d9-414a-b121-33e7eab05e1b,6030.10,success,2026-09-10 08:21:26.088592
4577,cd53bd68-97e1-48f6-98b2-ba8f84a6e92c,6868.18,success,2026-09-10 08:21:26.09044
4578,3600a1f5-c073-4444-964c-4eb5ebe1549b,10414.05,success,2026-09-10 08:21:26.092245
4579,5e5b4dfb-f28d-45af-9d0f-afb8340b85cc,2522.26,success,2026-09-10 08:21:26.094281
4580,72124864-6587-4548-a16b-b306235acccf,14559.07,success,2026-09-10 08:21:26.096405
4581,4daded53-8091-47ac-863c-6c2aca7c7382,11498.73,success,2026-09-10 08:21:26.098416
4582,ad4d9487-4394-44a1-8a05-16b0dbe23d8e,7643.78,success,2026-09-10 08:21:26.100572
4583,4e8c9c7c-655b-4e32-9293-b9ec5e221f6f,8177.55,success,2026-09-10 08:21:26.102635
4584,516c429f-60fa-4a9f-a39a-eeba1bc78c29,8172.83,success,2026-09-10 08:21:26.10477
4585,33bafb45-a505-49d8-a484-3ea6da10a48f,930.43,success,2026-09-10 08:21:26.106676
4586,434fe73c-30b2-4ab5-b197-3aca3aa3d3f7,9502.15,success,2026-09-10 08:21:26.108597
4587,38e2ba10-0b54-4f7f-95c2-fba6f9167783,16516.67,success,2026-09-10 08:21:26.11057
4588,a5c0d8bd-07e0-4cc7-a9b0-8cf7febd6d48,2077.73,success,2026-09-10 08:21:26.11257
4589,0cb8532f-1a5a-4f62-9fa8-9306d4f8e497,6855.89,success,2026-09-10 08:21:26.114756
4590,54ba50d1-31ed-448b-9397-285e4aab41cf,14498.29,success,2026-09-10 08:21:26.116708
4591,20495622-a019-4d1f-a41a-77fa1e7e7831,11669.88,success,2026-09-10 08:21:26.118777
4592,fc7d208c-4c0d-4298-9e3c-e1ddaeea870b,17293.35,success,2026-09-10 08:21:26.12098
4593,b603e04c-6598-4267-9dda-d63457ba3604,896.47,success,2026-09-10 08:21:26.122972
4594,5fcd690f-a483-499e-9f0a-e248c66fed1d,1848.76,success,2026-09-10 08:21:26.12511
4595,7f8091ad-5472-42fd-971b-7396223940f0,13035.76,success,2026-09-10 08:21:26.127278
4596,56e3cf7a-d2a1-4c00-8290-70dbffe11de3,5014.69,success,2026-09-10 08:21:26.129249
4597,9bc4b428-f832-49d9-bcef-2e24c8dd9902,6194.79,success,2026-09-10 08:21:26.131192
4598,839a7c37-d240-4176-a9f6-051a312e052d,1497.79,success,2026-09-10 08:21:26.133247
4599,89f6342a-a318-4f44-87dc-08e459288004,14513.06,success,2026-09-10 08:21:26.135278
4600,cee8938c-6883-41ea-a516-30c3562ce4fb,13983.15,success,2026-09-10 08:21:26.137212
4601,9c4844e0-cf73-4099-bbbe-565723ade124,10501.28,success,2026-09-10 08:21:26.139192
4602,319e052b-bd6e-4809-8b2c-e6742adc951c,15559.94,success,2026-09-10 08:21:26.141683
4603,77336852-b1e7-4046-be77-164b22879eeb,14852.84,success,2026-09-10 08:21:26.144053
4604,ca76545a-cbf5-43dd-8821-91dc06201ee7,8227.89,success,2026-09-10 08:21:26.145908
4605,d81cfea5-6d7e-47c9-b3be-69962f0c02b5,2418.55,success,2026-09-10 08:21:26.147928
4606,e856e6c2-994b-4785-bd4c-fa0fee5efb9b,3698.54,success,2026-09-10 08:21:26.150245
4607,bfdf70dc-851c-4089-9fad-3880391ef0d1,17098.74,success,2026-09-10 08:21:26.152327
4608,5c975972-2fd9-4b76-95b4-9c2969208981,15028.67,success,2026-09-10 08:21:26.154338
4609,46184f94-6597-4dbf-87f0-3155b3153078,9794.83,success,2026-09-10 08:21:26.156284
4610,43c6b785-736e-461c-9de5-e4ad8265d049,19529.21,success,2026-09-10 08:21:26.158376
4611,e40af18e-ab50-469d-8764-7837b513ba45,7515.35,success,2026-09-10 08:21:26.160409
4612,4f03d3fc-1187-43c4-92d8-bf76b0206191,8405.46,success,2026-09-10 08:21:26.162548
4613,97613e21-63ff-4719-bf32-88407108d1d5,18687.91,success,2026-09-10 08:21:26.1647
4614,1c496ca1-979a-46e6-9877-72dd0243d207,6932.18,success,2026-09-10 08:21:26.166579
4615,cfb9f3d9-fccc-49b0-b5c1-8ce7d1fd0d12,12173.05,success,2026-09-10 08:21:26.168779
4616,0ea96597-c672-47ed-8e42-60d08649919a,14206.80,success,2026-09-10 08:21:26.170806
4617,615d93a6-833b-4bdc-baf2-483c85921e4c,12537.23,success,2026-09-10 08:21:26.172767
4618,005bedf0-3613-4047-a48f-b6981b0661b1,426.98,success,2026-09-10 08:21:26.174734
4619,c4c5324e-0267-449d-bc34-d29799a17024,6942.22,success,2026-09-10 08:21:26.176712
4620,881c4345-c27e-44b0-896d-4a24d77f0e2b,17319.62,success,2026-09-10 08:21:26.178896
4621,a93ba2cb-6590-42fa-9238-7a8184d8a02b,14463.63,success,2026-09-10 08:21:26.181021
4622,8fd3ef2e-f724-4d5e-990c-e07db5ecb250,472.21,success,2026-09-10 08:21:26.182885
4623,e219b88f-b0ee-46e1-8c76-d28d9cb14472,9029.92,success,2026-09-10 08:21:26.187263
4624,eacd9b45-38d5-4339-b880-004a81959946,6215.63,success,2026-09-10 08:21:26.189227
4625,201a7ac9-98b6-4e57-a7ee-71a1e1e891d1,11907.95,success,2026-09-10 08:21:26.191376
4626,d95f71e0-757a-491c-8bff-fc9c6d1cb7df,15213.53,success,2026-09-10 08:21:26.193551
4627,cd40a655-2370-4c1a-9bc1-b7b79c8c7f44,15695.15,success,2026-09-10 08:21:26.195512
4628,6b5832c2-52a9-4753-af38-84ec2f4bc312,12226.60,success,2026-09-10 08:21:26.197523
4629,289ef562-0ab8-4e68-9e02-7daf60ad7626,1949.85,success,2026-09-10 08:21:26.199647
4630,c6a814d2-966a-4357-93d8-c18ddc05e9d7,5163.27,success,2026-09-10 08:21:26.201662
4631,6d5dade8-112b-4cb2-99ec-fd905ad3365d,16813.46,success,2026-09-10 08:21:26.203726
4632,e5106f24-b276-4ade-b2c9-6ed60624e04c,8940.97,success,2026-09-10 08:21:26.205915
4633,61ddae4f-d38e-41e2-b57e-050197cf4dac,17032.57,success,2026-09-10 08:21:26.207905
4634,b6ae6c1f-2cea-4acd-af85-8192f91bb7da,4470.26,success,2026-09-10 08:21:26.209841
4635,76abd496-2c90-41b3-8c0f-54256c3f63ea,7931.35,success,2026-09-10 08:21:26.211999
4636,e75c1769-4c0d-44f5-a12b-47b38c2c51f0,10328.97,success,2026-09-10 08:21:26.213917
4637,54f041a4-f46e-46d2-a8a9-423228b8fe31,8328.31,success,2026-09-10 08:21:26.215906
4638,29582d74-6f8e-4df6-88ec-c7592810f08e,5566.41,success,2026-09-10 08:21:26.21792
4639,e0d6ed0d-57f6-4c39-a359-904a9c7e8317,1828.29,success,2026-09-10 08:21:26.219841
4640,ae5fb8cc-6188-42d3-9665-8c8597398f21,13841.56,success,2026-09-10 08:21:26.221766
4641,e01ee678-5e8e-4c1d-8b3d-4c9b1b3c634d,18128.91,success,2026-09-10 08:21:26.223919
4642,b9af0550-8afd-441e-841e-d2e7c4765da2,14345.55,success,2026-09-10 08:21:26.22607
4643,cc353f4b-b824-4c7d-aced-38e94b4a302c,6475.87,success,2026-09-10 08:21:26.228114
4644,3399737f-daf5-4032-8bc5-5f499f299c5e,6495.01,success,2026-09-10 08:21:26.230085
4645,09b1f36e-2a80-434d-8031-25aa4c7cbb45,19085.32,success,2026-09-10 08:21:26.23216
4646,71b27bea-e14e-43e8-b92d-79400b37b3ac,2404.02,success,2026-09-10 08:21:26.235062
4647,19feb45e-b99b-418a-9c3a-8bcb5a97c82b,3431.38,success,2026-09-10 08:21:26.237006
4648,d4476efa-385d-4aed-9173-65da641c5f66,5746.93,success,2026-09-10 08:21:26.239032
4649,61095ae7-dab8-4a9e-9758-f8b5e3edda71,18533.58,success,2026-09-10 08:21:26.240975
4650,d09db1b9-39cb-4e2c-bd96-d6fd7c466ab1,15785.92,success,2026-09-10 08:21:26.243122
4651,665f65e4-d471-42e3-a7c6-e070f6f1c25a,14061.94,success,2026-09-10 08:21:26.24534
4652,f1724794-e8ee-4969-b2ff-1d5577ec2b4b,13880.03,success,2026-09-10 08:21:26.247302
4653,38c34052-0461-4eca-b12b-caba86589a9f,15226.22,success,2026-09-10 08:21:26.249324
4654,a739d671-7820-4f45-a68f-47b72586745e,4988.82,success,2026-09-10 08:21:26.25147
4655,de21b252-b2b0-406b-b620-e13bcd8e713a,11943.56,success,2026-09-10 08:21:26.253591
4656,35db52dd-21e5-40c0-96e7-40b0f79d0af7,13286.93,success,2026-09-10 08:21:26.255743
4657,4b4535aa-4dfa-4a44-b9f3-697599f4d8e4,5121.21,success,2026-09-10 08:21:26.257808
4658,2c80fb21-563a-4d8e-8604-de961179eaf7,8737.44,success,2026-09-10 08:21:26.259797
4659,6d96c848-0251-4206-b3d1-e075bcbc6df4,10428.45,success,2026-09-10 08:21:26.262047
4660,99218984-0d73-46f1-b001-9864c62f86f9,16862.31,success,2026-09-10 08:21:26.264147
4661,e94454d3-848b-4ecf-b71a-413df70a8b68,15210.69,success,2026-09-10 08:21:26.26648
4662,7bc84d21-5abb-4d9d-a281-7b094f1b7781,5533.87,success,2026-09-10 08:21:26.26842
4663,875d7c5f-b754-4d75-a546-d72c75f702b7,14245.03,success,2026-09-10 08:21:26.270398
4664,a49753e7-4a66-41b6-a206-a9005e5ebb2d,6116.52,success,2026-09-10 08:21:26.272481
4665,73a81434-dfe8-421f-9b79-b8890c746bff,12770.72,success,2026-09-10 08:21:26.274504
4666,d4843230-04c9-4454-b840-eb6c636d0bbd,13452.40,success,2026-09-10 08:21:26.276809
4667,3b962824-0c93-418f-80a4-6a2c1c8b23a7,9614.83,success,2026-09-10 08:21:26.279081
4668,3b76b59d-f897-4500-be13-14bb2812d24a,10897.70,success,2026-09-10 08:21:26.28107
4669,e1f2fb88-6432-480f-8013-e201c86c01fb,14551.71,success,2026-09-10 08:21:26.283054
4670,9cad5b9b-3e38-4345-b3b4-a708c3836179,15824.60,success,2026-09-10 08:21:26.285212
4671,a3fca62b-9446-4bcb-a870-11caacca00c9,5032.03,success,2026-09-10 08:21:26.287228
4672,07ed29a1-2052-4f90-bc55-8a9589e875a4,4868.58,success,2026-09-10 08:21:26.289282
4673,3381662f-4aac-4f0b-9eb8-86f1bc7385be,966.36,success,2026-09-10 08:21:26.29161
4674,47dc2d9c-43ec-41da-8b26-c34ced6d3ba0,15724.46,success,2026-09-10 08:21:26.293844
4675,4af69201-fba8-4cfb-920c-8cad2918b737,3662.80,success,2026-09-10 08:21:26.295862
4676,5755d3f1-c734-41ea-8942-7218636f3ba2,6371.34,success,2026-09-10 08:21:26.297811
4677,8e85df55-fc21-4619-b998-34fe4627ed63,9132.31,success,2026-09-10 08:21:26.299829
4678,c031c81a-8a81-46de-a9ec-71853e26a198,13202.21,success,2026-09-10 08:21:26.301984
4679,4cd3d4e4-d172-4501-985e-2545a18da587,4279.45,success,2026-09-10 08:21:26.304301
4680,b77064c9-1926-41b8-839e-8a4f82b75013,10917.18,success,2026-09-10 08:21:26.306266
4681,3b5f4f3b-9b4a-4a45-a7a7-8491573f7f94,3662.43,success,2026-09-10 08:21:26.308392
4682,1fc703c8-07d2-47f4-9536-082d52372c36,18477.45,success,2026-09-10 08:21:26.310307
4683,e798afd0-f7f2-4401-b672-7bbcbc8a495a,7041.62,success,2026-09-10 08:21:26.312768
4684,d3a86209-990e-44ab-a32f-6baf61799387,13426.77,success,2026-09-10 08:21:26.314883
4685,6e302bc7-10a3-4804-963e-8ea1d6b016a1,2079.21,success,2026-09-10 08:21:26.316876
4686,85b0c6ec-e73c-40bf-82f9-ca5b5072d2b5,19137.74,success,2026-09-10 08:21:26.319
4687,b8d0745f-2de0-4026-b61a-7ed376e8f08f,18405.93,success,2026-09-10 08:21:26.321043
4688,bd9c5c1e-1c44-4859-ad22-4ba2465b1eb4,8987.99,success,2026-09-10 08:21:26.322858
4689,23a8f6e4-292e-4740-903b-dc7fa7c5cf0f,18520.20,success,2026-09-10 08:21:26.327607
4690,67b1cdbb-c815-43df-a3de-6410042d5907,18929.26,success,2026-09-10 08:21:26.329619
4691,e502f396-be5b-43e6-8796-ece2b912e5c9,13963.93,success,2026-09-10 08:21:26.331736
4692,38cee63e-b777-404e-9589-eaf03059ebf1,13796.81,success,2026-09-10 08:21:26.333677
4693,e28c98ec-f5cc-48a7-91b1-29f376e00bab,18522.37,success,2026-09-10 08:21:26.335916
4694,9ab57c7a-c2c5-4e1c-aca0-1c7e7fd2cd15,18283.48,success,2026-09-10 08:21:26.337913
4695,0a4b43f3-bf90-4473-90e9-d1eb9719094a,17294.93,success,2026-09-10 08:21:26.340141
4696,fb8c9310-442d-49f9-bab5-7c10ca097f49,19700.29,success,2026-09-10 08:21:26.342788
4697,6cb2645c-0022-40bd-9cda-6bb13c6364a2,12807.78,success,2026-09-10 08:21:26.345034
4698,35639aaa-f135-4458-b679-62ae10b5b3e1,18833.34,success,2026-09-10 08:21:26.347115
4699,e1dfb610-006e-4e0d-b8dc-867bbb6fb1d8,13534.77,success,2026-09-10 08:21:26.349156
4700,3851957d-c206-4644-a62b-52b4c693cfe5,10555.22,success,2026-09-10 08:21:26.351088
4701,49ec2177-bf7d-4327-b816-5ccf68e26c5b,14883.20,success,2026-09-10 08:21:26.35319
4702,38fbffb9-0bf5-44a4-b045-2b5fa543a60b,13297.93,success,2026-09-10 08:21:26.355239
4703,9f3b3077-680f-4bb3-9485-669997007a39,4765.13,success,2026-09-10 08:21:26.357235
4704,1a0e1ed8-d5a2-474f-be5d-f9673b966b3a,6301.98,success,2026-09-10 08:21:26.35927
4705,1a52ffe6-d039-4649-963c-8424359ab686,1418.38,success,2026-09-10 08:21:26.361336
4706,106c9d26-8bbc-4f45-abad-61acd215fc27,4840.80,success,2026-09-10 08:21:26.363358
4707,3e5dd50e-1e3e-4dce-9cde-6396a39c89cb,7492.03,success,2026-09-10 08:21:26.365499
4708,96eed2a5-d228-4747-a57f-41684ed41b6a,10160.10,success,2026-09-10 08:21:26.367578
4709,cbfc6cec-84ac-457c-8e03-6fb1b9f637dc,9985.51,success,2026-09-10 08:21:26.369592
4710,8cbf3d80-6f53-4107-b828-290ff0882fc4,7080.03,success,2026-09-10 08:21:26.371746
4711,b57f010c-1b3f-454e-a4bb-79cbc87ebe80,10619.58,success,2026-09-10 08:21:26.373969
4712,15d3715a-1d3a-4873-8deb-c0e52494cff1,19388.38,success,2026-09-10 08:21:26.376979
4713,56561dbe-b5b3-484f-8408-5dd632c7d87f,1455.03,success,2026-09-10 08:21:26.379791
4714,6bb4d864-fb48-4739-8efd-c5e4b875a8aa,6723.95,success,2026-09-10 08:21:26.381763
4715,fa8b07c6-46d5-481f-827f-90335cea3cd5,707.90,success,2026-09-10 08:21:26.383708
4716,2b02d53b-6ecc-436e-bf96-8f40e229e7f7,3429.77,success,2026-09-10 08:21:26.385876
4717,5df23def-f77e-4d2b-9cac-6007dda685e6,18663.33,success,2026-09-10 08:21:26.387918
4718,cec44af8-129b-47ae-9702-3c1d844183c7,11826.15,success,2026-09-10 08:21:26.390142
4719,35ae8f94-9f0c-4cf0-8872-3731474553e2,2841.43,success,2026-09-10 08:21:26.392299
4720,85cf1dd5-2321-4a14-b6b1-52ebab09c6ce,7583.98,success,2026-09-10 08:21:26.394368
4721,ca06b197-b555-4f1e-ab9c-c1840fc029f0,2786.48,success,2026-09-10 08:21:26.396302
4722,c2e388ea-1a64-4a05-80ce-ec767911e01f,18007.59,success,2026-09-10 08:21:26.398186
4723,b1df3959-d949-4cce-bd7f-e34f6b6b9942,11339.77,success,2026-09-10 08:21:26.400337
4724,3f3339cb-d2ea-43c7-ad59-cfa68993321a,10938.78,success,2026-09-10 08:21:26.402392
4725,f4cf9d3a-3828-4201-92bd-cff7b0b119b0,14708.49,success,2026-09-10 08:21:26.404377
4726,d5b196e7-8b86-4b99-8275-4c827c758e68,2767.93,success,2026-09-10 08:21:26.406625
4727,7c96fcb7-3248-4560-abf2-207b1ed0dde6,385.21,success,2026-09-10 08:21:26.408924
4728,a6d3c86e-4d5a-4103-bd84-5b62ec9be951,14872.59,success,2026-09-10 08:21:26.411198
4729,c3d04ef2-2578-44cb-b96f-7ea9b8667fbf,7222.02,success,2026-09-10 08:21:26.413281
4730,4d390863-2a23-4185-8d3f-38ce1fbc8e8b,7414.14,success,2026-09-10 08:21:26.415319
4731,495297a6-d6f3-4489-97c4-10461cd4e34a,9603.32,success,2026-09-10 08:21:26.417446
4732,f4826b48-c079-4f8e-8bf8-79b8ac7bdb1f,18119.89,success,2026-09-10 08:21:26.419626
4733,8f6881ac-506f-4ab1-8360-ef398a9693b6,11207.18,success,2026-09-10 08:21:26.422295
4734,c6183f6f-0e55-4cac-807b-1d2e48f29f8c,4967.50,success,2026-09-10 08:21:26.424241
4735,9d7dac53-a29c-4b24-ad5d-846f1898a2ff,16484.72,success,2026-09-10 08:21:26.426393
4736,eac1e39b-4b1f-4a4a-931c-33f1af7ecc2e,152.39,success,2026-09-10 08:21:26.428269
4737,13d5dbc2-8a65-4ce7-96bd-43c0a135d768,7599.09,success,2026-09-10 08:21:26.430218
4738,51e06fc2-9154-4cd1-bde9-d6a65d713a89,18595.57,success,2026-09-10 08:21:26.432382
4739,287161b1-0e6f-49df-9c4f-84cb377dd1d7,9388.85,success,2026-09-10 08:21:26.434416
4740,667ac154-15b1-4cb6-af77-2693f684a46f,15400.93,success,2026-09-10 08:21:26.436492
4741,38a7ac65-6eb4-4487-96ec-e946abd9b8e9,14807.68,success,2026-09-10 08:21:26.438412
4742,cc57763d-9111-48ba-a905-f35aa1ea771c,305.23,success,2026-09-10 08:21:26.440424
4743,fbab4ae3-fa6d-4a68-ab51-eec1914e15f0,15277.96,success,2026-09-10 08:21:26.442729
4744,666a83a8-4d11-40a9-8c79-0450fb8c757e,7313.19,success,2026-09-10 08:21:26.444909
4745,feaa9ae3-6fd8-4203-8e09-3809d877e43e,11701.01,success,2026-09-10 08:21:26.446866
4746,1c381d13-b0bd-4a13-b1ad-b79ad48dd784,19311.12,success,2026-09-10 08:21:26.449068
4747,0117273c-624d-401f-989c-73485aada9a6,10174.39,success,2026-09-10 08:21:26.451326
4748,829082c7-e644-487f-b51a-e0907b6a4812,4080.36,success,2026-09-10 08:21:26.453679
4749,3b748e40-29f7-4d3d-859d-2b80568247f9,6735.06,success,2026-09-10 08:21:26.45599
4750,a4db108a-08fe-4a78-9d0b-273f29d2a40a,4582.71,success,2026-09-10 08:21:26.458061
4751,bbd73ac4-ad1c-4877-9be2-b71d60911b4e,18241.66,success,2026-09-10 08:21:26.460323
4752,5e6d85f4-1489-4d6a-bc5e-bff3a8578923,13787.70,success,2026-09-10 08:21:26.46258
4753,abda6f05-4faa-4f29-9e99-5abfba6e9b72,8057.95,success,2026-09-10 08:21:26.464575
4754,ea1a24e0-f584-4525-a5bf-791c47f46440,16097.96,success,2026-09-10 08:21:26.466491
4755,9aca8936-1c17-48df-9284-3f56a455de84,7262.25,success,2026-09-10 08:21:26.468755
4756,037110db-8369-4384-b82c-f400bbd5af9f,12072.48,success,2026-09-10 08:21:26.470808
4757,453686fd-9ce0-4b89-9bf3-bfdd07fa9780,7260.57,success,2026-09-10 08:21:26.472734
4758,f28a125e-2836-4605-b1d1-947dc8da5631,4332.31,success,2026-09-10 08:21:26.474981
4759,bf4f97e5-12b8-44e6-a2d3-b042fdaf5aff,9713.92,success,2026-09-10 08:21:26.477096
4760,eac09c29-5aea-43d2-a5b4-33bdcee31423,4435.86,success,2026-09-10 08:21:26.479279
4761,6ba2d278-445c-4038-b215-a023cef29260,5139.55,success,2026-09-10 08:21:26.481357
4762,c81aeb95-08e8-45a5-bc1e-cb2b16bcb028,3350.57,success,2026-09-10 08:21:26.48379
4763,3013c7f7-42ae-4a22-afe1-cf69217184c2,13739.50,success,2026-09-10 08:21:26.485749
4764,bece882e-6a50-426f-9d47-9310fcad93be,1749.82,success,2026-09-10 08:21:26.487773
4765,f10afc6f-87f2-4cfe-8f86-4a30f822f405,8563.60,success,2026-09-10 08:21:26.490045
4766,2fde7144-a693-4a50-8751-079dbc4c9e5f,13453.67,success,2026-09-10 08:21:26.492144
4767,86968470-71be-4805-ba20-99b74902e033,17032.45,success,2026-09-10 08:21:26.494363
4768,3aa90ee3-b691-400c-81ac-4d011afef1d7,1748.98,success,2026-09-10 08:21:26.496554
4769,1c1e72fe-72c0-4bf3-ab0c-4bc47c8fcb89,17270.91,success,2026-09-10 08:21:26.498558
4770,4b9c2a1a-4d7b-4a2f-af50-7d377802a6d9,6028.59,success,2026-09-10 08:21:26.500541
4771,9f03b879-27c0-4cfa-8ede-1050af2440e7,7734.36,success,2026-09-10 08:21:26.502803
4772,d326e5a6-bebf-4386-8fad-d92c3577e979,9022.16,success,2026-09-10 08:21:26.504988
4773,c32e683b-cb3d-465c-9fe7-9ad85bc7653e,14131.46,success,2026-09-10 08:21:26.506999
4774,8339a5ca-681d-4085-a46d-6386321f1676,17127.97,success,2026-09-10 08:21:26.509026
4775,4d52755a-f0e3-4125-8c52-471f8e007f16,16519.96,success,2026-09-10 08:21:26.510951
4776,1258f0e2-e754-4db9-a305-5cb09664a7e0,10637.74,success,2026-09-10 08:21:26.513027
4777,5e737457-5b2a-4a4b-8982-a491d2b4559a,6380.91,success,2026-09-10 08:21:26.515045
4778,11980682-a18c-4fc7-ba19-6b568ab8b92c,19683.11,success,2026-09-10 08:21:26.517503
4779,8df8a861-2d61-402f-87c4-4051668836be,3422.41,success,2026-09-10 08:21:26.519623
4780,8c994c86-276e-4a50-9967-ddf8f14ab104,3408.30,success,2026-09-10 08:21:26.52177
4781,04fc34c1-6f56-48d5-b670-c341611a7968,9305.00,success,2026-09-10 08:21:26.523959
4782,adf17780-8ed2-4e49-8516-bab04179fa1c,6295.53,success,2026-09-10 08:21:26.525946
4783,df916a86-2496-4a25-a8be-1757ca719674,5397.97,success,2026-09-10 08:21:26.528166
4784,1e028438-d8a4-46ef-a866-f36b924e5fce,7392.89,success,2026-09-10 08:21:26.530136
4785,350f2134-af28-4a39-a526-218644e37309,2128.20,success,2026-09-10 08:21:26.532177
4786,571e918d-22fb-4758-af9d-2d8033563296,15099.54,success,2026-09-10 08:21:26.534491
4787,b22809f9-acf1-4c07-8575-b41c93e2775f,14328.75,success,2026-09-10 08:21:26.536707
4788,6f8f8748-8a3f-49c1-8fc3-2321dc49720b,2754.86,success,2026-09-10 08:21:26.538717
4789,4164e0ba-c72a-44ff-8d0a-393a87ab03ac,6135.93,success,2026-09-10 08:21:26.540927
4790,e8622b88-75ef-448b-85c8-b9361a747600,5757.87,success,2026-09-10 08:21:26.542867
4791,ebca168f-f091-4f36-b2b5-3a7f786c7191,499.56,success,2026-09-10 08:21:26.545066
4792,71e0337c-abe5-4b51-8fb0-2fd4f0d5a214,7819.54,success,2026-09-10 08:21:26.547011
4793,e8ad6660-b691-4579-af2a-d8f6143a31d2,10305.58,success,2026-09-10 08:21:26.548898
4794,410748e8-104c-4d17-a060-6b35f4796c5f,15759.30,success,2026-09-10 08:21:26.550809
4795,2bf0ec7e-24b5-4ea8-94c8-85925137dbdd,2726.71,success,2026-09-10 08:21:26.553002
4796,4747649e-7663-4424-8941-2ed48b3ac8f9,4904.76,success,2026-09-10 08:21:26.555026
4797,4c9b25b9-821c-4fc3-870d-a61d552bc738,11163.44,success,2026-09-10 08:21:26.557047
4798,b8e9f519-7624-4906-aa79-e60a3016b2b5,16365.73,success,2026-09-10 08:21:26.55879
4799,66f53291-be7c-438a-b821-f36d28e9a2e8,4889.69,success,2026-09-10 08:21:26.561069
4800,5dafb020-50ee-412a-ab86-c5d11e8a1434,18863.29,success,2026-09-10 08:21:26.563201
4801,419b0dfa-3005-4a14-93fd-5cd4e2751aea,7823.52,success,2026-09-10 08:21:26.565208
4802,977d9196-cf99-4dee-b450-8d3f24c51845,7709.43,success,2026-09-10 08:21:26.566907
4803,5cfc3318-2fdc-4c60-9ba7-9d41afbaa4b1,13862.35,success,2026-09-10 08:21:26.568837
4804,6fe12499-9059-4997-87c6-5be658b37dcb,19502.60,success,2026-09-10 08:21:26.571093
4805,c9ff9362-8c41-4848-92e4-c48beb209ffc,3169.54,success,2026-09-10 08:21:26.572873
4806,a3f972f9-0a7e-4d12-87a6-b74ff882308d,14365.34,success,2026-09-10 08:21:26.575113
4807,2690a316-f848-40f8-acbb-3bf37ff01794,1869.36,success,2026-09-10 08:21:26.577411
4808,2201bf06-d6e1-4edf-a018-916fe90efdfd,2285.39,success,2026-09-10 08:21:26.579403
4809,4ffab053-a6c5-4e3c-bc2a-4107d55f0f85,12282.88,success,2026-09-10 08:21:26.582841
4810,5d2e40f8-14cf-4247-9056-7d428711d3f1,10484.42,success,2026-09-10 08:21:26.584906
4811,5d2e40f8-14cf-4247-9056-7d428711d3f1,10484.42,success,2026-09-10 08:21:26.584906
4812,754de1ac-408d-4f45-bc87-dd135335d21d,17907.50,success,2026-09-10 08:21:26.587191
4813,c66041ed-4176-4733-a489-29d587e2fc9d,5631.12,success,2026-09-10 08:21:26.589089
4814,72b171a5-5506-4133-a452-e31b07a1da79,17366.86,success,2026-09-10 08:21:26.591069
4815,746ab179-ff5d-420c-9660-3a910bd7df02,12806.28,success,2026-09-10 08:21:26.592981
4816,58fed117-3b46-4b50-9ee3-1b56239ba15a,13543.78,success,2026-09-10 08:21:26.594971
4817,957635da-1dbd-4f6e-9138-a627385c81d2,19360.01,success,2026-09-10 08:21:26.597392
4818,6018e5df-1943-4b5c-b853-5131c7618d83,12981.66,success,2026-09-10 08:21:26.599583
4819,a54664f2-5061-41ac-9e48-bc5c46066c4c,12718.40,success,2026-09-10 08:21:26.601667
4820,196337fd-95f8-4a83-8ad7-ad02132e1b6f,3016.03,success,2026-09-10 08:21:26.603436
4821,5c9d27fe-cbcd-40d9-a79e-55fd1502e25e,2624.72,success,2026-09-10 08:21:26.605111
4822,0d574e28-fd9a-49c6-b3b9-813f04c52656,14465.08,success,2026-09-10 08:21:26.606787
4823,369f5fc9-4513-4919-8201-d763c59be031,1224.49,success,2026-09-10 08:21:26.608557
4824,f03fb010-1f9b-4065-95b5-0c088bcc4247,2774.28,success,2026-09-10 08:21:26.610433
4825,9a918426-f8ee-428d-8e84-e00d8d16d9ff,1433.66,success,2026-09-10 08:21:26.61246
4826,7e2bb5a4-9ad8-472e-af77-4ae2bb0df40a,11492.17,success,2026-09-10 08:21:26.614483
4827,173d2e2f-e519-463d-b254-561cb14136c6,9955.98,success,2026-09-10 08:21:26.616593
4828,ef1c7daa-84a3-4c1e-8ed3-78653e6dc42e,17388.06,success,2026-09-10 08:21:26.618682
4829,213c9037-76b9-46a6-bbd7-b0b58a4c008a,12839.15,success,2026-09-10 08:21:26.621049
4830,527928ff-845f-47f3-9b13-87875b1a3a3b,471.91,success,2026-09-10 08:21:26.623125
4831,b218a88e-71cb-40e1-b451-68f69fb7e5fd,861.26,success,2026-09-10 08:21:26.625273
4832,47530a0f-1b51-43e6-9c13-928e0acbb22d,1400.12,success,2026-09-10 08:21:26.627492
4833,b8e46481-137f-49dd-8f16-0890fbbc100f,16030.36,success,2026-09-10 08:21:26.629479
4834,5d961608-32ec-42a3-b485-b5a72b805b5c,3545.60,success,2026-09-10 08:21:26.631415
4835,250f6bd5-df28-4892-ac62-cdd3e6c178c7,13664.02,success,2026-09-10 08:21:26.633274
4836,92bfead1-a636-4292-8c5c-36cc6e95a4f4,1706.15,success,2026-09-10 08:21:26.635334
4837,9232a0ad-3569-4691-9149-00673a7eec32,16608.12,success,2026-09-10 08:21:26.637642
4838,6606a630-5291-46cc-8fec-ba93f95c2b41,7885.41,success,2026-09-10 08:21:26.639518
4839,6c1cc598-a8c7-438c-a0eb-7c90d9adb44d,6537.73,success,2026-09-10 08:21:26.641709
4840,6f93d07c-5e44-4585-9f3a-09b412e9864b,3126.71,success,2026-09-10 08:21:26.644089
4841,5117df3c-1adc-45b9-900c-089302a642ba,2860.58,success,2026-09-10 08:21:26.646303
4842,2cbdf3e8-8c2e-4d1a-b125-f048ec39eb94,14634.48,success,2026-09-10 08:21:26.648554
4843,c68fc91f-0ba0-4dde-97c6-e9d3f9f8d7cb,10404.96,success,2026-09-10 08:21:26.65087
4844,759fdc08-b420-4389-b19f-f1b4fe9e6bde,11066.29,success,2026-09-10 08:21:26.652926
4845,e89a8ae5-051c-43d6-a2e1-509a5ecc7b93,3000.65,success,2026-09-10 08:21:26.655131
4846,f2d6b870-4e28-4ede-bb06-8f95da12423f,4462.06,success,2026-09-10 08:21:26.657183
4847,993571ef-8584-4125-b933-00d52027dc83,1387.35,success,2026-09-10 08:21:26.659443
4848,c87808ad-a08f-4f5f-afe3-02282768b30d,3490.27,success,2026-09-10 08:21:26.661874
4849,037478b8-e464-4d54-b49b-8aace35d96ae,10359.39,success,2026-09-10 08:21:26.664009
4850,f1c80a3b-a017-4d73-b803-20cf6c553ff5,9950.16,success,2026-09-10 08:21:26.666252
4851,826be1d9-cef5-4b11-9708-9ffbd2794d2f,12429.23,success,2026-09-10 08:21:26.668734
4852,d9ac5656-dc70-4c9f-8633-478401e6def4,10893.25,success,2026-09-10 08:21:26.670779
4853,37a85570-fa79-40c0-84a8-0748ab6fa41d,14530.94,success,2026-09-10 08:21:26.672994
4854,8812d329-6ae9-45e2-b18f-6d91f11d18d2,13572.62,success,2026-09-10 08:21:26.675316
4855,8ed40c00-08e9-4bcd-906a-14220eeb9812,2092.72,success,2026-09-10 08:21:26.677277
4856,673034bb-1d1f-435c-895f-c774cd2c017d,1965.68,success,2026-09-10 08:21:26.67944
4857,f4942e0b-b1d1-44b8-a0f9-5516f990c24e,6584.60,success,2026-09-10 08:21:26.681619
4858,7ab4f73e-217f-4887-848e-ea95df79a0fa,9592.12,success,2026-09-10 08:21:26.683759
4859,7bae5074-5c28-44bd-8b09-696f79ded14d,10564.98,success,2026-09-10 08:21:26.686175
4860,944291a5-b85f-4468-9cd1-c7ffd5568656,17943.21,success,2026-09-10 08:21:26.688373
4861,75fc5542-bd87-4c48-a530-825761746878,5570.87,success,2026-09-10 08:21:26.690741
4862,d3f632d3-edb6-4377-8eaf-bf262b517edb,18945.96,success,2026-09-10 08:21:26.692982
4863,797794f0-887c-4bee-a953-842e908884b7,15671.35,success,2026-09-10 08:21:26.695119
4864,22da5954-da17-4345-9fd1-07585be05898,6644.12,success,2026-09-10 08:21:26.697081
4865,a9f4693b-0540-4346-8abf-913eee33b9f2,12784.21,success,2026-09-10 08:21:26.699703
4866,78893521-510d-4be4-acf0-8c2f1f3807d7,18058.83,success,2026-09-10 08:21:26.701859
4867,fff90ea0-772f-4194-8a73-9c75bd38c2b3,3952.52,success,2026-09-10 08:21:26.70399
4868,ea6980a3-e87e-44c3-8e61-7c47fe6e5872,11669.92,success,2026-09-10 08:21:26.706084
4869,e1c83ed4-3dc2-4aef-a50b-78dc05860671,3927.72,success,2026-09-10 08:21:26.708245
4870,f142b67c-2b48-4928-a6aa-0906b2a1a24d,3598.93,success,2026-09-10 08:21:26.710343
4871,11aa9a01-a4df-40a9-893b-d4e7160d849e,4241.18,success,2026-09-10 08:21:26.712646
4872,11aa9a01-a4df-40a9-893b-d4e7160d849e,4241.18,success,2026-09-10 08:21:26.712646
4873,4b430ef2-40a7-4c18-b7dc-4940b6b56cee,12602.83,success,2026-09-10 08:21:26.71498
4874,016140ab-16f6-49f5-9675-abc2ccb21f4e,16913.55,success,2026-09-10 08:21:26.716858
4875,9c4601af-6a67-464c-9f42-ad3af38dfc3e,6225.18,success,2026-09-10 08:21:26.71909
4876,dc1f1929-d76b-444e-942c-81d2b146bbd3,14349.35,success,2026-09-10 08:21:26.721085
4877,ebe628c8-d4c8-4ec3-8416-130300ba7a02,3858.52,success,2026-09-10 08:21:26.722955
4878,837bfa47-2e24-42b1-8cfc-d4c1dc6c292c,13772.94,success,2026-09-10 08:21:26.725135
4879,01b50f12-4036-46d8-82ab-662e2e931c2c,7985.26,success,2026-09-10 08:21:26.727125
4880,2f1497a0-0a4b-4b47-b88f-774786704e44,4774.19,success,2026-09-10 08:21:26.729521
4881,cf377ed6-2431-4625-9251-37f2d06bfa42,3493.49,success,2026-09-10 08:21:26.731679
4882,46b2b3f1-d84c-4b8a-8df7-14ba04ecfbb9,15222.92,success,2026-09-10 08:21:26.733554
4883,d278f110-97b0-46cc-b93e-773cce37e951,4630.02,success,2026-09-10 08:21:26.735463
4884,03355fe9-758f-4924-9077-d296d43541ed,3657.36,success,2026-09-10 08:21:26.737619
4885,f36a5d09-096b-4d1c-b6df-7cc9b3bb6a41,4272.69,success,2026-09-10 08:21:26.739722
4886,36c0ba84-772c-43ac-8018-71081dd911cc,5104.87,success,2026-09-10 08:21:26.741755
4887,ac2a9f0b-7a34-4cbf-a398-60d9fe580471,3955.27,success,2026-09-10 08:21:26.744123
4888,3ffa0e92-c44a-4797-93bc-90c700077dc9,10974.51,success,2026-09-10 08:21:26.746018
4889,6aa79130-432b-481f-9930-03e2f03d0614,5832.98,success,2026-09-10 08:21:26.748127
4890,6aa79130-432b-481f-9930-03e2f03d0614,5832.98,success,2026-09-10 08:21:26.748127
4891,62bfeca7-5791-41d4-ba6a-6a8111dfeb1a,2130.74,success,2026-09-10 08:21:26.750654
4892,5ed0dfd9-d035-4e04-b58b-992d5a5c25dc,10127.53,success,2026-09-10 08:21:26.7532
4893,82acc9aa-76df-40a7-8a23-5ec0689ab79e,868.03,success,2026-09-10 08:21:26.755289
4894,06944864-58e7-43c2-99a4-404b533761b1,1529.68,success,2026-09-10 08:21:26.757565
4895,23b96f4e-3e77-43b9-b31c-29bb0c662bc0,10419.99,success,2026-09-10 08:21:26.759895
4896,74b55586-0bf3-4880-8d69-35a8593ef439,15177.81,success,2026-09-10 08:21:26.761846
4897,e5cc9194-cc6a-4b94-b924-d5a9934f27e4,7733.68,success,2026-09-10 08:21:26.763878
4898,b1de2242-326d-46db-8feb-c41ae8013124,10928.37,success,2026-09-10 08:21:26.765981
4899,6b7f1b14-540c-4d73-a586-c2a39ec8494c,8875.99,success,2026-09-10 08:21:26.767994
4900,0d5311e5-26e4-4b2f-a290-783cdeb95c38,2786.95,success,2026-09-10 08:21:26.770194
4901,761f6fa9-b58f-4ee7-a21a-a8430ce86445,14663.98,success,2026-09-10 08:21:26.772193
4902,2008b1c9-1cf2-45d0-a9ca-f72576a98f67,4355.87,success,2026-09-10 08:21:26.774105
4903,ed294c43-bfa9-493f-8f57-c21630b0f214,1893.12,success,2026-09-10 08:21:26.77652
4904,15a335c3-13ed-40f5-bf01-d71e27bfebe0,1640.62,success,2026-09-10 08:21:26.779052
4905,1049c8fd-61c9-4041-bc27-72559b0bfa4d,14508.78,success,2026-09-10 08:21:26.781258
4906,c0395ca9-39c4-4aeb-a2b7-3539fee5222a,1936.72,success,2026-09-10 08:21:26.783402
4907,63af5f85-ac43-4710-b41e-8828d73b303b,18198.11,success,2026-09-10 08:21:26.785399
4908,13a88b3a-01be-4a79-81b5-b1534436ff54,3597.68,success,2026-09-10 08:21:26.787461
4909,ed6db67e-648c-457e-9198-0a7582d12370,6806.81,success,2026-09-10 08:21:26.789724
4910,b457157c-7d1b-4bcf-932a-ab6bccedfa9e,11606.11,success,2026-09-10 08:21:26.791945
4911,f269e007-df55-4bdb-b67a-0f8dce5d2ffe,19440.69,success,2026-09-10 08:21:26.794024
4912,e67a8be7-7d34-4f26-a032-bc00c4977d6c,12109.15,success,2026-09-10 08:21:26.79604
4913,663549e7-b143-4d4a-b07c-f039aa14f2ef,2986.26,success,2026-09-10 08:21:26.798299
4914,8239f2d9-be42-4c15-9aff-318ad2ce81a3,4367.75,success,2026-09-10 08:21:26.800285
4915,408e931f-8f6d-4b88-bed8-30180a9ad774,5601.42,success,2026-09-10 08:21:26.802535
4916,bccfbbfb-94a8-46a0-a2d5-9477e5bcf63d,11353.02,success,2026-09-10 08:21:26.804679
4917,6f470ff0-7806-44e0-b99f-092566457c47,13124.52,success,2026-09-10 08:21:26.806971
4918,6cf9d975-62e7-48ca-ac26-ca20f4e738e2,2911.21,success,2026-09-10 08:21:26.809415
4919,962c5f17-86b5-4b63-a89a-4c5b78e4c534,4544.71,success,2026-09-10 08:21:26.811782
4920,7b6b157d-c12d-4327-8a01-524a8af1322a,17702.82,success,2026-09-10 08:21:26.813935
4921,32202ed6-1c5f-4367-9ac8-36a820582c51,14901.18,success,2026-09-10 08:21:26.816276
4922,1fae5a20-4aae-4ab6-910e-7b44722494d1,10272.17,success,2026-09-10 08:21:26.818393
4923,bea7e996-5619-4ee0-9c35-5fd00a841177,7009.92,success,2026-09-10 08:21:26.820804
4924,8e518df6-ffa0-4173-843e-069902e0790e,7240.20,success,2026-09-10 08:21:26.823162
4925,9608d66e-3b57-469f-92db-4f01179293bc,9664.72,success,2026-09-10 08:21:26.825406
4926,d0d25404-6c81-4b6e-ad04-fe910d11fe60,7238.93,success,2026-09-10 08:21:26.827505
4927,290c52a6-d791-4af8-be7d-ca1558897223,1999.58,success,2026-09-10 08:21:26.829772
4928,573ccef7-1c9b-4385-9650-fda3827a1940,18975.54,success,2026-09-10 08:21:26.831907
4929,c6b80293-3a68-4d7b-b5b4-1b931e4fc4c6,8976.10,success,2026-09-10 08:21:26.834172
4930,59353251-f251-45a6-82d2-92ead914bdd0,10429.42,success,2026-09-10 08:21:26.836259
4931,94aab8e4-a1c1-465e-b203-03a8ad205139,16960.66,success,2026-09-10 08:21:26.838263
4932,70ed3e73-06d6-4e0b-9d50-d3c0bf6a78ad,17432.11,success,2026-09-10 08:21:26.840496
4933,76130158-b8b5-430e-91ee-b0b859f32be7,18740.66,success,2026-09-10 08:21:26.842693
4934,62d4b28f-2879-4998-9c31-96c66a34feae,17850.54,success,2026-09-10 08:21:26.844978
4935,671bdb8b-ad2e-4619-91a7-0dabb39d9d32,15056.68,success,2026-09-10 08:21:26.847061
4936,812bd4e9-0eb1-47b1-9512-58196b2742fa,5844.53,success,2026-09-10 08:21:26.849049
4937,8d30b5fd-a231-484d-a68a-1ecc9e7078ec,7229.41,success,2026-09-10 08:21:26.851041
4938,d8bf5bc8-3534-4f13-a518-442b469e74b1,5531.51,success,2026-09-10 08:21:26.853129
4939,44b32d64-7645-4844-838c-c3541b1a1318,12629.82,success,2026-09-10 08:21:26.855247
4940,bb933e51-daa5-4f22-a868-63cd177742cb,19606.36,success,2026-09-10 08:21:26.857422
4941,11903c27-b8ce-45cd-b3c4-fee0e995431f,7342.33,success,2026-09-10 08:21:26.859817
4942,5992bc9c-5920-4733-ac29-089230836a9a,2512.97,success,2026-09-10 08:21:26.862005
4943,06c0aa86-38a3-49b3-a392-efac41988e83,13588.58,success,2026-09-10 08:21:26.864257
4944,d810595d-efbf-45c3-9535-f701c791c168,62.83,success,2026-09-10 08:21:26.86648
4945,989191cc-f01d-4e11-bcd3-ce1e8e3702a6,18211.79,success,2026-09-10 08:21:26.86868
4946,ed061e06-6200-4b62-aa68-4878b821675e,18003.85,success,2026-09-10 08:21:26.870824
4947,b219bf4d-eef9-45b2-80a3-e274edf13225,15252.58,success,2026-09-10 08:21:26.872788
4948,d7f1c926-f44b-4b8e-87d0-1e4f2465db00,3836.25,success,2026-09-10 08:21:26.875052
4949,5841dfe3-0b33-4ad2-ad81-8d2fb02defc7,17980.84,success,2026-09-10 08:21:26.876952
4950,963e4440-b5a6-4aeb-aaab-0c541a1d5ddb,8199.68,success,2026-09-10 08:21:26.879146
4951,13612180-18d7-41f7-b3a2-5f30046f2b0f,1125.48,success,2026-09-10 08:21:26.881392
4952,791df1a0-6bdd-41ef-8eda-21d5bda6e61f,18432.61,success,2026-09-10 08:21:26.883384
4953,d8380a4b-76a7-42e8-8662-34ab9331fcad,2155.45,success,2026-09-10 08:21:26.885507
4954,a877c5b9-22e4-496d-bef2-1f247c91eb70,7217.52,success,2026-09-10 08:21:26.887704
4955,58e21b57-b566-492c-a0dd-4de9a20174b4,5984.45,success,2026-09-10 08:21:26.889924
4956,f4182984-d3b6-4182-9729-7637662cef90,11105.05,success,2026-09-10 08:21:26.892124
4957,0b194077-b94b-43b7-83a3-ebe2c00757b0,13080.28,success,2026-09-10 08:21:26.894163
4958,d525a901-11a6-4fbd-9d8d-5de36f7f0623,17008.35,success,2026-09-10 08:21:26.896386
4959,5448691b-1c5d-436a-b0b1-947c406a0544,562.56,success,2026-09-10 08:21:26.898865
4960,9bc562d5-1ce9-49a7-9a36-882d97261af0,10087.07,success,2026-09-10 08:21:26.900895
4961,22dfecfe-ba5f-40a9-aed4-da10775af140,16229.89,success,2026-09-10 08:21:26.902974
4962,bfeaecae-1982-4b46-abb1-438717df4284,11442.62,success,2026-09-10 08:21:26.904946
4963,3ed6f0d2-8332-450b-9944-d9301edc023e,3699.89,success,2026-09-10 08:21:26.906978
4964,3c566139-0a28-4626-9bf9-4bd7fecec4de,12308.22,success,2026-09-10 08:21:26.909083
4965,aa1215c5-1ec4-4060-867a-ff20bc5315d1,13309.91,success,2026-09-10 08:21:26.911284
4966,8ecaa1d2-0f6c-49fb-bd7a-fc8f0301c8ef,10640.56,success,2026-09-10 08:21:26.913579
4967,bf5129c7-a728-406c-929a-c88e1ec3614b,9200.84,success,2026-09-10 08:21:26.915942
4968,9eeba74a-7447-45a9-b5e9-54c6df19c0bd,2365.83,success,2026-09-10 08:21:26.918238
4969,99054f16-1b7b-4c62-b25c-3152334d1b0a,7637.21,success,2026-09-10 08:21:26.920225
4970,9f76301a-e968-4718-9a9a-e56b9ffb90c1,13125.80,success,2026-09-10 08:21:26.922497
4971,fe0a5935-0696-45c4-a5be-135fd529315c,5413.36,success,2026-09-10 08:21:26.924773
4972,671c2ffb-549b-4abb-b41b-ef082164c95d,5382.02,success,2026-09-10 08:21:26.926797
4973,3f1841d1-0a23-463b-a976-8f3b0d378d3e,13145.26,success,2026-09-10 08:21:26.929175
4974,bed6f95d-d72a-41d9-b91f-6319d07965af,18906.85,success,2026-09-10 08:21:26.931334
4975,db5db0e1-e914-4113-81ea-07f7addda906,17423.29,success,2026-09-10 08:21:26.933557
4976,9b8a714e-d93e-45a8-b5c2-f5ca44b8edfd,10225.98,success,2026-09-10 08:21:26.935816
4977,cc2ac10e-c9cf-4e58-b987-c39a67907fb1,6080.71,success,2026-09-10 08:21:26.938007
4978,1a2e611f-56bb-4b1b-8531-4281dd7abfeb,4238.17,success,2026-09-10 08:21:26.940008
4979,4a3e9025-ae0e-4f6f-9fba-f533eca99f1c,7707.38,success,2026-09-10 08:21:26.94212
4980,57fdc600-8846-42f9-adb4-eef5893faabc,10911.63,success,2026-09-10 08:21:26.944143
4981,e3f1af64-8a91-4b4d-a06f-9b34e808cc04,1054.43,success,2026-09-10 08:21:26.946296
4982,0f16ebfb-78cd-4bff-8997-e0617cfeb7d6,19994.01,success,2026-09-10 08:21:26.949719
4983,888c2357-97cb-476e-a5fb-89cacf7207ff,16704.68,success,2026-09-10 08:21:26.952119
4984,49befe30-711b-45bf-aff2-d895062623fa,11340.79,success,2026-09-10 08:21:26.954468
4985,16eddf8b-8df9-42b1-a307-4adf0ecee2eb,10106.96,success,2026-09-10 08:21:26.956676
4986,a6e7d3ca-0588-4dc2-aa60-2f9eaa1dd7b7,6472.69,success,2026-09-10 08:21:26.958919
4987,6d920218-3231-4f7a-a9de-511c7b55f5be,11629.43,success,2026-09-10 08:21:26.960803
4988,007083d7-b849-4752-ac7d-8de19ca946d8,11148.78,success,2026-09-10 08:21:26.962969
4989,bbd94866-5001-4ef3-9545-a0cb010c6889,19267.45,success,2026-09-10 08:21:26.964915
4990,2f682a47-dd1d-4600-a1a9-24fbfa1447db,3793.94,success,2026-09-10 08:21:26.966954
4991,5d133fc7-a039-40be-9235-69bd140e85b5,8894.55,success,2026-09-10 08:21:26.969263
4992,70a77a9e-4c27-483b-9c75-b3c80716ac7b,2790.33,success,2026-09-10 08:21:26.971598
4993,af56de4a-20ac-47f8-9fa1-f91392e52f17,13151.24,success,2026-09-10 08:21:26.973601
4994,35835ada-20d6-4e5f-a706-e62563f7dfc1,10893.31,success,2026-09-10 08:21:26.975767
4995,bba72061-b5c5-4305-8963-9d286c3add56,3593.16,success,2026-09-10 08:21:26.977808
4996,49c1d4df-d640-4113-bc49-c852bf38d448,2027.02,success,2026-09-10 08:21:26.98005
4997,4173beb2-32eb-47e1-a2e2-10917dc28d3b,18033.27,success,2026-09-10 08:21:26.982297
4998,4217def2-a489-4624-af11-61ed0b057ee5,7682.16,success,2026-09-10 08:21:26.984491
4999,64ce8f46-f67a-411b-b46b-e7f6a2bdf49a,11277.31,success,2026-09-10 08:21:26.986734
5000,fda22d58-3695-469b-84cc-a0f6166756e9,12191.53,success,2026-09-10 08:21:26.988959
