ledger_id,transaction_ref,customer_id,amount,transaction_type,channel,merchant,status,created_at
1,8c8ac6d2-5761-4656-a1b5-90bb41701c3c,42,16311.07,debit,transfer,"White, Hammond and Myers",posted,2026-09-10 08:21:16.879534
2,b8572250-4d5c-4e64-8e4a-322f823751a1,100,2808.07,credit,transfer,Baker-Floyd,posted,2026-09-10 08:21:16.895186
3,9327c23c-8ac5-4b0d-a5c5-d444ec3f2183,192,13960.22,credit,transfer,"Bowen, Lara and Myers",posted,2026-09-10 08:21:16.897532
4,d4d915a0-e2ce-4765-a956-fed7f3be80b2,24,14636.52,debit,ussd,Pope-Garza,posted,2026-09-10 08:21:16.899576
5,ab4da9d7-2755-4571-b573-8c9908be03cd,43,10085.48,credit,transfer,"Miller, Hernandez and Ruiz",posted,2026-09-10 08:21:16.901679
6,8e87efc4-ca10-4776-a2ce-951c2fc57318,158,10755.53,credit,ussd,"Walker, Garcia and Joseph",posted,2026-09-10 08:21:16.903878
7,b15af175-8b86-4c85-8baa-bbf807eb16c3,187,10040.16,debit,ussd,Cruz and Sons,posted,2026-09-10 08:21:16.90581
8,8aca08cb-5ef8-4907-8155-9eb84508fdcc,78,17584.99,credit,ussd,"Cole, Mendez and Howard",posted,2026-09-10 08:21:16.907741
9,ac895eeb-e6c2-45c1-b1d4-c2b4e8994c41,11,9581.45,debit,transfer,Cox-Guerrero,posted,2026-09-10 08:21:16.909664
10,349c9e08-36d2-4927-8350-e2c432a91139,109,10585.20,credit,transfer,Dorsey Inc,posted,2026-09-10 08:21:16.91163
11,c59f89e3-bfe5-4c4f-864b-04479a14914a,118,16117.69,credit,card,Perez Group,posted,2026-09-10 08:21:16.913591
12,afda9a6c-f147-4883-9196-188ce802ac9b,163,14579.48,debit,card,Estrada LLC,posted,2026-09-10 08:21:16.915492
13,8ba2fab6-b897-4b5e-9853-fa862de26e6c,74,2738.94,credit,pos,Bender-Gregory,posted,2026-09-10 08:21:16.917431
14,4614fdf7-ee29-49ae-8c37-c5d74a3964ba,52,15959.86,credit,ussd,Fields-Murphy,posted,2026-09-10 08:21:16.919423
15,4dda77d1-ab3a-4fd8-96ed-4885be89af28,136,18820.39,debit,card,"Wyatt, Cameron and Russell",posted,2026-09-10 08:21:16.921479
16,d403a643-b99f-4b53-b39c-f650b1e0982b,153,4590.34,debit,ussd,Rogers and Sons,posted,2026-09-10 08:21:16.923376
17,d9d4f360-00f5-48fb-b852-47261dfe1520,65,1319.03,debit,card,"Christian, Zhang and Castro",posted,2026-09-10 08:21:16.925391
18,6c7f0037-be05-4de6-bc21-b5f00eb03713,104,19846.25,debit,pos,Gallegos Inc,posted,2026-09-10 08:21:16.927217
19,d8e1d9bd-c965-450c-9c9a-94c4c6fd5717,57,1654.71,credit,transfer,Scott and Sons,posted,2026-09-10 08:21:16.929252
20,c32d822d-e96d-4003-b18b-d888c2df2e42,60,6287.01,debit,transfer,Thomas-Bryan,posted,2026-09-10 08:21:16.931136
21,11f2709c-b762-4934-9800-a4a270ea168c,109,17272.22,credit,pos,Reeves-Wagner,posted,2026-09-10 08:21:16.93311
22,9a4ce238-d116-4297-a9b9-d2a60a968d50,73,4727.86,credit,transfer,"Scott, Walker and Cooper",posted,2026-09-10 08:21:16.935184
23,20c89299-5f81-40e5-975c-c494d5125523,143,18968.79,credit,card,Hall PLC,posted,2026-09-10 08:21:16.937045
24,afbec306-361d-40de-9e11-41bf79f40ae8,45,17487.45,credit,ussd,Ramirez-Green,posted,2026-09-10 08:21:16.939209
25,86eee955-e450-46cc-a516-de70f3756f31,149,17325.92,debit,ussd,"Huber, Bullock and Crosby",posted,2026-09-10 08:21:16.941203
26,acf5b603-c0fd-43eb-9152-8d69afd82327,129,17090.10,debit,ussd,"Cruz, Pena and Reyes",posted,2026-09-10 08:21:16.943195
27,060b1cd7-5187-443e-9173-0696ea382650,148,11221.19,credit,ussd,Burgess and Sons,posted,2026-09-10 08:21:16.945346
28,d6e70b0b-732b-472a-8493-2e16a3cbb80f,97,3958.36,credit,card,Holmes Ltd,posted,2026-09-10 08:21:16.946522
29,84cb2eb2-070e-4015-b923-e49586efb9e9,120,15011.14,credit,ussd,Jenkins and Sons,posted,2026-09-10 08:21:16.948408
30,8f810a52-f8ee-448e-bb4f-ab21eb94122c,39,19364.52,debit,pos,Moore-Lopez,posted,2026-09-10 08:21:16.950269
31,4be47de8-ec5d-46f9-a44d-528c7da4fec8,155,7354.41,debit,ussd,Fields PLC,posted,2026-09-10 08:21:16.952034
32,6d3d8f83-0781-48e2-9fc0-072d9f84172d,45,191.60,debit,ussd,Brown Inc,posted,2026-09-10 08:21:16.953916
33,15cfb57d-c65d-4b79-929a-d9b79c3e7100,179,7093.18,debit,transfer,Woodard-Buchanan,posted,2026-09-10 08:21:16.955896
34,48d09ea5-e359-485d-884b-70957dcf6808,130,18756.57,debit,transfer,"Parker, Wolfe and Brown",posted,2026-09-10 08:21:16.957875
35,7fad9539-01e9-4e58-830c-f2ad575171c9,103,7512.90,credit,transfer,Porter-Lane,posted,2026-09-10 08:21:16.959731
36,11a799d6-13de-4cdf-a9b8-193c4cb9e8f8,6,6684.31,debit,card,Thompson LLC,posted,2026-09-10 08:21:16.961605
37,bcf7ce55-a03d-45f0-bd6e-d16f02534065,179,19387.27,debit,transfer,White-Williams,posted,2026-09-10 08:21:16.963207
38,1690b59a-2b5b-44b8-84d8-408b1cd25383,187,14406.68,debit,transfer,Harper-Gross,posted,2026-09-10 08:21:16.964772
39,10987198-babf-4a78-908a-fd9ac8a5d585,90,8101.08,debit,pos,"Beltran, Mitchell and Miller",posted,2026-09-10 08:21:16.966839
40,a6d0b18d-e1db-4305-9f6c-1e0dabdfdf14,84,1651.48,credit,transfer,King-Christensen,posted,2026-09-10 08:21:16.968854
41,59806820-d88f-4be5-ae61-40572f556b8d,96,17868.41,credit,card,"Robertson, Ali and Robinson",posted,2026-09-10 08:21:16.970983
42,0452ab7e-09d4-4aeb-9a7a-2f8d627a4e83,58,8106.32,debit,pos,Torres PLC,posted,2026-09-10 08:21:16.972819
43,e8928bb7-96b7-4f3a-bd92-7e29d55e4875,121,14410.27,debit,transfer,Smith-Rodriguez,posted,2026-09-10 08:21:16.974769
44,9f72bdcf-34ff-4590-9f04-15a45bb08636,120,431.75,debit,pos,Richardson-Davis,posted,2026-09-10 08:21:16.976716
45,8c60b2a0-d4cd-4484-b9c5-be77eb85d0f2,131,18445.84,debit,pos,"Benson, White and West",posted,2026-09-10 08:21:16.978832
46,4939a076-e199-4608-b913-2183e1018f9f,143,3402.94,debit,pos,"Woodward, Adams and Daniels",posted,2026-09-10 08:21:16.98091
47,0893747d-c727-469c-8e8c-5e4cbc3f570d,78,13375.49,debit,pos,"Peterson, Ochoa and Wallace",posted,2026-09-10 08:21:16.982973
48,2efd5cf0-c789-4251-8511-9a294ef2450d,128,14786.24,debit,pos,"Mcdonald, Stanley and Macias",posted,2026-09-10 08:21:16.984928
49,06d1045c-4957-4cce-8cc1-24e09a06a21a,35,6343.59,debit,card,"Lynch, Carr and Martinez",posted,2026-09-10 08:21:16.986927
50,0cfa470b-dfe6-481f-8d66-491143e6c065,36,11219.87,credit,ussd,White and Sons,posted,2026-09-10 08:21:16.988752
51,e68c4986-dde3-4c69-aaad-31e09cfe7ce8,46,5878.29,debit,ussd,"Lucas, Caldwell and James",posted,2026-09-10 08:21:16.990782
52,48863e5b-dcdc-43ed-bbca-2c4bb6b52f19,200,17761.23,credit,card,"Farley, Villa and Skinner",posted,2026-09-10 08:21:16.992856
53,afc311aa-aae7-493b-871c-0446197fcf1c,104,1001.22,credit,transfer,Olsen PLC,posted,2026-09-10 08:21:16.994731
54,52123fb7-f4bf-4e13-913e-0eb682dd1076,62,10950.93,debit,ussd,"Smith, Mccarthy and Lopez",posted,2026-09-10 08:21:16.996892
55,8d2e8b38-f7c0-4ece-b858-a950a02ef8d2,59,19414.30,credit,pos,Thomas-Vincent,posted,2026-09-10 08:21:16.998933
56,3fd28ba1-4b23-4e39-b122-fd4934d974f1,116,13485.66,credit,transfer,Mays-Garcia,posted,2026-09-10 08:21:17.000655
57,cb9d6428-bb82-4793-b006-349e36cbef00,116,7039.74,credit,pos,"Pitts, Turner and Morales",posted,2026-09-10 08:21:17.002666
58,697ef835-b61a-4201-bf0a-da186efb9424,4,5339.65,credit,ussd,Cannon-Watkins,posted,2026-09-10 08:21:17.004361
59,c78c6920-f78a-4ab3-a126-a00621a9a6c9,189,6399.46,credit,card,Anderson-Garrison,posted,2026-09-10 08:21:17.005879
60,b17fc9fc-b720-4930-a015-dc43b78b973b,45,16480.59,credit,card,"Kim, Lowe and Gordon",posted,2026-09-10 08:21:17.007941
61,849a8275-4635-4527-a4e2-c52683f30979,168,11722.45,credit,pos,Sellers Ltd,posted,2026-09-10 08:21:17.009965
62,044b2a6b-eb76-44f2-a2f5-84458599c9b6,177,2991.93,credit,transfer,Richmond-Roberts,posted,2026-09-10 08:21:17.011952
63,421fe8ff-1c59-4fec-af0d-a19d0ba0a5eb,55,7703.74,credit,pos,Bowers-Moore,posted,2026-09-10 08:21:17.015038
64,d32b1cc0-5725-452e-bb14-318732642200,123,12601.95,debit,card,Frank Ltd,posted,2026-09-10 08:21:17.016998
65,5d64f90b-1675-4b98-a098-46037b13d049,167,15787.78,credit,pos,"Monroe, Allen and Soto",posted,2026-09-10 08:21:17.019187
66,73fa4aaa-64c0-4bab-ab4b-45fc3c4edb82,87,79.97,debit,pos,"Johnson, Wilson and Vazquez",posted,2026-09-10 08:21:17.021249
67,15a2ead6-9c78-4e68-8ab2-c100519000e3,72,10702.87,credit,pos,Hogan PLC,posted,2026-09-10 08:21:17.023089
68,6c03ca1b-af64-4a55-8337-1fdbb54d5c7c,89,1137.32,debit,pos,Stewart Inc,posted,2026-09-10 08:21:17.025135
69,9d93e3ea-1601-4ebe-a5e2-43683f416b4d,190,9220.87,credit,ussd,Hernandez and Sons,posted,2026-09-10 08:21:17.027024
70,ceb061ba-d7d7-4d8e-8007-c01f590bc993,84,571.55,credit,card,Salazar-Gentry,posted,2026-09-10 08:21:17.029
71,9624afa7-179f-4047-a477-18d59b6c0bc3,29,11793.89,debit,pos,Stevenson-Rogers,posted,2026-09-10 08:21:17.030963
72,3e071779-8b47-4dde-a948-04d134a5d9ec,35,19931.74,credit,card,Moss LLC,posted,2026-09-10 08:21:17.032844
73,6b58b150-2aa4-4f9b-a250-7af3cd7e4dcf,106,5004.11,credit,pos,Mullins Ltd,posted,2026-09-10 08:21:17.033893
74,b6fff1fd-73c0-410d-80e5-0d9689a9cc75,198,19215.70,debit,pos,Marquez and Sons,posted,2026-09-10 08:21:17.035682
75,47f24306-875b-4e32-bcec-734e8e6cf0b6,18,754.93,credit,card,Byrd Ltd,posted,2026-09-10 08:21:17.03763
76,230aa6a0-ea05-409d-af86-a0ecd64090ac,28,10104.51,credit,transfer,Nielsen-Roberts,posted,2026-09-10 08:21:17.03968
77,2afa29fa-e01e-4f0d-b5d2-7241182fe381,140,11027.98,credit,pos,Green-Jackson,posted,2026-09-10 08:21:17.044002
78,7dc747c1-f58a-400e-925c-6478c141b8ff,127,19759.17,debit,transfer,Hicks PLC,posted,2026-09-10 08:21:17.04579
79,c14d29b0-f4eb-49fc-bf19-cb01fcf51001,53,1721.15,debit,pos,Hanson Ltd,posted,2026-09-10 08:21:17.047694
80,d56ffb77-5112-4ee6-a334-226981389ca2,153,11657.84,credit,ussd,Pearson and Sons,posted,2026-09-10 08:21:17.049507
81,d732db19-db41-4e7c-a8a3-996ff0da43bb,60,10905.14,credit,pos,"Hale, Gray and Dyer",posted,2026-09-10 08:21:17.051572
82,bce7b7cf-23fa-419f-b9e4-994855667017,149,14986.77,credit,ussd,Thornton-Ramos,posted,2026-09-10 08:21:17.053457
83,dd1f2bca-3bf3-4007-9b6e-1f7f58b11d50,41,15050.65,debit,ussd,Valdez Group,posted,2026-09-10 08:21:17.05524
84,6e669067-9bec-4e3f-ada7-588cfaedf6a2,151,4019.12,credit,pos,Gonzalez Ltd,posted,2026-09-10 08:21:17.057285
85,5d9c04f4-dc70-47cf-8115-47608125b8d6,191,7851.67,credit,ussd,"Griffith, Reeves and Thomas",posted,2026-09-10 08:21:17.05915
86,5be7deed-91da-488f-bf10-74e2f782cee6,187,6173.48,credit,pos,Wilson Ltd,posted,2026-09-10 08:21:17.060972
87,e2c4dbf6-7e94-4b9c-9d5a-655f35234aee,127,16732.11,debit,pos,Bailey Inc,posted,2026-09-10 08:21:17.062848
88,c70937d8-e550-4b2e-a8c9-f77819b7eb8f,124,4188.57,debit,transfer,Lee-Allen,posted,2026-09-10 08:21:17.065698
89,b2672743-b426-4884-83e9-1cd6aa3792f5,125,12183.01,credit,ussd,"Wood, Brown and Jefferson",posted,2026-09-10 08:21:17.067975
90,ee1cd0f0-de0b-4c85-b603-fc34aca2a395,95,9767.16,debit,transfer,Berger Ltd,posted,2026-09-10 08:21:17.069842
91,a9230fec-62d6-406b-acbc-d9912e928ffd,102,11544.83,credit,ussd,Schultz-Taylor,posted,2026-09-10 08:21:17.071901
92,3beadde2-bb50-4b5a-929e-c4279f889fab,169,2836.12,debit,card,"Flores, Dominguez and Villanueva",posted,2026-09-10 08:21:17.073931
93,ec701692-6005-409b-9b53-a8c73fef8de0,118,8816.57,credit,transfer,"Hull, Smith and Obrien",posted,2026-09-10 08:21:17.076123
94,dca8b227-7f73-4405-9f96-bf78bd57f941,81,11924.46,debit,transfer,Whitney-Frederick,posted,2026-09-10 08:21:17.077961
95,e40b73ca-7094-41ac-b937-135687075188,23,3844.53,credit,ussd,"Wilkerson, Dean and Brown",posted,2026-09-10 08:21:17.080115
96,57761420-7998-48db-8b6d-c079028f1776,162,1279.78,debit,transfer,Lutz-Bowen,posted,2026-09-10 08:21:17.081882
97,cce43b50-f4e1-44dc-83d7-9d6b7de79176,158,17471.28,credit,ussd,Dalton-Johnson,posted,2026-09-10 08:21:17.083839
98,f59d1ba8-aaf4-4002-8a41-367230839e72,23,15125.92,debit,pos,"Lambert, Hartman and Keller",posted,2026-09-10 08:21:17.085952
99,9cb7b519-4d50-4eaa-a710-a8b2543fc8c2,135,8542.22,debit,ussd,"Cohen, Phillips and Kelly",posted,2026-09-10 08:21:17.088174
100,735a73aa-f68f-47a4-923a-f6286854d3e4,29,8569.58,debit,card,Rodriguez PLC,posted,2026-09-10 08:21:17.090132
101,4a09d614-0301-4e08-8e97-ce72b0811e26,26,3560.30,credit,pos,"Villa, Berry and Webb",posted,2026-09-10 08:21:17.092171
102,d9e23adf-6ed3-4a69-b554-edaf5f8b160d,110,18594.73,debit,ussd,"Howe, Kelley and Davis",posted,2026-09-10 08:21:17.094327
103,e2ea3c0a-da9b-49f2-af5e-2d0c7f5fabe4,99,1904.90,debit,transfer,Grimes-Lester,posted,2026-09-10 08:21:17.096278
104,51f07d31-b9a4-45a8-919a-c9d86c7b8334,75,9885.20,debit,pos,Hernandez LLC,posted,2026-09-10 08:21:17.098031
105,f12f983e-da11-4d99-8ef4-acde511a6cfe,168,16745.52,credit,pos,Turner and Sons,posted,2026-09-10 08:21:17.100062
106,cecfaebf-07f8-48a7-ac02-62f7ce33c536,104,12892.55,credit,card,Mendez Ltd,posted,2026-09-10 08:21:17.101869
107,3491ec08-d714-4807-aeba-8381329db544,20,12607.44,credit,pos,"Arnold, Burns and Jackson",posted,2026-09-10 08:21:17.103983
108,6701e320-0ca3-40c0-bd07-4415500fb44f,81,6995.74,credit,card,Matthews Ltd,posted,2026-09-10 08:21:17.105836
109,f336693c-b4e3-4017-8505-7260685b5000,143,8883.56,credit,transfer,Blair-Snow,posted,2026-09-10 08:21:17.107766
110,63641b23-6b5f-462e-93c9-5efb1b660d1c,123,9386.45,credit,transfer,"Sellers, Meyer and Norman",posted,2026-09-10 08:21:17.109887
111,1bd22a57-59c4-4654-80fa-29068d1196f5,65,5277.26,debit,card,Hughes-Flores,posted,2026-09-10 08:21:17.111816
112,421b5c0f-35ba-46a9-93af-3e05e226eea5,144,14924.63,credit,pos,Crosby-Harrington,posted,2026-09-10 08:21:17.113804
113,29b5abde-780e-4903-a202-71cd2e949b5a,172,6625.92,credit,transfer,"Chen, Rodriguez and Phelps",posted,2026-09-10 08:21:17.115951
114,0d2f9a40-5953-4b92-99b9-746e42f012ab,100,15373.58,credit,pos,Phillips-Byrd,posted,2026-09-10 08:21:17.11828
115,93b41d20-3b7b-4fbd-9c45-ae45da734969,95,9807.64,debit,card,Burch-Hernandez,posted,2026-09-10 08:21:17.120598
116,f3f1e060-e4d6-4b8b-ab88-456efa6a9c48,36,2565.61,debit,transfer,Ryan Ltd,posted,2026-09-10 08:21:17.122666
117,28fcce85-682c-4ff2-a3c0-c52469c1dd65,158,9508.10,debit,card,Potter Inc,posted,2026-09-10 08:21:17.124686
118,e897c555-9f9c-48b3-a2a0-a72ce0b38988,36,19708.55,debit,transfer,"Murphy, Wilson and Turner",posted,2026-09-10 08:21:17.12643
119,20440def-f324-40fb-b398-9ca36f397e97,2,13752.51,debit,card,Cruz Ltd,posted,2026-09-10 08:21:17.127893
120,e1fb62cf-6089-4cf5-9f69-d5b9db0a78e0,115,9097.98,credit,pos,Cook and Sons,posted,2026-09-10 08:21:17.129452
121,ffc87b0c-a4ab-44f6-9f6f-174288046b0b,123,4385.06,debit,ussd,Casey PLC,posted,2026-09-10 08:21:17.131185
122,4e916012-09af-4e06-a10f-ececb1bd2e7c,6,12568.09,debit,transfer,"Shelton, Jacobs and Hawkins",posted,2026-09-10 08:21:17.133084
123,945f0dc0-6871-403b-8e56-85514ded0aa8,64,3516.07,debit,ussd,Walker LLC,posted,2026-09-10 08:21:17.134927
124,4bbd4a03-fc9e-48d2-bcce-1d0bf9582301,175,18276.17,credit,card,"Marshall, Williams and Hall",posted,2026-09-10 08:21:17.137345
125,b6939a41-d4d3-4576-9969-db35d48ccd86,71,16041.20,debit,pos,Gentry Group,posted,2026-09-10 08:21:17.139178
126,9b8624c7-35e7-4435-a6b2-8a83c6879b6f,61,2129.07,debit,transfer,Guzman-Browning,posted,2026-09-10 08:21:17.141144
127,af8d2985-280d-41ea-a146-1ca2a5ad3b81,143,11315.37,credit,pos,Miller PLC,posted,2026-09-10 08:21:17.142775
128,92204008-8eab-4bcc-8e4e-68e99961bd9a,178,6773.68,debit,card,Williams-Mcdonald,posted,2026-09-10 08:21:17.143847
129,4a85d045-82cd-4fdc-8f78-9aedb9c635f7,51,18115.77,debit,card,Pena Group,posted,2026-09-10 08:21:17.145569
130,f40314ec-e1fb-4dfe-830f-dfc6cfd34db8,114,19263.57,debit,pos,"Wiggins, Harmon and Hall",posted,2026-09-10 08:21:17.147317
131,4e4fe94f-6c45-46ce-a594-0313356ca7e8,54,10462.26,debit,transfer,Bowman-Williams,posted,2026-09-10 08:21:17.149406
132,7782953d-edef-4702-81af-ac139878e87b,198,15109.21,credit,card,"Barber, Medina and Terrell",posted,2026-09-10 08:21:17.151589
133,d0be230a-9503-4ced-a0b1-14ac7b0b04e1,38,10127.73,debit,card,"Zimmerman, Boyd and Logan",posted,2026-09-10 08:21:17.153627
134,87963adb-8ee8-4aa5-b161-363197eb48a4,121,7011.77,debit,pos,Diaz Ltd,posted,2026-09-10 08:21:17.154724
135,9ff21191-6765-4d50-87c4-da1b58e52b87,68,508.81,credit,card,"Doyle, Friedman and Anthony",posted,2026-09-10 08:21:17.156737
136,be3a427b-67e0-462e-b345-6a8a6479a022,138,3268.67,debit,transfer,Jones-Wade,posted,2026-09-10 08:21:17.158621
137,1e8c3764-f95a-47df-a11e-51810c39aa79,7,7115.36,debit,ussd,Rush-Sandoval,posted,2026-09-10 08:21:17.160636
138,53e8949e-2658-4442-852e-efbc2be73173,121,14149.28,credit,ussd,Thomas-Hinton,posted,2026-09-10 08:21:17.162562
139,b61dc11b-d08a-4d59-8242-3b25c3960f54,140,14390.46,credit,card,Dunn LLC,posted,2026-09-10 08:21:17.163613
140,1908bb08-1e37-4106-bc5f-ed0dca8e620f,179,12734.06,credit,card,Clark-Vazquez,posted,2026-09-10 08:21:17.165667
141,16fa7cff-29c1-4061-82c3-10b169d76f74,137,5065.32,debit,transfer,"Cuevas, Lee and Johnson",posted,2026-09-10 08:21:17.16796
142,993311e7-8067-474b-b151-53a5fdae5879,133,7941.33,debit,transfer,Jordan Ltd,posted,2026-09-10 08:21:17.169934
143,23e4b2e6-c4f0-4c3d-9edf-744ed1d5a629,153,18060.63,debit,ussd,Williams-Peterson,posted,2026-09-10 08:21:17.171832
144,18a6c482-f583-4765-9e5a-7cd67c5a09d5,81,11000.47,debit,card,Villanueva Inc,posted,2026-09-10 08:21:17.173612
145,84c28e81-a1df-4ebb-9891-efa102f98c21,105,15104.78,debit,pos,"Leon, Ryan and Hinton",posted,2026-09-10 08:21:17.175703
146,0eb8a653-024f-4dcc-9c80-e14e060fcc1c,8,15407.10,credit,pos,"Adams, Gonzalez and Neal",posted,2026-09-10 08:21:17.177714
147,52b5dbe6-17de-458d-999f-f3cde2f65ca1,186,10941.99,credit,ussd,Davis-James,posted,2026-09-10 08:21:17.179609
148,63217f32-a493-4968-b2f1-d26be33fc9db,81,14966.04,credit,card,Waters PLC,posted,2026-09-10 08:21:17.181498
149,66500337-ba90-455e-abb1-40933b576af6,47,11306.46,debit,ussd,"Anthony, Crawford and Wilson",posted,2026-09-10 08:21:17.183581
150,0762f558-7109-4547-a3cc-702dc25068f3,55,17464.23,debit,pos,Brown-Pope,posted,2026-09-10 08:21:17.185638
151,5678fd81-91b3-46d1-9840-f4f1e59798a3,144,9774.47,debit,transfer,"Morris, Watson and Manning",posted,2026-09-10 08:21:17.187725
152,8159f2de-84ff-4dae-a025-761dc12a4026,15,5224.83,credit,card,Henderson-Hill,posted,2026-09-10 08:21:17.189833
153,2c92deb9-ea6e-4b92-ab29-3b68958ae42f,23,12794.96,debit,pos,Rice and Sons,posted,2026-09-10 08:21:17.191694
154,91a26e1a-644b-4332-be8f-ab7b7a3267fa,60,400.57,debit,pos,Clements-Carter,posted,2026-09-10 08:21:17.193846
155,8cd8e42f-8172-4026-880d-a425add093a0,99,437.02,debit,ussd,"Brown, Allen and Morris",posted,2026-09-10 08:21:17.195874
156,56fd6d75-e71a-4e66-b6f2-e2ef0c0ccdc9,32,9385.19,debit,card,Beck Ltd,posted,2026-09-10 08:21:17.197714
157,ced14080-a963-4435-8b12-981e8aba8ace,59,9212.98,credit,transfer,Jacobs PLC,posted,2026-09-10 08:21:17.199984
158,726fc76a-16ec-4c12-9b20-82c7b5740622,196,2579.20,credit,transfer,"Smith, Watkins and Jackson",posted,2026-09-10 08:21:17.203669
159,bd576668-968d-4b15-9ae6-90236de8a5cb,63,4608.65,credit,card,Clark Inc,posted,2026-09-10 08:21:17.205486
160,df33d169-72f0-4990-9e2b-03211b1929c0,128,4938.86,credit,card,Johnson-Wright,posted,2026-09-10 08:21:17.207611
161,c52cb41f-0de9-411f-b19a-7d952461f594,42,896.11,debit,pos,Patton Group,posted,2026-09-10 08:21:17.209522
162,d4a7a73e-538c-40a5-9773-566bea38a392,72,6521.98,credit,ussd,Ellis-Sawyer,posted,2026-09-10 08:21:17.211485
163,2e479f5c-647f-4e9a-9de0-f7fa80f6b066,122,8449.83,credit,pos,Coffey PLC,posted,2026-09-10 08:21:17.213516
164,ae403959-7ed1-460a-b0a5-9a99503ecb17,54,12661.00,credit,ussd,"Farley, Thompson and Smith",posted,2026-09-10 08:21:17.215944
165,96bf3fa7-2edb-404c-9a86-aa927d8d037b,171,596.41,debit,transfer,Blackwell LLC,posted,2026-09-10 08:21:17.217863
166,eb69196b-1464-40db-9fa9-4a4ba5f151ac,114,12631.55,credit,ussd,Campos-Flores,posted,2026-09-10 08:21:17.21946
167,55f50206-c737-4693-88ed-ecd6f64e3920,118,2061.63,credit,pos,Lynch Group,posted,2026-09-10 08:21:17.220884
168,b01d76a6-0248-40f9-a384-6de8219d6412,161,12877.11,credit,pos,"Logan, Garcia and Riggs",posted,2026-09-10 08:21:17.222572
169,1ce4aaa7-8879-4135-9094-b91ecb9c3d41,139,12458.90,debit,transfer,"Ware, Jackson and Smith",posted,2026-09-10 08:21:17.224647
170,a31b7fa6-29ad-435c-993e-e02762144340,9,8609.97,debit,transfer,Cook PLC,posted,2026-09-10 08:21:17.226838
171,3b28b837-9c85-442f-8c2f-74e435f8c6a0,18,8931.88,debit,card,Henderson-Gibson,posted,2026-09-10 08:21:17.228845
172,cff9c217-e7f5-4f0f-9a0f-8a776a083d1d,136,8463.18,credit,ussd,Navarro-Ford,posted,2026-09-10 08:21:17.230895
173,fb5e1e2e-e20c-42f7-b14b-b597b2604108,21,2491.25,credit,ussd,"Kim, Blair and Bryant",posted,2026-09-10 08:21:17.233119
174,cc5cbfdf-5a18-48a1-8ab8-1ad8e676febd,174,8689.10,credit,ussd,"Anderson, Richmond and Colon",posted,2026-09-10 08:21:17.235141
175,e4e5a8cf-66f0-4e06-94db-f8eb59a572cb,73,2729.71,debit,ussd,Gardner-Hardy,posted,2026-09-10 08:21:17.237074
176,28de53e1-2381-4121-ba6d-e390f75f6b7c,150,18819.84,debit,ussd,Cowan-Dudley,posted,2026-09-10 08:21:17.239023
177,a1bd49a5-044f-4577-8bc2-80313b6beaad,166,16968.18,credit,transfer,Nelson-Kirby,posted,2026-09-10 08:21:17.240892
178,ec8dacf5-f8f8-45bf-a8e8-66f73793e6d3,187,1677.11,debit,transfer,"Hart, Daniels and Wood",posted,2026-09-10 08:21:17.243589
179,f96e8e3e-fce7-495c-8023-2ec6b0187ccb,40,1533.94,debit,card,Smith-Romero,posted,2026-09-10 08:21:17.245545
180,fd1c44d7-cc24-408c-b78a-b4cd61ab741c,125,4774.05,credit,pos,Jones LLC,posted,2026-09-10 08:21:17.247455
181,554d8227-922f-4849-b4d7-f088d6ed8747,110,13095.78,credit,ussd,Rivera LLC,posted,2026-09-10 08:21:17.249399
182,17632766-8d6a-4059-8afc-612c7eb43251,113,6468.55,credit,pos,Vaughn-Moore,posted,2026-09-10 08:21:17.251357
183,63997e50-abd5-4696-a443-54ca7ee7a046,175,8244.61,credit,card,"Lopez, Smith and Young",posted,2026-09-10 08:21:17.25252
184,51ea2f96-10db-42b6-a234-4b9629e3f955,44,3206.63,credit,card,"Walsh, Leblanc and Ramirez",posted,2026-09-10 08:21:17.254568
185,728ffbd5-23d0-47d2-ad89-aa165c768ec4,52,10477.70,debit,transfer,Coleman PLC,posted,2026-09-10 08:21:17.25556
186,d84d5107-d753-40be-a872-718d16720712,29,2741.73,credit,card,Cain Ltd,posted,2026-09-10 08:21:17.257358
187,1604aa72-c456-47a9-ad89-4655eb9ca1b4,51,15487.68,credit,ussd,"Mcdowell, Johnson and Banks",posted,2026-09-10 08:21:17.259712
188,eef8c902-7ac3-4978-ac72-00842cde33b3,121,2276.30,debit,pos,Velez-Taylor,posted,2026-09-10 08:21:17.261736
189,8bae738d-e78e-47fe-92ec-41ffb8f2b135,8,8866.07,credit,ussd,Sanders-Peterson,posted,2026-09-10 08:21:17.263678
190,b2d1088c-6255-4686-a272-cc37849ebc6b,93,8125.44,credit,card,Wang Inc,posted,2026-09-10 08:21:17.26559
191,7be791bf-9eba-4373-8812-54399777c306,46,8319.54,credit,pos,Edwards LLC,posted,2026-09-10 08:21:17.26738
192,48a61cc6-bac1-4b09-ae4f-468b377e11b4,147,14170.87,debit,transfer,Nguyen-Boyd,posted,2026-09-10 08:21:17.269478
193,1ef168b3-958b-4b0e-af4a-af765dfb6803,95,11926.08,debit,ussd,Gutierrez and Sons,posted,2026-09-10 08:21:17.271303
194,ab245178-0e85-4544-ac15-0950ac43a991,164,15945.61,debit,card,Morris Group,posted,2026-09-10 08:21:17.273132
195,dc4a9c86-a21b-48ad-a899-2427889d4d49,116,16279.85,debit,pos,Everett-Perez,posted,2026-09-10 08:21:17.275169
196,7a02f0ac-dddd-468b-9690-5f16fd34dfe1,130,13505.33,debit,card,"Kane, Bonilla and Clark",posted,2026-09-10 08:21:17.277213
197,f87c9dfb-ea5e-4e74-8421-141d7066a7d9,162,10686.21,credit,card,Mccall LLC,posted,2026-09-10 08:21:17.279126
198,ce606dbd-587a-4a74-a376-43cbaad93daa,114,14305.40,debit,pos,Smith-Coleman,posted,2026-09-10 08:21:17.281129
199,754193b5-8ec3-4167-8eda-612abab2560e,73,6024.76,debit,transfer,"Holt, Williams and Rivas",posted,2026-09-10 08:21:17.283135
200,ea1c007c-a34d-4d34-bb4d-21d4387a3195,36,9312.70,debit,pos,Reid LLC,posted,2026-09-10 08:21:17.284919
201,209a327c-09b8-44bb-8f54-3226288d0772,149,16452.55,debit,transfer,Ford-Hendricks,posted,2026-09-10 08:21:17.286121
202,5666ea1f-5d85-49d2-80b3-f5cbc528e1da,52,760.31,credit,transfer,Jennings LLC,posted,2026-09-10 08:21:17.287956
203,698437bc-a303-46f9-b62c-ddc764f4aa3b,150,2560.42,credit,transfer,Green Inc,posted,2026-09-10 08:21:17.289948
204,f3cbea8d-4807-40ae-be4d-9f8ac56a29b2,107,5008.27,debit,transfer,Schultz and Sons,posted,2026-09-10 08:21:17.291779
205,ad0f9e66-24cc-450e-beda-dfb0d443dbe2,10,12832.65,credit,transfer,"Evans, Ford and Garcia",posted,2026-09-10 08:21:17.293836
206,2e941f35-539d-4477-bcfc-c0bc11e7225d,27,4589.16,credit,card,Medina and Sons,posted,2026-09-10 08:21:17.295631
207,bc45a872-511f-4720-bee1-b05407baca83,136,7992.75,credit,transfer,Smith and Sons,posted,2026-09-10 08:21:17.297544
208,2f221000-9bb4-4da1-b221-d479799bf258,81,10073.42,debit,pos,Gomez LLC,posted,2026-09-10 08:21:17.299369
209,35d2110d-f1f4-4111-b806-3172efd3ccc4,163,254.31,debit,pos,"Patterson, Luna and Cross",posted,2026-09-10 08:21:17.30153
210,58a3dc90-7eac-4c48-a2eb-af8272163cea,97,5936.85,debit,ussd,Lopez LLC,posted,2026-09-10 08:21:17.303336
211,17c86b22-7e16-4724-91bf-ee9300b9bd5c,199,15614.40,credit,card,"Hall, Simon and Deleon",posted,2026-09-10 08:21:17.305439
212,b6520081-7d67-4246-84c6-0be46caf9978,115,16451.33,credit,pos,Brennan and Sons,posted,2026-09-10 08:21:17.30734
213,d5863989-3777-4b60-9100-9a0e37be4171,110,17526.98,credit,ussd,"Jackson, Moore and Chavez",posted,2026-09-10 08:21:17.309581
214,1af6d053-57b3-4783-9220-0b5003e20276,80,14239.73,credit,transfer,Gomez-Miller,posted,2026-09-10 08:21:17.311708
215,ac39faa1-8aff-4aa8-8514-f5747aad7f3f,155,15260.01,debit,ussd,Turner Ltd,posted,2026-09-10 08:21:17.31355
216,e919459f-571a-4540-8599-bed62e2e1f95,32,4472.22,credit,ussd,Gonzales-Cruz,posted,2026-09-10 08:21:17.315518
217,4e4e44be-f1dd-4cb8-848e-ea5edb5908fa,43,14795.77,credit,pos,Taylor-Li,posted,2026-09-10 08:21:17.317382
218,07966ad2-dcac-43a0-bd88-6121cef25f38,67,13970.10,credit,ussd,Shelton-Holland,posted,2026-09-10 08:21:17.319365
219,5178fe17-0f40-4750-9366-19de7e359cee,118,13092.60,debit,ussd,Porter Inc,posted,2026-09-10 08:21:17.321184
220,57860368-2eb2-41aa-a036-07cb487fe62c,183,13086.56,debit,pos,Brown-Ramirez,posted,2026-09-10 08:21:17.323282
221,4db3e2e8-7baf-4093-9d13-4614b695c0c1,159,5395.16,credit,card,Bauer PLC,posted,2026-09-10 08:21:17.32514
222,768bd58b-8f5f-4de7-99c6-26d2fb3c7af2,76,928.31,credit,pos,Gardner-Walker,posted,2026-09-10 08:21:17.327083
223,8e4543b8-be0d-4d7d-9fae-6b6072ce2e16,134,8487.77,credit,transfer,Adams Group,posted,2026-09-10 08:21:17.328909
224,22188e42-0137-4869-8a29-d54c0ccc8af6,71,7969.77,credit,card,"Hernandez, Jennings and Anderson",posted,2026-09-10 08:21:17.331035
225,be554633-dcaf-4773-bee3-bc19dea5ac89,192,15983.14,debit,ussd,"Maxwell, Copeland and Williams",posted,2026-09-10 08:21:17.333268
226,c98365db-3310-4e94-aa9c-21a11c181273,56,4746.86,debit,pos,Chapman-Livingston,posted,2026-09-10 08:21:17.335342
227,edbaca22-9a60-4953-8975-3ce8c6351f45,43,18226.22,debit,pos,"Mason, Rhodes and Gutierrez",posted,2026-09-10 08:21:17.337449
228,8df2f567-3ff9-4977-a919-224095c3cf9f,75,19628.60,debit,transfer,Wallace PLC,posted,2026-09-10 08:21:17.339375
229,8ba75d72-88eb-4e73-8b14-028e5b92b7ba,72,11764.94,debit,transfer,Cox LLC,posted,2026-09-10 08:21:17.341145
230,c52e8816-e71b-40e5-b91d-ead5fe663e52,77,15036.62,credit,pos,Barrett-Oliver,posted,2026-09-10 08:21:17.343192
231,5677c20b-c9d8-4fd7-85b6-2083f6e2b76f,18,4081.55,credit,ussd,Meyer-Holmes,posted,2026-09-10 08:21:17.34521
232,73b141cb-6f9a-4077-8f28-3956e44ac9d2,151,2379.61,credit,transfer,Mcdonald-Montgomery,posted,2026-09-10 08:21:17.347156
233,3bce883c-7af5-4aa4-a60c-b1595a5dd736,187,2661.32,debit,pos,Scott-Schultz,posted,2026-09-10 08:21:17.349114
234,e3f25a6d-dbe6-414d-b8b0-af72e06f211a,155,1265.73,credit,transfer,Thompson-Anderson,posted,2026-09-10 08:21:17.351176
235,2dcd7bdb-d600-4f83-b3be-7c67c6aa3451,152,6675.80,debit,transfer,"Mckenzie, Smith and Davis",posted,2026-09-10 08:21:17.353264
236,38a8c3b3-1b09-4e1f-9a1e-9a307485ba29,117,1328.44,debit,card,Peterson and Sons,posted,2026-09-10 08:21:17.355141
237,55a318fc-d43c-4b34-ad84-7b6c4a53fdfe,46,941.45,credit,transfer,Stevenson and Sons,posted,2026-09-10 08:21:17.357064
238,b9fd9fad-9f1b-46cb-aa6f-60f47c66be87,165,12398.08,debit,pos,Johnson Inc,posted,2026-09-10 08:21:17.359027
239,cfcc78fb-509f-4a6b-9813-937617caf0c2,29,18385.38,debit,ussd,Hood Ltd,posted,2026-09-10 08:21:17.360906
240,d2e71344-feef-4c5c-ae43-6b3a8c5ddceb,142,12079.56,debit,transfer,"Brooks, Lee and Ross",posted,2026-09-10 08:21:17.362894
241,46699b90-aefe-4199-9cf0-f17370abc36a,153,4391.86,debit,ussd,"Ray, Parrish and Fernandez",posted,2026-09-10 08:21:17.364982
242,23bb30f7-a722-40d0-bef4-59d685c51abb,147,9872.37,debit,pos,Jackson Inc,posted,2026-09-10 08:21:17.36687
243,2ece275c-bd2a-45a4-93d8-6f1ec54066b6,104,4031.75,credit,pos,Williams-Shelton,posted,2026-09-10 08:21:17.368777
244,e0326920-e652-4f21-a7b4-5bf6d9f66974,154,11382.92,credit,ussd,Brown and Sons,posted,2026-09-10 08:21:17.370517
245,7de9f367-d489-4f7a-a7a8-3be2dc44b9fa,88,4659.14,credit,card,Scott Ltd,posted,2026-09-10 08:21:17.372558
246,3ffc768b-49b4-4418-89c1-ef55cd918693,92,17732.64,credit,pos,"Pollard, Huber and Rogers",posted,2026-09-10 08:21:17.374519
247,9ff03164-06a6-4e0c-8689-681120f6570c,161,10807.79,debit,pos,Church-Wilson,posted,2026-09-10 08:21:17.376487
248,598ece7a-8fe0-4488-8f7e-e1e077a2a592,78,18739.00,debit,card,Wright-Collier,posted,2026-09-10 08:21:17.378334
249,53da58a8-6f37-41c4-9222-77af2e0c12a8,153,9457.82,credit,card,White and Sons,posted,2026-09-10 08:21:17.380244
250,c5bf5172-7554-44d8-a92d-094500fb745c,69,14266.74,debit,transfer,Mack-Ochoa,posted,2026-09-10 08:21:17.382426
251,14214814-56b7-4ce4-bdb4-2ccdc457f7fb,32,17760.36,credit,transfer,Stone-Shaw,posted,2026-09-10 08:21:17.384351
252,bb386fe2-0ba6-41ad-893b-af127404f47e,71,241.43,debit,card,Scott Inc,posted,2026-09-10 08:21:17.386233
253,2be32ccf-2620-4ed0-906d-703ce887d19b,186,15401.04,debit,ussd,Glover Group,posted,2026-09-10 08:21:17.388087
254,e3874421-bfa3-47fc-bca4-ffc2635050e6,80,6454.56,debit,pos,"Nash, Morris and Sexton",posted,2026-09-10 08:21:17.390172
255,a5a43397-444a-4dc9-a37a-997a0f450385,92,10590.70,debit,ussd,"Wright, Bradley and Summers",posted,2026-09-10 08:21:17.392647
256,991f6f61-d5fe-4910-bb22-d29537abaa22,126,6587.36,credit,ussd,Murphy Group,posted,2026-09-10 08:21:17.394603
257,3ee2cbb5-06d4-494a-89bf-fef889d8ccb7,141,17985.35,debit,ussd,"Hunt, Torres and Gomez",posted,2026-09-10 08:21:17.396829
258,8ed013f7-3ffc-4dea-9354-d33331a84cc1,82,8563.32,credit,card,Cordova PLC,posted,2026-09-10 08:21:17.398681
259,4afe734c-caaf-4bb0-b341-a4778acfbf53,63,14297.94,credit,pos,Martin-Daugherty,posted,2026-09-10 08:21:17.400711
260,96bdcc66-b77b-471d-b06f-5fe7ff2404ae,166,5844.06,credit,pos,"Herrera, Smith and Williams",posted,2026-09-10 08:21:17.402779
261,459dee7c-c667-4207-8def-77e22bab0c39,143,2252.37,debit,transfer,Anderson-Schultz,posted,2026-09-10 08:21:17.404713
262,2e296c61-af85-4e49-be25-48f1e21a571a,47,18830.27,credit,card,"Valdez, Johnson and Andersen",posted,2026-09-10 08:21:17.405942
263,c096f7cf-1c84-421f-a348-9acfe5dea55f,79,13296.66,debit,ussd,"Santos, Johnson and Roach",posted,2026-09-10 08:21:17.408221
264,f5f3b60d-d329-4d00-b533-4fcc430bbb63,31,15427.80,credit,transfer,Greer-Vance,posted,2026-09-10 08:21:17.410254
265,3ee5fd1c-c2be-446b-a302-6bb5f6bfe509,112,18733.65,credit,card,Fisher-Lee,posted,2026-09-10 08:21:17.412244
266,c8ceb6a6-1d95-4b2d-aaf2-31d2e626bd0e,175,2682.37,credit,ussd,Oconnell Inc,posted,2026-09-10 08:21:17.414155
267,8173cf7e-47be-4d4c-a453-a092f85694b2,100,8651.01,debit,transfer,Gonzales-Ayala,posted,2026-09-10 08:21:17.416053
268,2f172922-ecaa-457b-beb6-00c918ff0c81,77,12240.64,credit,transfer,"Wells, Sutton and Morris",posted,2026-09-10 08:21:17.418114
269,5d5d37f5-b075-4f91-9fe0-b4712f6e9bbb,59,8855.79,debit,transfer,Edwards-Gonzalez,posted,2026-09-10 08:21:17.420056
270,464c4974-e7a1-4095-8fd5-4b19ceb6d860,50,8105.66,credit,pos,"White, Bryant and Martinez",posted,2026-09-10 08:21:17.422183
271,74350620-fa39-4eef-b934-098b7e9cd704,135,9443.43,credit,card,"Jones, Ali and Parker",posted,2026-09-10 08:21:17.424252
272,27b7bd89-c958-424a-bd9d-21ac199f67f2,129,7671.01,debit,card,"Robertson, Villarreal and Carter",posted,2026-09-10 08:21:17.426302
273,fed6e78d-2ea0-4f68-8a51-36d1fa636307,127,1524.82,credit,ussd,"Herrera, Luna and Mccarty",posted,2026-09-10 08:21:17.428336
274,853df81a-778e-4ff1-9bdf-c2130fd5a702,150,11551.23,debit,transfer,Vega-Dunlap,posted,2026-09-10 08:21:17.430379
275,57659276-1f17-4758-a903-51334f54c893,114,13921.59,credit,card,Watson LLC,posted,2026-09-10 08:21:17.432305
276,47c17b9e-8204-436a-82fd-4ee2df6398a7,97,2608.76,credit,card,Figueroa-Johnson,posted,2026-09-10 08:21:17.434198
277,b115ab7c-44a8-4ec2-a44b-e99728bca368,155,2187.23,debit,transfer,Smith PLC,posted,2026-09-10 08:21:17.436087
278,bc2dae34-80fb-4af0-b13f-be984ad6a07f,143,3435.26,debit,card,"Fields, Chavez and Walker",posted,2026-09-10 08:21:17.43811
279,31f8d083-d541-43f4-97e0-428b0a7169ce,126,5197.87,credit,pos,Gibson PLC,posted,2026-09-10 08:21:17.440103
280,f89c1e5f-606b-4406-8ab7-c03b3f3cd280,163,2602.34,debit,card,Mason and Sons,posted,2026-09-10 08:21:17.442284
281,052f047b-89b0-4b32-b28c-bf094527ee10,110,13661.27,debit,ussd,"Thompson, Miller and Pacheco",posted,2026-09-10 08:21:17.444304
282,078de48e-5cb4-4ed3-823d-63733a9985ce,61,3814.46,credit,ussd,Reyes-Warren,posted,2026-09-10 08:21:17.446273
283,ce274c8a-debc-45c0-a642-39659d7d4345,57,8992.98,debit,transfer,Carter Ltd,posted,2026-09-10 08:21:17.448075
284,0f701360-635a-4f50-ae23-d8763a0eb6bb,150,17926.74,debit,transfer,Dunlap PLC,posted,2026-09-10 08:21:17.450213
285,1c6a321a-bbcd-4d61-9b62-eb0977e4bec0,106,10938.13,debit,ussd,"Hicks, Schwartz and Rodriguez",posted,2026-09-10 08:21:17.452234
286,0e273183-caad-4717-a143-e9ed747bd429,88,2318.46,debit,ussd,Bennett-Jackson,posted,2026-09-10 08:21:17.454183
287,59d65909-18ad-4377-8528-9aec707da950,96,222.40,debit,ussd,"Lucero, Hull and Richard",posted,2026-09-10 08:21:17.456369
288,b39ef473-bc44-4a55-9ecb-a3de170ed6ff,116,18604.72,debit,pos,"Hurley, Charles and Huber",posted,2026-09-10 08:21:17.458401
289,902a749b-ea5e-4286-a6bf-eeab1859b631,170,19575.15,debit,ussd,Thomas-Carter,posted,2026-09-10 08:21:17.460242
290,f7d29ec6-3167-401a-9ea6-b94607f3a0dd,194,16855.80,credit,card,"Vega, Moody and Perez",posted,2026-09-10 08:21:17.461552
291,ea804cec-4c94-4c59-b08c-629905676734,128,5153.24,credit,pos,Cox and Sons,posted,2026-09-10 08:21:17.463352
292,080e5e6f-c7ed-4028-9fa1-86e74a5cd32f,160,13085.34,debit,card,Barnett and Sons,posted,2026-09-10 08:21:17.465381
293,a9d3eb9c-b6d6-43db-8639-7f0ba5425b72,177,16879.63,credit,pos,"Black, Morgan and Gallegos",posted,2026-09-10 08:21:17.467377
294,b76cc55c-86d6-4913-a3d4-2b5ee8a61443,113,809.47,debit,ussd,Greene and Sons,posted,2026-09-10 08:21:17.46926
295,4dba468a-b9c4-41a3-bb5f-5ef21a7fccef,124,4191.64,credit,transfer,"Mosley, Robertson and Davenport",posted,2026-09-10 08:21:17.47154
296,28c940f7-9fb7-4a4d-bdc5-516f3a109618,44,3114.39,debit,card,"Harris, Williams and Morris",posted,2026-09-10 08:21:17.473644
297,b1c6fb76-3f90-42b5-bb1a-dade9f6964b4,120,16685.17,debit,pos,Sexton Group,posted,2026-09-10 08:21:17.475623
298,44bb0d19-2405-436e-ad91-d8d2cc551da4,160,15907.37,credit,ussd,Sullivan-Stein,posted,2026-09-10 08:21:17.477421
299,a6ee10c8-749c-4375-b696-878339fe2183,181,8841.84,credit,transfer,Fowler-Bowman,posted,2026-09-10 08:21:17.479745
300,41042492-dbbb-496d-becb-84147f7a4f73,152,8183.82,credit,transfer,Wilcox LLC,posted,2026-09-10 08:21:17.481599
301,af0bc776-937e-4eba-a365-d53b0ce38576,110,9514.13,credit,pos,"Smith, Hartman and Rhodes",posted,2026-09-10 08:21:17.48375
302,94ec3145-4195-4cee-938a-be81938bf6fd,53,7740.90,credit,pos,"Higgins, Fletcher and Bridges",posted,2026-09-10 08:21:17.485844
303,4dd394fb-5058-46fc-80ba-824bd730555b,103,15737.86,credit,transfer,Smith-Ramirez,posted,2026-09-10 08:21:17.487763
304,34347bf7-3f3e-47b1-ae69-14aa518363f7,4,10886.12,debit,card,Richardson-Miller,posted,2026-09-10 08:21:17.489803
305,a1489a38-70f3-4518-b852-88f239beed13,22,4371.62,credit,card,Carter PLC,posted,2026-09-10 08:21:17.491623
306,5a478bb9-1b18-453b-af34-895bc6f0cb9d,127,16283.36,credit,ussd,"Bennett, Mooney and Thompson",posted,2026-09-10 08:21:17.493663
307,6e47dc05-4cb5-45be-9d13-73b1f504230f,144,2189.80,credit,transfer,"Green, Johnston and Foster",posted,2026-09-10 08:21:17.495757
308,b67e3112-2a3a-4180-b9f1-2e86af957322,121,12740.54,credit,pos,Cruz-Scott,posted,2026-09-10 08:21:17.49781
309,60794abc-04db-4928-a428-9fe4ea0ac017,121,11301.51,credit,ussd,Daniels-Goodman,posted,2026-09-10 08:21:17.4997
310,5e6c7f70-dddf-413f-a76e-5e290df50d25,86,1042.55,credit,ussd,Hill-Obrien,posted,2026-09-10 08:21:17.501693
311,df406a46-32c2-4333-867d-cb171e35444d,74,2997.10,credit,pos,Burns Inc,posted,2026-09-10 08:21:17.503682
312,7bc3e3df-d2e0-4269-9ce5-91344b911232,190,2924.42,debit,pos,Ruiz-Chen,posted,2026-09-10 08:21:17.505566
313,892c6f4b-2ebe-4567-af9b-949a3adc6ac0,192,9831.07,debit,pos,Perry and Sons,posted,2026-09-10 08:21:17.507379
314,e6d493a5-235c-4557-a113-6e70afe1235b,37,10738.94,credit,transfer,Martinez and Sons,posted,2026-09-10 08:21:17.509337
315,4662609e-27f0-40ce-be60-86af8e738f55,168,11392.85,credit,pos,James PLC,posted,2026-09-10 08:21:17.511108
316,5de0255a-1d8e-4ea0-b2bb-d6112d492cb3,98,3021.63,debit,card,Cannon and Sons,posted,2026-09-10 08:21:17.513057
317,aaac2e72-affe-4d74-b9d2-ec2fe6025a11,184,11370.43,debit,pos,"Meyer, Jarvis and Sandoval",posted,2026-09-10 08:21:17.515062
318,0a01102a-c0d7-40db-8093-186dc9f9a8e2,184,5460.34,debit,ussd,Sherman and Sons,posted,2026-09-10 08:21:17.516839
319,47a0c6d7-26b7-485f-af5f-60b5c1209cfe,157,5584.83,debit,pos,Pierce-Rice,posted,2026-09-10 08:21:17.518852
320,8eaf94cc-d098-4f3f-9cd7-2edc561428f3,114,12056.79,credit,card,Hampton-Roberson,posted,2026-09-10 08:21:17.520731
321,b451b687-dff0-4e94-bf86-341e20090740,196,17602.83,credit,ussd,Clark-Carpenter,posted,2026-09-10 08:21:17.522702
322,a2643242-ab5e-46e0-bbc3-bc9c86cbadff,178,19764.24,debit,transfer,Roach Inc,posted,2026-09-10 08:21:17.524478
323,67dd1b53-290e-4a62-9276-0ffb56cdc5eb,93,16635.41,debit,transfer,"Newman, Browning and Edwards",posted,2026-09-10 08:21:17.526811
324,ed56ce98-bcfc-409f-a522-a28190bde090,178,13670.85,credit,transfer,Meyer-Gomez,posted,2026-09-10 08:21:17.528777
325,e90c3d3e-fdad-454d-a75a-733357b6f00a,196,12578.29,debit,transfer,Farmer Inc,posted,2026-09-10 08:21:17.530681
326,d2b4e49b-2761-4510-a9f4-8e18c87b2776,121,18665.17,credit,pos,Pittman Inc,posted,2026-09-10 08:21:17.53253
327,e8698f8f-8250-4839-8793-df237ea7a09d,148,5603.49,credit,card,Fuentes-Cole,posted,2026-09-10 08:21:17.534594
328,21f10b9d-6c2d-4b87-8800-34ef73c96825,165,1376.36,credit,transfer,"Bishop, Kelley and Anderson",posted,2026-09-10 08:21:17.536626
329,7093a69f-d414-4b29-9c0c-d3cd81e3aada,197,3160.31,debit,ussd,"Parks, Hahn and Edwards",posted,2026-09-10 08:21:17.538931
330,8a072d05-6c09-42cc-8d9b-40d48835d6d2,59,13553.66,credit,pos,Mcdaniel Inc,posted,2026-09-10 08:21:17.540784
331,458511ca-4d93-419b-996a-3b20b187101a,182,14167.37,credit,ussd,Jackson-Ross,posted,2026-09-10 08:21:17.542036
332,6e814d6c-68b1-4ab6-964f-8f127e03b92a,68,13232.15,credit,transfer,Taylor-Holmes,posted,2026-09-10 08:21:17.543954
333,578404f3-0da8-4e3c-9585-fc42aedbc6c2,120,12174.73,credit,transfer,"Porter, Marquez and Fowler",posted,2026-09-10 08:21:17.546033
334,3e61f6e4-520c-4001-bcb0-39f956dd552c,155,2508.03,debit,card,Hoover and Sons,posted,2026-09-10 08:21:17.547823
335,7d2a406d-321f-41d4-99b6-dc1b1bd063ef,40,9911.56,debit,transfer,Ferguson-Arroyo,posted,2026-09-10 08:21:17.550035
336,440ce5db-2291-4b95-91d7-4f70247a72bd,47,17156.31,credit,pos,Smith-Duncan,posted,2026-09-10 08:21:17.555021
337,40926c47-1b00-40ac-b3a6-42a84c7a4170,60,6881.38,credit,card,Martinez-Long,posted,2026-09-10 08:21:17.557146
338,990730e2-aa2b-4155-a453-db5fbbc9746e,161,17472.26,credit,pos,"Haley, Lucas and Mcguire",posted,2026-09-10 08:21:17.559222
339,77ef3583-ff59-4ff2-ad7c-d57d9a425643,136,19740.30,credit,card,"Mcdaniel, Randall and Irwin",posted,2026-09-10 08:21:17.561254
340,f0e278bf-3fd4-4770-9762-157a09ba0356,13,9337.54,credit,ussd,Rogers and Sons,posted,2026-09-10 08:21:17.563018
341,68890161-bcdf-4ebc-b481-65067d581b00,74,15133.21,debit,pos,Garner-Turner,posted,2026-09-10 08:21:17.565028
342,390c8ed6-0825-48f6-b6a5-71e6cb699a14,43,14790.58,debit,pos,"Bell, Henson and Scott",posted,2026-09-10 08:21:17.567173
343,d307012a-f4ae-43b0-a6a9-165cf187cafa,113,13258.18,credit,transfer,"Fox, Cardenas and Ramos",posted,2026-09-10 08:21:17.569203
344,0f6d042d-c9df-458b-a4c2-235b96105119,50,8097.36,debit,transfer,"Ramirez, Johnson and Higgins",posted,2026-09-10 08:21:17.571216
345,0c360c0e-4d60-4f26-ad82-3b26f5f0fa72,179,19845.01,credit,transfer,Cruz LLC,posted,2026-09-10 08:21:17.572996
346,3b57ff3a-e2fe-4215-beeb-9157e77b91be,155,19914.37,credit,transfer,Horton-Greer,posted,2026-09-10 08:21:17.574992
347,d1390739-2393-4e8a-92f2-beaaf590acfc,37,2929.97,debit,pos,Mitchell-Marshall,posted,2026-09-10 08:21:17.576875
348,5d3a3218-58be-4ba7-b349-804a9b356842,195,2361.97,credit,ussd,"Nielsen, Stevenson and Nichols",posted,2026-09-10 08:21:17.578951
349,6cfcae9b-e6e3-4d82-8eff-de6409ca5a50,55,6795.16,credit,card,Solis Ltd,posted,2026-09-10 08:21:17.580839
350,94d68d93-ae1d-4f2b-b6f2-1063b11c255a,117,14678.88,debit,pos,Brown and Sons,posted,2026-09-10 08:21:17.582758
351,ff3ad0fc-6a81-4fea-a5d2-135af68b05d7,191,17916.94,credit,transfer,Lewis-Faulkner,posted,2026-09-10 08:21:17.584967
352,0df53a53-acc6-41e8-946a-6677d8b1766a,175,5380.95,debit,ussd,"Allen, Hall and Stevens",posted,2026-09-10 08:21:17.586999
353,9e45fcf4-7e67-46b7-bb2b-9f6f1a862e45,38,440.86,debit,ussd,"Martinez, Jenkins and Harvey",posted,2026-09-10 08:21:17.589056
354,ada5dede-cb66-443f-abbc-1d4bf1c97232,151,12910.94,credit,transfer,Wilson-Hall,posted,2026-09-10 08:21:17.591021
355,520b28e6-2ec4-42fa-a36c-0bffe3e82834,97,13247.34,credit,ussd,Smith Ltd,posted,2026-09-10 08:21:17.592854
356,17517f8b-de25-4cf9-90b9-be74f373aeae,5,5136.30,credit,pos,"Gray, Smith and Santana",posted,2026-09-10 08:21:17.594837
357,56da88fb-5509-4326-9d54-f6498a6cbd1d,9,4114.49,debit,transfer,"Yu, Stafford and Reid",posted,2026-09-10 08:21:17.596907
358,426fbf57-7483-4ff0-a223-f37e1aafa280,96,2698.28,credit,transfer,Reid and Sons,posted,2026-09-10 08:21:17.598737
359,7bf41904-ad19-4468-bce9-7aafa2fc17e6,175,4750.92,debit,card,Hernandez-Santos,posted,2026-09-10 08:21:17.600698
360,4bbdce48-4dfe-4d23-bd84-5085e9be20c5,112,15982.73,credit,ussd,Cook LLC,posted,2026-09-10 08:21:17.60249
361,4267492d-cbd4-4dd7-9c49-cd4cae16592b,84,15551.92,debit,ussd,Davidson Group,posted,2026-09-10 08:21:17.604387
362,9d54f695-612b-41bb-8700-de21cf8568e7,178,19095.24,credit,transfer,White Inc,posted,2026-09-10 08:21:17.606261
363,5b2b6b18-0f9c-46b7-a319-f5287da14a1c,77,5830.57,credit,pos,"Willis, Gibson and Hart",posted,2026-09-10 08:21:17.608378
364,43c523b4-f6fa-4218-ae96-9c2eee04454a,173,11455.67,credit,pos,Morales-Tran,posted,2026-09-10 08:21:17.61069
365,20ff4de1-d595-484e-8db7-681f943ac049,191,4783.17,credit,transfer,Martin LLC,posted,2026-09-10 08:21:17.611689
366,1bd69e11-d196-42fd-91b1-f9aefe0b96ff,28,18962.98,debit,pos,Sosa-Owens,posted,2026-09-10 08:21:17.613849
367,bf0672f8-81b9-4149-923d-9b7e581db930,102,10532.89,credit,card,"Burton, Stevenson and Gonzalez",posted,2026-09-10 08:21:17.61613
368,43456f92-c92f-4bf6-9f80-438d6db284a6,162,1247.61,credit,transfer,Yang Group,posted,2026-09-10 08:21:17.617955
369,d3216bb1-0663-4df4-bf70-2b3782510daa,154,5969.93,debit,transfer,Huynh-Cooper,posted,2026-09-10 08:21:17.620021
370,3da7298a-a076-4954-9bc7-9639fa9aef63,74,3476.27,credit,pos,Alvarez Inc,posted,2026-09-10 08:21:17.621936
371,3d751a0c-321f-4028-9099-59c1d7143ade,124,14384.76,credit,ussd,Gordon and Sons,posted,2026-09-10 08:21:17.623896
372,d1c93364-7001-4242-958c-4006a090580a,174,6009.81,debit,transfer,"Lopez, Lopez and Roth",posted,2026-09-10 08:21:17.625171
373,9f4d2fbe-5079-42ee-bfb6-2e67f956dead,45,10699.28,debit,pos,"Hale, Johnston and Coleman",posted,2026-09-10 08:21:17.62723
374,b0402364-a237-46ad-ad18-c6abfd9052ed,83,13574.14,credit,ussd,Ortega Inc,posted,2026-09-10 08:21:17.628202
375,ebe4e4aa-c556-46ae-b1d7-cf0e752b0c61,39,18567.32,debit,ussd,"Reid, Graves and Ray",posted,2026-09-10 08:21:17.630379
376,5c510947-ca9a-424a-b714-75cd27e7b63a,139,15021.97,debit,card,Parrish-Jackson,posted,2026-09-10 08:21:17.632275
377,bb778285-7fc9-4303-9410-1127b678623b,12,14446.06,credit,card,"Taylor, Sparks and Gill",posted,2026-09-10 08:21:17.634412
378,2d349518-ed48-4deb-8083-26e39997effd,39,6750.94,debit,ussd,"Morris, Floyd and Meyer",posted,2026-09-10 08:21:17.636546
379,36cfe0e1-f2e5-4fbc-bb90-e2c3f52f4f2f,8,18568.92,credit,pos,"Parker, Thompson and Zimmerman",posted,2026-09-10 08:21:17.638578
380,decc00f3-0b41-480a-b242-a55755031209,158,292.04,debit,ussd,Beck Group,posted,2026-09-10 08:21:17.640411
381,c89f4bf4-39d4-4892-8a51-691e03bc5bf2,70,18735.92,debit,ussd,"Garcia, Gonzalez and Olsen",posted,2026-09-10 08:21:17.642669
382,6b5780a5-d1d3-4b8c-b754-965c6d20e32e,73,4003.19,debit,pos,Martin-Rogers,posted,2026-09-10 08:21:17.64462
383,f650a073-36df-4f84-9e25-3e4725fc5214,79,9602.35,debit,ussd,Wilson Group,posted,2026-09-10 08:21:17.646459
384,b36b95c5-c3f5-437e-83d6-7394d81de07e,80,13117.84,credit,pos,Young Group,posted,2026-09-10 08:21:17.648296
385,5fc9ad87-a943-4705-b0d1-7fd841808b31,10,10707.92,debit,card,Thomas LLC,posted,2026-09-10 08:21:17.65009
386,e71337b3-282b-4af7-a128-d9fd7a575d7e,16,2896.77,debit,card,Brady PLC,posted,2026-09-10 08:21:17.651976
387,fa689eff-74e4-4549-9677-4ddf4d006e8c,139,12043.92,credit,pos,Gomez-Smith,posted,2026-09-10 08:21:17.654047
388,8a7b10bd-bf64-48f7-ab8c-f9ad068542ca,126,13388.81,debit,card,Wheeler Ltd,posted,2026-09-10 08:21:17.655918
389,7d4b20b4-0641-4b68-9ecb-dce0662b770f,172,9531.08,credit,ussd,Baker Group,posted,2026-09-10 08:21:17.657907
390,80c82471-4c95-4170-845b-a827e73f30d9,56,6816.47,debit,card,Hoffman Inc,posted,2026-09-10 08:21:17.659698
391,7f64c909-94ed-4849-b185-68ff57949208,81,19456.70,credit,transfer,"Aguilar, Stanley and Duffy",posted,2026-09-10 08:21:17.661968
392,b099a79d-c262-44f3-914e-5feef3d9de5c,51,18675.35,debit,pos,"Miller, Powell and Thompson",posted,2026-09-10 08:21:17.664343
393,22dda347-e2a2-4a72-b1b5-69d6f92fffa1,120,3785.14,credit,pos,"Hansen, Coffey and Dixon",posted,2026-09-10 08:21:17.666451
394,f0d50ec6-f642-46e8-a8fc-cf9adf402a6e,197,5850.90,debit,transfer,"Smith, Murray and Rivera",posted,2026-09-10 08:21:17.668515
395,9debaf00-bd3d-4bbd-a37f-2205ec2cb336,37,3504.73,debit,pos,Logan PLC,posted,2026-09-10 08:21:17.670432
396,91564f10-4c4c-4c59-826a-1788fe91bf83,5,14358.74,debit,ussd,Cummings-Le,posted,2026-09-10 08:21:17.672345
397,708c137e-575b-4d5a-8b0b-c4342c945c63,60,8294.50,debit,card,"Murray, Russell and Reid",posted,2026-09-10 08:21:17.674405
398,288981d6-cc8f-4bed-8b23-c4cc85f08d03,47,14050.22,debit,pos,"Jackson, Campbell and Zamora",posted,2026-09-10 08:21:17.676475
399,85bb61f9-a5b8-415d-be5a-163c6e2e2b5b,58,15132.82,credit,ussd,Key-Hardy,posted,2026-09-10 08:21:17.678433
400,0853d987-596b-4221-bfeb-8823dd582673,198,2779.65,debit,pos,Taylor Inc,posted,2026-09-10 08:21:17.680336
401,d25d8e92-29e9-4579-8855-3b5163e4a8df,161,12829.79,debit,pos,"Ellis, Wilkerson and Walker",posted,2026-09-10 08:21:17.682524
402,df372417-52e5-4012-83cd-744e615e2d6a,65,7880.77,debit,ussd,Swanson Ltd,posted,2026-09-10 08:21:17.684562
403,296904e4-3290-4084-96a3-3d402f3c2ba5,191,973.93,debit,card,"Clayton, Gomez and Williams",posted,2026-09-10 08:21:17.686593
404,bcdbb69c-8077-4783-ab78-6437bf153a8b,93,14302.50,debit,pos,Hodges and Sons,posted,2026-09-10 08:21:17.688162
405,6d624ee3-18d6-45cd-b9f1-40f2cb471fe4,45,16183.63,debit,ussd,Nash Group,posted,2026-09-10 08:21:17.689947
406,ca7b70f1-6b66-4f83-bca7-5b6bb2f0d822,55,13639.27,credit,ussd,Johnson-Benson,posted,2026-09-10 08:21:17.692109
407,134c648b-3698-492a-9eaf-2b200b08a62c,177,6599.22,debit,ussd,Perry-Mcintyre,posted,2026-09-10 08:21:17.694375
408,0e7bd026-1f01-4e63-b1ac-f08c821f31dd,150,17671.01,debit,pos,Allison-Perez,posted,2026-09-10 08:21:17.696364
409,8bd6ad72-8411-4971-84b7-6ba117877a91,175,153.35,debit,transfer,Moore-Young,posted,2026-09-10 08:21:17.698681
410,3c141b29-a584-49a3-8cfb-57a6c7776871,26,4826.50,credit,ussd,Wilkins Ltd,posted,2026-09-10 08:21:17.700861
411,8046ebb4-7069-4f4f-97b8-852de07a7866,75,8718.06,debit,pos,Parker-Butler,posted,2026-09-10 08:21:17.702792
412,2755ebc0-075a-4fe3-a7c5-e5d4c84f964b,44,2709.36,debit,ussd,Terry Group,posted,2026-09-10 08:21:17.704576
413,9368d005-65a6-4e19-8085-9f884c0721a2,2,8193.22,debit,transfer,Crawford-Anthony,posted,2026-09-10 08:21:17.706577
414,adcaa929-f20b-4f1f-bad5-61da8b998f3e,190,6935.59,credit,card,Gonzalez-Harris,posted,2026-09-10 08:21:17.708628
415,c8f7d2d3-bcc5-49fa-914a-be7029ae9009,28,824.42,credit,pos,"Flores, Carter and Foley",posted,2026-09-10 08:21:17.710657
416,4b73d51a-0ebd-4df2-9b6f-086ec5c84cd5,93,12641.24,debit,transfer,Harrell-Shepard,posted,2026-09-10 08:21:17.712812
417,8a4f6927-88b5-4605-894a-6e1f2d6ebdc0,62,6280.97,debit,pos,"Elliott, Payne and Anderson",posted,2026-09-10 08:21:17.715144
418,767a98e4-0386-42ae-a05f-27a8de06a1ed,81,1822.68,debit,transfer,Sloan and Sons,posted,2026-09-10 08:21:17.717036
419,b9ac6832-99cd-4b0c-8730-ec5267f33d70,25,19101.06,debit,ussd,"Strickland, Silva and Turner",posted,2026-09-10 08:21:17.719034
420,dd3c7af7-5b4d-4023-8a8f-8be4a669ea55,193,19315.93,debit,ussd,Clements-Price,posted,2026-09-10 08:21:17.720929
421,625ca1f1-0837-405c-aafe-0f500be9c0c9,31,5947.74,credit,transfer,"Velasquez, Charles and Perry",posted,2026-09-10 08:21:17.722982
422,68f34ffb-6f68-4f4e-bc2e-49fb3e3da5ff,82,9190.39,debit,ussd,"Miller, Robertson and Joseph",posted,2026-09-10 08:21:17.725003
423,e0d54aa7-78e8-41eb-88e2-d28757838648,106,5170.30,debit,transfer,"Brock, Morris and Butler",posted,2026-09-10 08:21:17.726968
424,15de2f53-c740-4d40-8fd1-b167a445497e,104,14132.34,debit,pos,Manning Group,posted,2026-09-10 08:21:17.728836
425,9715c8dd-5027-4a07-94b7-9a61694e1ef8,171,19772.11,credit,transfer,Washington Group,posted,2026-09-10 08:21:17.729822
426,bf783635-4c67-4a89-bfbe-0b4081253555,197,13060.61,credit,ussd,Bailey Group,posted,2026-09-10 08:21:17.7318
427,d1190ca6-6727-4cef-93bd-fc3083f7e90c,173,1050.87,debit,card,"Best, Alvarado and Gonzalez",posted,2026-09-10 08:21:17.733815
428,df8dfc38-26d1-4119-a5dd-0c55419216ce,17,2926.00,debit,transfer,Grant-Lozano,posted,2026-09-10 08:21:17.735791
429,6085d66a-6b08-4678-b6cc-53e46b14152f,70,15740.23,credit,card,"Hutchinson, Short and Smith",posted,2026-09-10 08:21:17.737839
430,2e91c3b4-850b-41d7-94a4-e8f931781296,168,3757.06,credit,transfer,Henson LLC,posted,2026-09-10 08:21:17.739679
431,47899200-923a-41ca-8935-763a8d62d635,166,18133.92,debit,transfer,"Carpenter, Ross and Burnett",posted,2026-09-10 08:21:17.742134
432,3903b02f-8dfe-4027-a956-a0d6193f34e4,129,105.04,debit,transfer,Ochoa PLC,posted,2026-09-10 08:21:17.743952
433,0f4eff98-d196-4abf-9794-05e5a9e0b3bc,23,11251.85,credit,transfer,"Salinas, Duncan and Mcmahon",posted,2026-09-10 08:21:17.745898
434,455c98a2-1787-460d-b497-4722483e0eb0,29,19925.62,credit,transfer,Conrad-Anderson,posted,2026-09-10 08:21:17.747761
435,39492f72-8815-495c-bd7e-fd1dbe3a498b,80,12431.68,debit,ussd,"Gates, Kelly and Roberts",posted,2026-09-10 08:21:17.749723
436,5745c2a9-0886-4296-bd52-e46c00cd15f8,187,804.26,credit,transfer,Burke PLC,posted,2026-09-10 08:21:17.751537
437,9d350e79-0d18-451f-8f3e-d326440a150b,111,3316.23,debit,ussd,"Mays, Perez and Clark",posted,2026-09-10 08:21:17.753663
438,63656fa6-8f95-484d-8e97-b4a73a65a5fa,39,5664.63,credit,pos,Vasquez Group,posted,2026-09-10 08:21:17.755803
439,278a4d85-c526-44cb-b10b-cc12c511134d,14,19766.83,credit,ussd,Herring Ltd,posted,2026-09-10 08:21:17.757733
440,22453a7e-2048-41c5-a3f9-6e4d5217ad10,171,11953.94,credit,pos,Ryan-Caldwell,posted,2026-09-10 08:21:17.759734
441,4c620419-e204-45dd-94ae-b8897ea63497,46,17399.43,debit,card,"Hoffman, Torres and Munoz",posted,2026-09-10 08:21:17.761657
442,cee5ef6d-45b0-4ed6-aa88-e2b6a2c3b49b,127,3297.14,credit,pos,Gardner PLC,posted,2026-09-10 08:21:17.763141
443,3d0a336b-7029-4c6b-a782-8233a0148576,33,18035.29,credit,card,"Skinner, Berry and Olson",posted,2026-09-10 08:21:17.765247
444,545610bb-4c24-4a79-a035-774e046d6d57,199,170.29,debit,card,Richardson-Wilson,posted,2026-09-10 08:21:17.767458
445,c1d339d7-88ab-4912-8d5a-bfd80ce36aa0,79,7864.51,debit,pos,David Ltd,posted,2026-09-10 08:21:17.769336
446,8c6f0eda-bea3-4ef5-8da9-700c4aba7800,122,4905.25,credit,pos,Berry-Fisher,posted,2026-09-10 08:21:17.771431
447,6cffc860-3605-43a4-acac-674a845793b4,101,2518.55,debit,pos,Weaver and Sons,posted,2026-09-10 08:21:17.773788
448,09f4ba0d-7cd7-42e1-be7b-d0aedaf79cf9,25,1219.36,credit,transfer,"Manning, Bennett and Fletcher",posted,2026-09-10 08:21:17.776145
449,1268a895-609b-4cdf-805b-7147f3fba25f,18,12468.85,debit,card,Howard LLC,posted,2026-09-10 08:21:17.778192
450,a0926b3b-c49b-4e11-b25c-a0ede45bae7f,107,11455.62,debit,transfer,Fernandez-Kerr,posted,2026-09-10 08:21:17.780167
451,7064c5ab-35ba-46ee-8eb6-e95f6b7ca9f9,37,6532.16,debit,card,"Lee, Jones and Griffin",posted,2026-09-10 08:21:17.782316
452,b5e90763-6718-4e7a-a8c0-d97c0dc7696a,40,1208.43,credit,ussd,Campbell-Spears,posted,2026-09-10 08:21:17.784238
453,df744b7b-c448-48de-93de-61fe2d57e42d,74,657.92,credit,card,Lutz PLC,posted,2026-09-10 08:21:17.786177
454,f9a5e45e-5efc-4c35-931f-700cf3def7bc,7,9335.92,credit,pos,"Francis, Wilkins and Odom",posted,2026-09-10 08:21:17.788517
455,9b4e6956-3873-458b-8b25-d5cc5e29ff0b,155,127.82,debit,card,"Nicholson, Cole and Hartman",posted,2026-09-10 08:21:17.790764
456,e171a441-06e2-4fac-b9b8-ae8575c0a2bc,70,10273.47,debit,transfer,"Williams, Mitchell and Mitchell",posted,2026-09-10 08:21:17.792892
457,58d893ff-c7f9-4ceb-942d-a736bac4ba78,87,19240.62,credit,transfer,Hall Ltd,posted,2026-09-10 08:21:17.794632
458,134c1c69-60f1-4b30-98f0-a1a2a9d41e49,33,8496.56,debit,pos,"Lopez, Watkins and Vang",posted,2026-09-10 08:21:17.796483
459,129a4a42-a470-42ee-9d30-e68ff2118a2c,30,8163.08,credit,pos,"Kline, Maddox and Vega",posted,2026-09-10 08:21:17.798155
460,203f08af-8bec-422d-9fd9-91d680fe5bae,25,14057.15,debit,pos,Smith PLC,posted,2026-09-10 08:21:17.799824
461,fad69898-b876-45b9-95b6-e59681a1df12,101,10100.72,debit,ussd,Beard-Weaver,posted,2026-09-10 08:21:17.801519
462,f8fa6702-2b65-4c90-b1ac-83c7c713febf,132,10941.99,credit,card,Williams PLC,posted,2026-09-10 08:21:17.803334
463,658454eb-4905-439f-8843-27ae625e2a39,16,5197.50,credit,transfer,Baird LLC,posted,2026-09-10 08:21:17.805368
464,9b4cee63-41da-43b6-983c-901d52a01506,175,4199.17,debit,card,Beasley-Walker,posted,2026-09-10 08:21:17.807457
465,50c2a9e4-7a84-4d5a-a4da-aa91f1385739,78,10669.87,credit,ussd,Wright Group,posted,2026-09-10 08:21:17.809137
466,cda41310-8f47-401f-a6f1-f85007a46e78,195,665.13,credit,card,Rojas-Vaughn,posted,2026-09-10 08:21:17.810859
467,002c6de9-3cfb-4b80-8aba-3afc400d1914,10,19449.11,credit,card,Mccarthy Group,posted,2026-09-10 08:21:17.812785
468,a72c560b-4fe7-4301-a96d-251258e1009f,46,4782.93,credit,pos,Meadows Ltd,posted,2026-09-10 08:21:17.81479
469,5b0b3e69-18a4-4520-9ab6-d0c4b7150a14,134,11215.44,debit,transfer,Baldwin Inc,posted,2026-09-10 08:21:17.816675
470,073ddca8-fb47-4fc7-bc56-c0a68754cb85,159,2483.80,credit,ussd,"Calhoun, Ellis and Moore",posted,2026-09-10 08:21:17.818736
471,ef40cb45-a530-472a-b3ab-f736be7684a8,143,4161.18,credit,ussd,Pacheco-Freeman,posted,2026-09-10 08:21:17.820821
472,d015b91b-726c-42f5-95ea-dbfa4fd7f640,33,11748.40,credit,ussd,Richardson-Washington,posted,2026-09-10 08:21:17.822884
473,071d9520-ce0e-459c-b13b-e63d48a164d2,83,3140.60,credit,pos,Douglas-Daugherty,posted,2026-09-10 08:21:17.82496
474,64809f60-b039-452c-ab8e-5b26d5a7bf32,115,1566.68,debit,pos,White-Blair,posted,2026-09-10 08:21:17.82702
475,61e186ad-c472-4652-8e1b-a56a30269f14,75,19327.12,debit,ussd,Watkins Ltd,posted,2026-09-10 08:21:17.828978
476,6f7e5fb6-db58-487d-b62f-38ad4e14b52f,198,8535.96,credit,ussd,Savage-Brady,posted,2026-09-10 08:21:17.830927
477,b48ab36c-7d29-4ee2-a315-e95393d4c460,83,16238.47,debit,card,"Orr, Johnson and Riley",posted,2026-09-10 08:21:17.83316
478,eb0e148c-d079-4bc2-8a3a-b54cdbe74635,187,9421.73,debit,pos,"Arnold, Parker and Smith",posted,2026-09-10 08:21:17.835298
479,6a183e69-bbc8-4826-9b3b-5bcb82cfb6f3,179,7123.51,debit,pos,Guzman Inc,posted,2026-09-10 08:21:17.837106
480,12dd6e60-7412-4a0f-8db3-312b5b8d282d,165,2430.58,credit,transfer,Rodriguez-Wise,posted,2026-09-10 08:21:17.838963
481,e5fe3a48-2260-4e73-90b4-ac4e263655fb,89,13155.68,credit,transfer,Smith Inc,posted,2026-09-10 08:21:17.840944
482,5cfbac9a-3c05-4e7d-8558-a724e8209e0d,154,11331.42,debit,card,Nguyen-Berry,posted,2026-09-10 08:21:17.842991
483,c7c9e3a1-8ed3-42d3-954d-e5d723d4b7cc,4,16926.66,credit,transfer,"Alvarez, Hardy and Oliver",posted,2026-09-10 08:21:17.845173
484,70a67243-0307-4f6b-b9c0-cc2bedc71878,43,16790.36,debit,card,"Gates, Jones and Glass",posted,2026-09-10 08:21:17.847612
485,bbc20c01-0e97-45ce-8eb1-ea9db68c5dfd,56,4885.39,credit,transfer,Mejia Inc,posted,2026-09-10 08:21:17.84952
486,db2b862a-dafb-4948-b656-f5d39a6e2aef,69,11374.44,credit,card,Martin LLC,posted,2026-09-10 08:21:17.851507
487,e695cb99-4d29-4a73-b8d7-28e00bdb8bf9,120,3442.42,credit,pos,Macias and Sons,posted,2026-09-10 08:21:17.853385
488,59f182be-f0bc-4323-8b04-3c6ae34829bf,57,8767.52,debit,ussd,"Wells, Lamb and Lopez",posted,2026-09-10 08:21:17.855496
489,c0d269a0-796a-45ed-9593-ae2c9f09b881,25,18737.77,debit,transfer,Mathews Ltd,posted,2026-09-10 08:21:17.857354
490,14a5cc57-5879-4997-aaaa-a6c70360d461,165,13743.02,debit,ussd,"Neal, Riley and Ferguson",posted,2026-09-10 08:21:17.859437
491,fbf07e31-0641-43c2-a03b-aa448a5ab5d0,191,11811.93,credit,pos,"Robinson, Lynch and Nguyen",posted,2026-09-10 08:21:17.861447
492,f1857730-3373-4e0e-bed6-f15476d9f867,28,7568.78,credit,pos,"Vega, Watson and Hawkins",posted,2026-09-10 08:21:17.863536
493,eccbe8e5-c32c-47ba-b855-0c0fdeece741,88,16079.79,debit,card,Ross-Johnson,posted,2026-09-10 08:21:17.865619
494,46a7a0d1-f6ad-49f1-a0f4-10ba65b9016f,115,10912.94,debit,transfer,Gordon-Murphy,posted,2026-09-10 08:21:17.867773
495,2540ab9c-dcdb-4930-982c-15b8f1b02222,89,12750.19,debit,ussd,"Hopkins, Jackson and Benitez",posted,2026-09-10 08:21:17.869868
496,7dac8ed8-e834-4ca4-8cee-59f28de4e90f,137,8509.60,debit,ussd,Stout PLC,posted,2026-09-10 08:21:17.871771
497,819306be-cc24-44de-b1eb-d04525d1f265,48,7109.49,debit,ussd,"Price, Barrett and Moore",posted,2026-09-10 08:21:17.873879
498,b273beaf-edc2-4eee-92a9-f16d6bd1a7db,119,16407.85,debit,pos,Garcia PLC,posted,2026-09-10 08:21:17.875918
499,58b6c892-074a-4258-b67d-394099efe829,83,14431.86,debit,pos,Booker-Gomez,posted,2026-09-10 08:21:17.878015
500,2b255dff-46e9-42a6-a927-cd9305b59f86,137,10843.98,debit,transfer,Moore-Rose,posted,2026-09-10 08:21:17.880008
501,0b7d5710-645b-4479-a83e-95b04ceddbc9,104,19959.94,debit,card,Hodges Group,posted,2026-09-10 08:21:17.881914
502,2c39e516-1527-48ef-b2f9-736104e73e07,76,6355.94,credit,transfer,"Lopez, Taylor and Miller",posted,2026-09-10 08:21:17.88394
503,2fffa5fb-3e84-47d5-81c6-93ebe78a077d,122,4107.23,credit,card,Harris-Smith,posted,2026-09-10 08:21:17.885996
504,391fd173-5967-44bf-bce3-4a1c9f8c70bd,64,18673.85,debit,card,"Gilmore, Mason and Lozano",posted,2026-09-10 08:21:17.888161
505,67e5422b-2881-43cf-9c74-b0d8a8b47b2d,35,15817.66,debit,ussd,Price-Gibson,posted,2026-09-10 08:21:17.890265
506,68ea9fbd-3d34-45bf-a908-9ee2a1680fdc,123,19840.53,credit,transfer,Sullivan-Thomas,posted,2026-09-10 08:21:17.892212
507,c7f560d6-4400-4f92-834d-42bdd80296d3,35,5443.23,debit,pos,"Rogers, Barnett and Sullivan",posted,2026-09-10 08:21:17.893557
508,0b2f5f59-48ee-4127-beb6-ff2f379963a4,73,16144.16,credit,ussd,"Odom, Little and Fox",posted,2026-09-10 08:21:17.895605
509,0f3f2b92-5975-4a9e-86f1-5272509622c7,58,3711.16,debit,pos,Flynn Group,posted,2026-09-10 08:21:17.89752
510,7565a0aa-9537-4082-9b99-0259d260ff0c,107,10568.52,credit,card,Steele Group,posted,2026-09-10 08:21:17.899299
511,6c81961f-ab97-43f9-bcb2-aebf14a488fe,187,10277.09,credit,pos,Miller Group,posted,2026-09-10 08:21:17.900376
512,e3f8890a-c271-46a8-822a-dae43e1e05e1,58,8678.14,debit,ussd,Harrell-King,posted,2026-09-10 08:21:17.902437
513,5246c316-b7fd-4ed5-8934-fee24b57161e,71,16445.09,credit,transfer,"Blackburn, Kirby and White",posted,2026-09-10 08:21:17.904559
514,6a8fea39-9a0d-4c7d-96e0-0c56431a2340,152,10038.26,debit,transfer,Carroll-Malone,posted,2026-09-10 08:21:17.906506
515,777b388a-8feb-4601-9bac-54bf4893d94d,15,15796.23,credit,card,"Ross, Brown and Walker",posted,2026-09-10 08:21:17.908678
516,a1c5d8a6-7fe1-42c3-9926-25145d5cce3e,177,9165.45,credit,card,"Clark, Pierce and Maddox",posted,2026-09-10 08:21:17.910668
517,afad395d-0f5c-4f6b-ab25-c496921b68d9,180,16760.67,credit,ussd,Stokes PLC,posted,2026-09-10 08:21:17.912523
518,9f74aebd-1d11-4376-93d8-2c9edafde688,175,2112.77,credit,transfer,Long-May,posted,2026-09-10 08:21:17.914554
519,81e79e5b-663a-4ff8-a0fe-5db9428ad548,77,11788.04,credit,pos,Webb and Sons,posted,2026-09-10 08:21:17.916615
520,9b7aeaaa-9830-4986-94d8-80cba42143a6,81,4319.01,credit,card,Walker Ltd,posted,2026-09-10 08:21:17.918765
521,108a10b0-21cd-4252-8d3e-8f45df773e86,192,14649.83,credit,transfer,"Baker, Parker and Diaz",posted,2026-09-10 08:21:17.92091
522,6921a3b4-e1a5-4586-b1da-6ed6cd02ec75,69,1232.08,credit,card,Moore and Sons,posted,2026-09-10 08:21:17.922716
523,a2ecc5cf-212b-4fda-8912-93b971c5da16,55,17999.02,credit,pos,Morales Group,posted,2026-09-10 08:21:17.924771
524,acf0a93c-b220-4514-8a36-855d6083f851,189,12609.30,credit,card,"Rodriguez, Rowland and Brown",posted,2026-09-10 08:21:17.926908
525,a8bdf798-03f2-47ac-876f-5eb8aac80e6c,21,1578.46,credit,pos,Wright Ltd,posted,2026-09-10 08:21:17.92878
526,f4b1d60e-03c3-437c-a186-ae88dd93a523,106,10182.51,debit,transfer,"Collins, Joyce and Welch",posted,2026-09-10 08:21:17.930826
527,45f2e8a8-e116-4b4a-ad33-5ce3d3edd14f,199,11026.91,credit,card,Osborn PLC,posted,2026-09-10 08:21:17.932937
528,9000c21a-da6a-44e7-8a8d-6829580eee04,57,2699.48,credit,transfer,Brandt Inc,posted,2026-09-10 08:21:17.934936
529,61076cac-d218-4c0b-834a-2c1942b2a586,99,16627.81,credit,ussd,Rodriguez Group,posted,2026-09-10 08:21:17.936863
530,5fc45593-68f2-447c-8584-6259e2533e11,188,4209.96,debit,pos,Ruiz-Smith,posted,2026-09-10 08:21:17.938782
531,7db6915a-d841-4b6c-98df-44b8aee2fdc2,176,5631.38,debit,card,Erickson-Mata,posted,2026-09-10 08:21:17.9407
532,bf927c06-61ca-4557-9ae2-80e45d2d8d2c,131,4756.78,credit,ussd,"Vasquez, Higgins and Lee",posted,2026-09-10 08:21:17.942754
533,432cffff-0dac-4ba7-b9c6-c16c69a14784,78,6947.86,debit,ussd,"Morales, Rivera and Garcia",posted,2026-09-10 08:21:17.944977
534,290071f7-2362-47cc-9840-eaa6fe558500,5,16324.73,credit,transfer,Macias LLC,posted,2026-09-10 08:21:17.947096
535,75cacd11-f499-4d2e-a542-b301db66e24c,20,3697.15,credit,pos,Olsen-Atkins,posted,2026-09-10 08:21:17.949046
536,18287757-1a88-4f77-81e1-105ddc8653b5,38,6736.02,debit,ussd,Chapman-Ramos,posted,2026-09-10 08:21:17.951128
537,7fe3e37e-5c08-44f8-860b-0d70429b1174,191,8812.02,credit,ussd,"Nelson, Brown and Dixon",posted,2026-09-10 08:21:17.953146
538,4577559b-8666-49db-818d-b514970a8a8d,111,3146.67,credit,ussd,Case PLC,posted,2026-09-10 08:21:17.954968
539,8088ff87-6b58-4cac-bd1b-4ded9dc31343,78,3011.05,credit,pos,Rose-Oliver,posted,2026-09-10 08:21:17.956996
540,bc86a1bd-bf7b-4e8c-b3c9-02c72c9d489a,9,6521.35,debit,ussd,Hardy-Rogers,posted,2026-09-10 08:21:17.958936
541,fdeee6d6-97da-4fe0-b759-d4609a27ff81,1,11234.98,credit,pos,Sandoval-Terrell,posted,2026-09-10 08:21:17.960833
542,48751343-8c81-436f-bb0c-8e26755a8b55,131,12578.95,credit,card,Hicks-Robinson,posted,2026-09-10 08:21:17.962787
543,c9dffb42-5330-4d3d-80c2-087b0ee1c637,137,17364.59,debit,transfer,"Bryan, Andrews and Allen",posted,2026-09-10 08:21:17.964931
544,acd52d33-1811-491a-9778-fdff9b8d6476,76,4188.32,debit,pos,Fox LLC,posted,2026-09-10 08:21:17.96674
545,4a16a692-6557-4da1-baa8-dba2a689de2e,108,17412.55,credit,pos,"Francis, Thomas and Stokes",posted,2026-09-10 08:21:17.96896
546,ebebac73-54ef-4b5a-8b55-12774f27d377,97,1049.91,debit,card,Mcintosh PLC,posted,2026-09-10 08:21:17.970857
547,ed2834eb-0da5-402a-907f-08957624d431,97,8766.82,debit,card,Jordan LLC,posted,2026-09-10 08:21:17.972775
548,84c93e28-4418-4a3a-96ff-763de2bfc38b,87,2107.42,debit,card,"Sloan, Ponce and Park",posted,2026-09-10 08:21:17.975209
549,c0c9ec34-4c55-448f-af50-e61efa1c52af,47,12863.28,debit,transfer,Gomez-Peters,posted,2026-09-10 08:21:17.977163
550,34068367-ace8-4151-9724-94919de3a7b1,115,7455.50,debit,pos,"Hall, Baker and Mills",posted,2026-09-10 08:21:17.979465
551,935678a2-26f3-4ddf-84f6-7d6f3e90f046,72,19598.20,credit,transfer,Franklin and Sons,posted,2026-09-10 08:21:17.981424
552,ed2ef80a-8e96-4174-b02e-964e01d2505c,64,14669.81,debit,pos,"Rogers, Navarro and Gutierrez",posted,2026-09-10 08:21:17.983554
553,b2541ce5-f05d-4fcf-9828-8f5296e92ab5,142,1538.40,debit,transfer,"Santana, Bond and Smith",posted,2026-09-10 08:21:17.985874
554,d587ae2d-1f07-42f5-9f7e-7932218888e7,171,17452.46,credit,ussd,Greene Inc,posted,2026-09-10 08:21:17.987596
555,ff037347-8aa8-423e-aace-499c0e7cb36b,153,7162.71,credit,ussd,"Harris, Davis and Hall",posted,2026-09-10 08:21:17.989693
556,9241612d-b217-498a-af0b-31f85136fc65,161,4571.76,debit,ussd,"Moses, Smith and Lee",posted,2026-09-10 08:21:17.991823
557,0e6049dc-ed47-4df9-9261-a6635157c0c7,110,5715.49,credit,pos,"Wright, Harvey and Johnson",posted,2026-09-10 08:21:17.994006
558,096e363c-f3cb-441e-9ab8-0ef7fe2651d2,40,10551.26,debit,transfer,Quinn PLC,posted,2026-09-10 08:21:17.995964
559,b9ba3d64-615e-4019-8931-fdab7e094d81,140,13622.04,debit,card,"Herring, Adkins and Ward",posted,2026-09-10 08:21:17.998236
560,b1013776-61b8-4d55-9f88-82c8554d3e5c,114,9185.46,debit,transfer,Stafford Group,posted,2026-09-10 08:21:17.999273
561,a4776580-8cf1-47eb-8eef-f1a4a00026e6,95,8656.08,debit,pos,"Daniels, Peters and Doyle",posted,2026-09-10 08:21:18.001348
562,45c16f50-4d9b-4f83-bd56-9704698f6357,166,2420.95,debit,card,Bradford and Sons,posted,2026-09-10 08:21:18.003142
563,1dc862be-d2e4-4da9-b9ff-1ac2fe081e28,116,15315.64,debit,card,Kennedy-Ortega,posted,2026-09-10 08:21:18.005275
564,885811fa-c3ff-4731-b015-7f42354396db,5,6735.51,debit,pos,Garcia Group,posted,2026-09-10 08:21:18.006761
565,e2705881-009a-486e-89b9-f6f493b59a61,60,4600.88,debit,pos,May-Lopez,posted,2026-09-10 08:21:18.008857
566,24158a34-96fc-4f21-b7d9-61ae3b9c31a4,144,6012.58,debit,pos,Luna-Palmer,posted,2026-09-10 08:21:18.010948
567,ffe46193-edf5-4009-957c-4211be984246,78,9247.66,credit,ussd,"Burke, Snyder and Jones",posted,2026-09-10 08:21:18.013237
568,692fc016-701f-4038-a25d-da42d6be1d70,32,12294.51,debit,ussd,Hampton-Mann,posted,2026-09-10 08:21:18.015419
569,f0c85b50-91d9-4751-8323-0ba0f083efb7,22,11424.29,debit,card,"Graham, Tyler and Sanford",posted,2026-09-10 08:21:18.017493
570,3336ce17-560a-4fe0-a861-e089752b503f,55,19452.18,debit,ussd,Taylor PLC,posted,2026-09-10 08:21:18.019343
571,4b7af634-efe4-419b-8bd5-d4457e3fcf56,118,17663.38,debit,card,"Gonzalez, Myers and Smith",posted,2026-09-10 08:21:18.021608
572,4536e71b-bc8f-4143-9efd-975fd647b7b3,59,11229.02,debit,card,Barry Group,posted,2026-09-10 08:21:18.023446
573,b204633d-45e3-4ad3-8db5-876636b40d93,42,16424.14,debit,transfer,Hernandez-Palmer,posted,2026-09-10 08:21:18.025445
574,e13f6d8c-0220-40aa-8e45-34fc78004b40,189,18047.51,credit,transfer,"Pena, Marshall and Bridges",posted,2026-09-10 08:21:18.027734
575,1647aa53-ce1e-4bf5-a24c-0887bfcbc317,178,2047.20,credit,ussd,Daniel-Dixon,posted,2026-09-10 08:21:18.029782
576,982cb88b-10df-4e21-887e-5528cc6d9b41,33,371.08,debit,card,"Strong, Calhoun and Wu",posted,2026-09-10 08:21:18.031817
577,17ae5524-74e6-4048-92b8-c91224a598aa,15,17549.69,credit,ussd,Roberts-Nash,posted,2026-09-10 08:21:18.03374
578,cb9af56e-4169-4e0c-8f21-f6990b8e7fcb,141,8642.67,debit,ussd,"Smith, Rowe and Reed",posted,2026-09-10 08:21:18.036123
579,eb54478f-a55b-45e9-8a69-8a0159bad1e5,25,6380.01,debit,ussd,Thomas Ltd,posted,2026-09-10 08:21:18.037994
580,6ce35d58-d1f7-4bd2-9a3a-3dc98e6d34dd,90,4674.13,credit,pos,Ellis Ltd,posted,2026-09-10 08:21:18.039807
581,4a0045f5-d8fb-4ef2-b328-ae3ad6b8e769,53,13885.02,credit,ussd,Lewis-Brown,posted,2026-09-10 08:21:18.041754
582,6933e066-651f-41a9-844c-019f033bceb6,114,2352.35,debit,ussd,Garcia LLC,posted,2026-09-10 08:21:18.043634
583,5f6a3656-919a-4207-8368-f7ce5cce78db,92,1296.87,debit,transfer,Stewart LLC,posted,2026-09-10 08:21:18.045591
584,c93110d7-a5f4-493b-90ec-e86e74b3344c,80,131.71,debit,card,"Ross, Lane and Smith",posted,2026-09-10 08:21:18.047836
585,2ab68b07-7ab8-43e6-a122-022a0d3a49b0,140,11690.20,credit,card,Mays and Sons,posted,2026-09-10 08:21:18.04983
586,dc89441c-f147-4577-bcab-41fea5d925dd,98,14747.38,credit,transfer,Mack and Sons,posted,2026-09-10 08:21:18.051755
587,c9c78dc1-2037-4e32-bbd2-fb9a6182eb75,149,12179.85,credit,pos,"Valencia, Anderson and Hayden",posted,2026-09-10 08:21:18.053856
588,24006581-e5b7-4b49-8c3c-6b908740c169,18,16486.97,credit,pos,Wright Group,posted,2026-09-10 08:21:18.055812
589,4ea20b8b-be00-4352-84a2-e0b4fe87e05b,58,16848.59,credit,pos,Huynh LLC,posted,2026-09-10 08:21:18.057631
590,42fed653-89e4-4fdb-8de0-2a4039c7cc18,96,1135.29,credit,pos,Welch LLC,posted,2026-09-10 08:21:18.059703
591,a43cbde9-1852-4af5-8c86-ee75e5b41f92,113,7605.55,debit,card,Dawson Group,posted,2026-09-10 08:21:18.061674
592,b191fe72-c0f0-41c7-9515-5384c0593ffc,137,1160.47,debit,card,Dixon LLC,posted,2026-09-10 08:21:18.063608
593,4f47d6ae-b93f-4882-b041-5d648e3010dd,59,10894.28,credit,card,"Brown, Green and Shaw",posted,2026-09-10 08:21:18.065694
594,d1702445-180f-480a-aaef-c259a649b674,68,3649.69,debit,ussd,"Andrews, Medina and Ellison",posted,2026-09-10 08:21:18.06774
595,6dc2650a-f8af-42e2-b414-e1281d00920f,67,3722.82,debit,ussd,"Porter, Bonilla and Campbell",posted,2026-09-10 08:21:18.069882
596,7263e13e-e8e2-448d-b79f-ac1e34ff2bdf,138,14859.37,credit,card,"Herman, Lee and Avila",posted,2026-09-10 08:21:18.071976
597,92c07941-f7d6-49ad-a9af-5618223bf8c7,109,1430.15,credit,ussd,Williams-Lewis,posted,2026-09-10 08:21:18.074069
598,44ae7075-bac6-43c5-b464-39bc41cff3bb,187,13426.67,credit,card,Williams-Mcintosh,posted,2026-09-10 08:21:18.076042
599,48f5ab93-40d9-4251-86c3-185abecc0cd6,100,10774.01,debit,pos,Matthews Group,posted,2026-09-10 08:21:18.07792
600,14929332-bfe3-414f-9092-b9f9ce3feda7,64,2528.01,credit,pos,Brown Inc,posted,2026-09-10 08:21:18.079857
601,ad8e8bf5-f8e2-402c-a9c6-76d5a1332f81,8,8470.96,credit,card,Smith-Cox,posted,2026-09-10 08:21:18.081863
602,8ec8a4be-08f3-49bc-9d9c-3b5f1501ae02,5,1252.44,debit,ussd,"Houston, Griffin and Caldwell",posted,2026-09-10 08:21:18.084059
603,41ef123f-e009-44cf-8d56-ac5c0a204c33,189,8500.31,credit,card,"Henderson, Joseph and Walsh",posted,2026-09-10 08:21:18.086413
604,2558b215-a0ff-4fa8-8309-4bd15e633044,103,5639.28,credit,ussd,"Ortiz, Cole and Fields",posted,2026-09-10 08:21:18.088542
605,b91015f9-152f-476d-a2d5-1076e05acc5c,14,7766.32,credit,card,"Webster, Peters and Bryant",posted,2026-09-10 08:21:18.090965
606,d2a12fe9-5b69-4481-b4d8-88c5305ca1b9,69,344.12,debit,transfer,Camacho-Conley,posted,2026-09-10 08:21:18.092954
607,e1df702a-d2b3-4d1e-9312-de1d158e5191,104,7972.93,credit,transfer,Lynn-Clark,posted,2026-09-10 08:21:18.094875
608,eef266d7-0885-4929-89fa-eec71aceafd4,4,17058.23,debit,transfer,Ponce LLC,posted,2026-09-10 08:21:18.096684
609,b99d1494-2981-432c-951a-4c341e662454,96,16463.41,debit,ussd,Smith Ltd,posted,2026-09-10 08:21:18.098649
610,7e4a0b72-b00e-4fc4-ad2d-a8fcf5a8ce6f,86,5657.22,debit,pos,"Garza, Shepherd and Harris",posted,2026-09-10 08:21:18.100693
611,2ee52f25-a24e-4ab8-bcd5-535ae4359e4e,37,19880.17,credit,pos,Marsh PLC,posted,2026-09-10 08:21:18.102484
612,1bf5d84c-08d3-4d65-beb6-c1d3c1d4dffa,200,3829.66,debit,transfer,Walters-Buchanan,posted,2026-09-10 08:21:18.104488
613,bfb647dc-da90-41be-ba85-f6b69e3e6479,176,19406.05,debit,pos,"Bowers, Gordon and Mckinney",posted,2026-09-10 08:21:18.106606
614,95b9edbe-797e-49b6-bc12-5d049df2d630,41,15020.19,credit,ussd,Carson Inc,posted,2026-09-10 08:21:18.108536
615,110c4780-993c-41f4-a4e6-293522c427c4,7,744.07,credit,transfer,Kim-Taylor,posted,2026-09-10 08:21:18.110477
616,bf78e713-0a82-4f29-af9c-065df3e25d60,9,5421.41,credit,pos,"Olson, Rivera and Morrison",posted,2026-09-10 08:21:18.112728
617,3d8a8bf7-b1e8-47ce-8a1b-1e199e5a4ced,71,17178.67,credit,transfer,Jones and Sons,posted,2026-09-10 08:21:18.114538
618,007ac919-c0c4-4886-b563-c6c1efd40685,34,6782.92,debit,ussd,"Evans, Aguilar and Padilla",posted,2026-09-10 08:21:18.116776
619,7f10f3d7-6d13-47a4-b89d-dcef13c1cb77,88,14355.99,debit,pos,David Group,posted,2026-09-10 08:21:18.118812
620,2895b06d-8efa-4c86-a499-63a6bb0fbcb0,81,4216.15,credit,transfer,"Pennington, Dawson and Morgan",posted,2026-09-10 08:21:18.120996
621,1682ebaf-ee73-4229-bcd2-77417bf70303,33,433.20,debit,transfer,Rogers-Martin,posted,2026-09-10 08:21:18.122984
622,1aff603b-7d76-407b-98d9-54dcc2f7a9c8,164,1174.47,credit,transfer,Singleton-Hughes,posted,2026-09-10 08:21:18.124939
623,d46c2215-00f4-45cd-8e74-15d6717ac25e,40,15691.99,debit,ussd,May LLC,posted,2026-09-10 08:21:18.126813
624,cbacb757-7286-4f7d-adf7-7e78992b461e,179,758.79,credit,transfer,"Mckinney, Hammond and Hooper",posted,2026-09-10 08:21:18.128911
625,c191675d-d6bd-49bc-8759-6b03ab1d1146,47,8969.14,credit,ussd,"Turner, Campos and Humphrey",posted,2026-09-10 08:21:18.131028
626,32f10bd1-e877-4888-9f43-54185d2c33b0,59,2151.77,debit,transfer,"Morris, Morris and Yates",posted,2026-09-10 08:21:18.133373
627,890c4d14-33fd-48af-a2d1-4653c6ce0712,58,8777.79,debit,transfer,"Morrison, Griffith and Burke",posted,2026-09-10 08:21:18.135371
628,5d07217e-e073-4781-8c0a-dbe01f5764f6,122,7174.44,credit,transfer,Stewart-Williams,posted,2026-09-10 08:21:18.137589
629,37991eed-008a-4648-9c67-e60067409db4,178,5880.94,debit,ussd,Jackson-Cooper,posted,2026-09-10 08:21:18.139933
630,b73a73be-b1c1-410b-822c-6ca777d82d7c,68,17301.76,credit,card,Adams Ltd,posted,2026-09-10 08:21:18.141824
631,32fa4128-9d54-4a80-aaef-2e2de28fa4c8,8,17378.94,credit,ussd,"Conway, Reid and Holt",posted,2026-09-10 08:21:18.143962
632,51083d63-89b9-47e3-acb7-3e84421c47a3,40,7358.62,credit,transfer,Avila LLC,posted,2026-09-10 08:21:18.145865
633,c4001371-74e3-4019-96a2-9763e5bfc0be,138,19817.18,credit,card,"Garcia, Green and Gilmore",posted,2026-09-10 08:21:18.147938
634,3a198bca-abce-4272-8929-a68f95fc4136,102,3351.60,credit,transfer,Soto-Young,posted,2026-09-10 08:21:18.149835
635,98342c21-ba2c-4a82-966b-0d0ad9a0b666,155,17860.12,debit,pos,Perry Inc,posted,2026-09-10 08:21:18.15167
636,56a0d8de-4701-483c-a9df-5bd9b3f95daa,53,17247.51,credit,ussd,Sherman and Sons,posted,2026-09-10 08:21:18.153564
637,1dd2ad1a-7cb4-4aae-bb0e-908829d131d9,88,19210.83,debit,transfer,Hampton-Miller,posted,2026-09-10 08:21:18.155456
638,c8fabb67-7156-4852-ba8e-d8bd1556058a,122,282.87,debit,transfer,Barry PLC,posted,2026-09-10 08:21:18.157434
639,b49dcec2-97d2-48e5-a151-e51ff457907c,195,4506.25,debit,card,"Bernard, Gregory and Flowers",posted,2026-09-10 08:21:18.159623
640,80b85e38-ce72-4d4d-a6b3-9bee5faf059b,92,2514.41,credit,transfer,Johnson-Hansen,posted,2026-09-10 08:21:18.16158
641,1e955880-09ff-4df9-9bf2-e2fbcf473123,170,11679.44,credit,pos,Stuart-Williams,posted,2026-09-10 08:21:18.163492
642,4302494c-2e60-40be-99aa-b02fb4ee8faf,8,9197.84,debit,transfer,"Mcfarland, Rojas and Vargas",posted,2026-09-10 08:21:18.165601
643,3f73dc6e-b3a6-446c-b343-5fefbba8d677,98,17318.46,credit,pos,"Robertson, Ruiz and Kramer",posted,2026-09-10 08:21:18.167632
644,647d229c-6d7d-46fb-8580-7bee4cd678d2,94,7913.99,debit,pos,Anderson-White,posted,2026-09-10 08:21:18.169895
645,11f28f29-1c81-4830-8eb2-4470dce1c3d3,50,16415.59,debit,card,"Ward, Allen and Allen",posted,2026-09-10 08:21:18.172319
646,d63bbf27-179a-43ad-9ae4-e72e66109c96,66,3217.54,debit,transfer,"Craig, Jones and Hammond",posted,2026-09-10 08:21:18.174247
647,0841c9c5-a443-4934-9486-f31c2336ff17,43,19076.68,credit,pos,"Green, Stark and Baker",posted,2026-09-10 08:21:18.176085
648,efa16942-73e4-4ed6-87ff-7e52e062c28a,110,11616.02,credit,ussd,Todd LLC,posted,2026-09-10 08:21:18.177964
649,55087112-31d0-4147-aaac-67baeb7fd941,87,9852.49,credit,card,Johnson and Sons,posted,2026-09-10 08:21:18.179992
650,4e9a1b7d-bd2c-4d76-b6cd-d470a483d6e3,76,2903.01,credit,transfer,Mercer LLC,posted,2026-09-10 08:21:18.181826
651,ccea92bc-706d-40c0-b3c7-eeae77546877,148,8037.12,credit,ussd,"Castillo, Daugherty and Mann",posted,2026-09-10 08:21:18.184035
652,8f879f12-265c-488f-a456-3fb30bfe8ab8,110,10691.28,credit,pos,Barrett-Johnson,posted,2026-09-10 08:21:18.186089
653,08d34a60-325e-4177-bd5c-93b0ae0cb538,26,11205.88,credit,transfer,Chan Inc,posted,2026-09-10 08:21:18.187888
654,492e7110-81bf-4e5c-bbc0-0231adf72dbb,42,8399.26,debit,ussd,Small-Patterson,posted,2026-09-10 08:21:18.19
655,8c6715ad-488f-4372-9534-633901cc172d,175,6618.44,credit,pos,Burke Group,posted,2026-09-10 08:21:18.191815
656,0001475e-e4c9-4057-af59-d341005bd455,6,11391.55,credit,card,"Suarez, Smith and Marks",posted,2026-09-10 08:21:18.194122
657,09c48e20-3528-4c6e-aa67-44784346fe80,196,19122.95,debit,transfer,Hogan Group,posted,2026-09-10 08:21:18.195945
658,41a2cf4c-c856-48eb-a139-33143416a875,17,19230.02,debit,ussd,Cooper PLC,posted,2026-09-10 08:21:18.19785
659,a6bb3940-4cb0-452e-a83b-71e44d2b7522,160,15603.53,credit,transfer,Nichols-Pitts,posted,2026-09-10 08:21:18.199868
660,2cf0f480-cc58-4a6c-84af-2630a59656e9,157,8572.68,debit,transfer,Henderson Ltd,posted,2026-09-10 08:21:18.201985
661,d1faa4d5-9892-46eb-8d11-7648fb04f76b,173,2272.93,debit,card,"Herrera, Stone and Valentine",posted,2026-09-10 08:21:18.204014
662,04c78a68-eb0e-42d1-b173-2d26dce34498,146,9537.05,debit,transfer,"King, Smith and Fletcher",posted,2026-09-10 08:21:18.206149
663,2422107a-90c9-44e8-b025-ddb7cc6d2b09,51,17227.16,debit,transfer,Lin-Newman,posted,2026-09-10 08:21:18.208235
664,c6b77afb-c65e-4257-8940-34f3f7e87126,87,4419.16,debit,ussd,"Myers, Bennett and Shaw",posted,2026-09-10 08:21:18.210407
665,ac2fc71d-2074-41c6-8865-15527c5eb3a7,83,18486.41,debit,ussd,Bailey-Johns,posted,2026-09-10 08:21:18.212339
666,db8e591d-825d-48c7-b1d6-32ed15887498,133,4090.17,credit,transfer,Glover-Graham,posted,2026-09-10 08:21:18.21432
667,82ed3d87-782c-4c97-a8e3-86b5c68efd22,20,7362.57,debit,card,"Campos, Mitchell and Mason",posted,2026-09-10 08:21:18.21656
668,97d5c705-dd95-4221-aa95-dd0b9881ea47,2,12900.93,debit,transfer,Henderson-Miller,posted,2026-09-10 08:21:18.218764
669,68ae75d4-575d-47f2-aa59-26d431bdef9a,189,12577.48,credit,ussd,Rogers Ltd,posted,2026-09-10 08:21:18.220804
670,21680820-2437-4fb6-ab43-71c4fce98c82,199,84.37,debit,card,"Wilson, Brooks and White",posted,2026-09-10 08:21:18.223152
671,76afddb1-edf5-4957-af5c-ac9c8545c8cb,29,76.81,debit,pos,"Gomez, Andrews and Chavez",posted,2026-09-10 08:21:18.225212
672,47cf0ee8-d410-4340-b6e3-7c045bd7bb25,52,18762.56,credit,card,"Stephens, Garza and Miller",posted,2026-09-10 08:21:18.227257
673,7eece9e9-f9b3-468d-ab90-52beca316c3d,155,5872.37,credit,pos,"Thompson, Mclaughlin and Jensen",posted,2026-09-10 08:21:18.229312
674,cd54a0d5-bb91-47bc-af90-ba2fc7c2198b,26,7662.60,credit,card,"Oneal, Ibarra and Thomas",posted,2026-09-10 08:21:18.2314
675,db7f5dbb-9ad8-4ad8-a941-858ede447397,90,9445.59,credit,ussd,"Mcgee, Johnson and Jenkins",posted,2026-09-10 08:21:18.23348
676,ec19964b-57de-4e5b-9475-a93ed67f4091,198,15925.31,debit,pos,Chambers-Saunders,posted,2026-09-10 08:21:18.235476
677,b4b0eaad-aadc-4b65-936b-7b3a5d344a04,73,17586.23,credit,pos,"Schwartz, Hudson and Benson",posted,2026-09-10 08:21:18.237533
678,f49abb59-3440-4d93-ba1e-d898011d0218,104,3354.86,debit,card,Garcia-Moran,posted,2026-09-10 08:21:18.239478
679,a57a40ee-5469-48ee-87e1-421d614769b8,47,11288.08,credit,card,"Evans, Miller and Olsen",posted,2026-09-10 08:21:18.241498
680,28dede39-3d42-440c-829a-aa2ce02b3b59,91,7938.60,debit,card,Perry-Welch,posted,2026-09-10 08:21:18.243462
681,d78cd60d-29e7-4a82-831c-5c48ba7fc420,192,16172.07,credit,pos,Thompson PLC,posted,2026-09-10 08:21:18.245256
682,aa2ea7c8-3f0c-4dbd-b69e-a82f0bfbbb8e,141,1855.25,debit,ussd,Johnston LLC,posted,2026-09-10 08:21:18.2473
683,8088da43-f7f7-4eb9-9a19-0a1fd21107e7,110,2621.52,credit,card,Gonzalez Group,posted,2026-09-10 08:21:18.249558
684,e48e5307-2b3a-435c-8da2-7af7c92fccd6,170,159.36,debit,transfer,Gordon-Manning,posted,2026-09-10 08:21:18.251511
685,587bb0e4-222f-4b0d-9721-7ebc834d6f1b,138,667.70,credit,ussd,Pugh Ltd,posted,2026-09-10 08:21:18.253383
686,38f7965e-ad0e-4b66-a1b3-341105173316,27,566.27,credit,transfer,"Blair, Williams and Bradford",posted,2026-09-10 08:21:18.255432
687,b4c1eaf0-5935-4cd9-8a77-4cae4b856da1,47,13506.64,debit,ussd,"Riggs, Castillo and Clark",posted,2026-09-10 08:21:18.257545
688,4c44b136-7807-4ef7-ba05-1a746fcfcd3f,152,6835.54,credit,ussd,Douglas Ltd,posted,2026-09-10 08:21:18.259382
689,5976f221-caf1-48f6-9d8d-fc56fbe8caad,102,16636.06,credit,ussd,Phillips-Mckenzie,posted,2026-09-10 08:21:18.261289
690,f8f91643-8363-4041-9593-af0b1ea557ba,153,7838.33,debit,card,"Rogers, Williams and Anderson",posted,2026-09-10 08:21:18.263982
691,7af84825-3210-45ad-82ae-adaec4d6b7d1,98,3827.30,debit,pos,Dennis and Sons,posted,2026-09-10 08:21:18.265853
692,f0b020d3-25b5-4765-9b32-fe6d3c6ad69e,160,4306.60,credit,pos,Wilson PLC,posted,2026-09-10 08:21:18.267818
693,dfafe26e-9023-40f0-8080-1524c5353d2a,151,16000.56,credit,pos,Kim-Ramirez,posted,2026-09-10 08:21:18.270019
694,71959ba0-a1c9-4b5a-a68f-63e2a1c00895,102,3460.92,debit,card,West-Murray,posted,2026-09-10 08:21:18.272053
695,5e616263-4e5f-47ef-ba7b-7b1b7a7dca2e,65,6532.62,debit,transfer,Koch Inc,posted,2026-09-10 08:21:18.273898
696,8b583cb2-aca2-4915-b24f-70903a026fb9,194,872.93,credit,transfer,Leonard Group,posted,2026-09-10 08:21:18.275793
697,d891ab30-4bf9-4d3f-940c-288267b91834,65,10554.48,credit,card,"Martinez, Douglas and Kent",posted,2026-09-10 08:21:18.277817
698,232d6b8f-17e9-4d0b-927f-14eb3ca768ee,122,8398.80,debit,card,Phillips-Richard,posted,2026-09-10 08:21:18.279877
699,f47ecddb-3b7c-4b08-bf5e-3af95f5a91a4,119,11859.58,credit,card,Howell-Bell,posted,2026-09-10 08:21:18.281934
700,b41f6763-9764-4e98-b0c6-7056fbf851eb,150,19533.14,debit,ussd,Williams PLC,posted,2026-09-10 08:21:18.28388
701,fbe2fb43-5bf6-43b1-8618-cd37cee8c2b1,194,7653.34,credit,ussd,Casey-Noble,posted,2026-09-10 08:21:18.285764
702,56a4d3bb-9767-4612-84cc-1eb96dc35982,173,2773.79,debit,card,Baker-Hall,posted,2026-09-10 08:21:18.287848
703,234dcc60-8c3c-42e2-9b7d-f1d3e4ab0c7c,128,5883.85,credit,card,Cervantes-Reyes,posted,2026-09-10 08:21:18.290005
704,8a85f692-005a-43ea-b683-028918d61cd9,127,354.15,debit,transfer,Williams Ltd,posted,2026-09-10 08:21:18.291809
705,84356df3-5b86-4a78-ae55-c9d9a88202ba,135,10853.03,credit,card,"Glass, Graham and Cox",posted,2026-09-10 08:21:18.293868
706,add1f99a-7313-425f-b33b-6f87f8171e7c,143,15861.98,debit,transfer,Yang PLC,posted,2026-09-10 08:21:18.295657
707,658158ee-572c-4bf7-8303-eb9db8992e73,124,5370.24,debit,card,Foster-Mckay,posted,2026-09-10 08:21:18.297708
708,110468b8-874e-4102-a85f-1bf6d649ee5d,36,13989.49,debit,transfer,"Hoffman, Wagner and Scott",posted,2026-09-10 08:21:18.299715
709,6babb961-2e00-4bc1-8b6d-28e547f987af,88,15839.58,credit,ussd,"Cisneros, White and Barber",posted,2026-09-10 08:21:18.301892
710,bb725e5f-f8d7-4b0c-b793-99d129080c49,105,18830.71,credit,transfer,Sanders LLC,posted,2026-09-10 08:21:18.303768
711,7e459c3b-f280-4ff3-b908-ef2834cf2b9f,152,17331.45,debit,transfer,"Carpenter, Rojas and Levy",posted,2026-09-10 08:21:18.305793
712,96780b3b-f3fb-4dbf-ae6b-c43829b11a71,117,7377.74,credit,pos,"Gould, Prince and Cline",posted,2026-09-10 08:21:18.307943
713,968cd6ca-f0ae-4a29-a370-0192ea11496f,26,17361.36,debit,ussd,Curry Inc,posted,2026-09-10 08:21:18.309803
714,4c56c68a-68d1-445d-9f5e-8b814dec8b80,20,4532.76,credit,ussd,Werner PLC,posted,2026-09-10 08:21:18.311775
715,6124821e-bca0-4855-9323-6c0d6686035e,32,11871.21,debit,transfer,"Vega, Short and Young",posted,2026-09-10 08:21:18.313975
716,1ff797bd-63a5-4199-9c5a-7edf86d2529a,107,3617.18,credit,ussd,Huynh-Scott,posted,2026-09-10 08:21:18.316023
717,f9939c7c-01b3-4d1b-b753-f1dc90dfab1e,178,3341.22,debit,pos,"Wade, Webb and Lawrence",posted,2026-09-10 08:21:18.318089
718,0f7012e5-f18b-40bf-a036-2118a7d72544,32,13036.54,debit,pos,"Woodward, Williams and Hull",posted,2026-09-10 08:21:18.320257
719,28d4e181-2c6b-4077-966d-e436187ff478,41,11048.01,credit,ussd,"Navarro, Parker and Reynolds",posted,2026-09-10 08:21:18.32233
720,90ee3809-f90b-4c48-8ea7-b33cb65e3cfd,169,2133.94,credit,ussd,"Le, Wright and Perry",posted,2026-09-10 08:21:18.32441
721,fe4ab8b3-99cf-4da2-840b-0d5f9378d209,44,8923.91,debit,card,"Odonnell, Hutchinson and Caldwell",posted,2026-09-10 08:21:18.326534
722,11e77efc-1093-4df6-9240-3ac6e1f63a9c,187,19196.25,debit,ussd,Robertson PLC,posted,2026-09-10 08:21:18.328344
723,85a10d99-524e-4937-aa11-fc7324666733,55,12864.25,credit,pos,Hernandez and Sons,posted,2026-09-10 08:21:18.330216
724,807a1034-ef54-4fed-b297-eae87fcf9c39,184,1388.63,debit,pos,Rodgers-Miller,posted,2026-09-10 08:21:18.332221
725,ea83bd1e-6a32-41f8-a3a9-fc0304f4bac4,31,1691.69,credit,ussd,Dixon-Preston,posted,2026-09-10 08:21:18.334155
726,031452f2-852f-4cbc-a767-93115fd6de7a,188,8897.96,debit,card,King Group,posted,2026-09-10 08:21:18.335965
727,18771288-30cb-4b5f-9319-9c046e89ba5a,21,463.11,debit,card,"Vance, Perez and Jordan",posted,2026-09-10 08:21:18.338067
728,27cea570-bdf1-4c91-aca6-c85263bc86ed,90,6963.02,debit,card,Buchanan-Jordan,posted,2026-09-10 08:21:18.339974
729,7348f13a-97f0-48b7-b9c6-787d8055ea29,185,18476.25,debit,card,Lam-Newman,posted,2026-09-10 08:21:18.341867
730,641af6e2-940d-45f3-93dd-a41864e252c3,11,17493.57,credit,transfer,Moran-James,posted,2026-09-10 08:21:18.343861
731,6c35affa-eb09-4335-902c-f28f938011e1,163,17751.13,debit,ussd,Lewis-Humphrey,posted,2026-09-10 08:21:18.345818
732,d96a93db-dfff-4bba-a108-6d486af6b339,84,11006.04,debit,card,"Dixon, Lam and Flores",posted,2026-09-10 08:21:18.348011
733,df9429c0-531f-4755-885e-0f97baecbf09,26,13452.10,credit,pos,Sellers Ltd,posted,2026-09-10 08:21:18.349817
734,75f067fc-90ee-48cf-ac31-5dd100edb80f,122,17080.54,credit,ussd,Nelson-Welch,posted,2026-09-10 08:21:18.35185
735,aba92ae9-4e35-4a34-9ee2-3d60f5ff28f7,32,9839.03,credit,card,Taylor-Andrews,posted,2026-09-10 08:21:18.353853
797,ebee2973-fb52-45ae-9af8-9077d119d394,33,19576.02,debit,ussd,Rogers-Brown,posted,2026-09-10 08:21:18.48073
736,eb37bd7a-af3d-4ce5-a4e7-91afcce61d30,181,7806.63,debit,transfer,"Hampton, Bennett and Gutierrez",posted,2026-09-10 08:21:18.355894
737,820883ec-b151-424e-8b0b-13259682a9ea,94,18258.78,debit,pos,Hurst-Mcdonald,posted,2026-09-10 08:21:18.357806
738,7b6306e1-2d02-49a4-91da-17e04efd5118,17,7113.59,credit,pos,Moore-White,posted,2026-09-10 08:21:18.359966
739,039d2b74-424e-4a10-8c75-e8fdf485e98d,85,5904.39,credit,card,"Johnson, Patel and Dodson",posted,2026-09-10 08:21:18.362027
740,b96e6fd6-9c89-4889-becc-e03bbd4201a3,113,1612.74,debit,pos,Powell Group,posted,2026-09-10 08:21:18.363857
741,0ecf1e3b-a61e-4673-a38c-4e4b6003bb47,174,4349.98,debit,pos,Williams-Baker,posted,2026-09-10 08:21:18.365898
742,5b672cf5-ac05-4c3d-84be-93d411c12277,45,3244.38,debit,card,"Fry, Murphy and Adams",posted,2026-09-10 08:21:18.367888
743,8a3c6e96-a259-42a9-a1b9-71e454705594,150,1661.31,credit,transfer,Williams PLC,posted,2026-09-10 08:21:18.369797
744,a7b6e648-19f8-4b83-a480-e8dbf0593765,191,7130.26,credit,pos,Taylor-Thompson,posted,2026-09-10 08:21:18.371815
745,f1b1df54-ed20-4e85-83e9-fa15dd74864e,125,7597.19,credit,transfer,Walton-Vasquez,posted,2026-09-10 08:21:18.373723
746,8e694038-df87-4f90-af72-6e419f6f8bb0,162,15461.37,credit,pos,Villa-Moore,posted,2026-09-10 08:21:18.375999
747,4647f930-79d3-41be-9557-82f93b29ccf1,79,16559.95,debit,transfer,"Taylor, Anthony and Davis",posted,2026-09-10 08:21:18.37824
748,a8ddcb35-ee01-44be-910d-40f9a2bce1f0,49,7751.04,debit,transfer,Pearson Ltd,posted,2026-09-10 08:21:18.380129
749,8910b6b6-46fe-4ddc-8ad0-4c473ef197a4,64,5924.71,debit,pos,Ayala Inc,posted,2026-09-10 08:21:18.382118
750,05e62545-df44-47a0-a553-ebc442aca9f6,24,6242.17,debit,transfer,Henry-Chambers,posted,2026-09-10 08:21:18.384165
751,38f678cc-e6d7-417a-80b3-0032f099d4f2,31,19139.44,credit,ussd,"Guzman, Myers and Wyatt",posted,2026-09-10 08:21:18.386225
752,b29f3f44-1e80-4089-b73f-e0bb6e2d4bcd,22,2813.07,credit,transfer,Erickson-Williams,posted,2026-09-10 08:21:18.388316
753,34adeaeb-334a-47a1-89cf-00562b728233,3,13892.39,debit,pos,"Fischer, Murray and Smith",posted,2026-09-10 08:21:18.390508
754,c344bab1-7867-46ce-ae69-6aefe09d6052,158,8368.81,debit,transfer,Osborne PLC,posted,2026-09-10 08:21:18.392879
755,71a194c3-50e8-469d-8c29-03c964a031ad,146,8697.71,debit,ussd,"Stanton, Williams and Cross",posted,2026-09-10 08:21:18.394866
756,30cd5ebc-b501-4b4d-90f0-38cc2cc98a16,145,4336.59,credit,pos,Vasquez and Sons,posted,2026-09-10 08:21:18.396721
757,400ad8d9-d725-4e4c-82d2-005d3f73cc30,143,12706.48,credit,card,Olson Ltd,posted,2026-09-10 08:21:18.398866
758,1bfba96d-1bd9-4ce9-bdd8-f1e0a329ecad,48,15784.85,debit,pos,"Lewis, Benson and Wheeler",posted,2026-09-10 08:21:18.400958
759,989591f8-c30d-43fc-95ba-2b0a6e1ed1c2,183,4311.20,credit,ussd,"Cox, Nguyen and Arnold",posted,2026-09-10 08:21:18.403115
760,e95ee7cb-c53d-4502-be90-8b97f0e2bf17,49,11498.72,debit,card,"Mccarty, Riley and Flores",posted,2026-09-10 08:21:18.405146
761,4aa85a2f-8680-4024-b791-6abb98ab7314,174,4424.27,debit,ussd,"Meza, Cruz and Miller",posted,2026-09-10 08:21:18.407203
762,36ee7b15-06e3-4276-9935-e17d678b1839,130,3168.32,credit,pos,Thompson-Cook,posted,2026-09-10 08:21:18.409139
763,61264bf9-1385-4516-8e4e-90aab62acf8b,113,18424.14,credit,pos,"Sullivan, Anderson and Turner",posted,2026-09-10 08:21:18.411179
764,5b17ea77-f6bf-475c-a043-a8ce3f04d125,41,18839.60,credit,pos,"Huff, Garcia and Horton",posted,2026-09-10 08:21:18.413257
765,3c51e7f9-8bb6-49c4-9a36-7ab53baab81f,66,6464.68,debit,pos,"Brown, Flowers and Sanchez",posted,2026-09-10 08:21:18.415278
766,8fea5b33-fd96-441b-a605-04aca3b030de,61,1680.74,debit,ussd,"Lynn, Wiggins and Watson",posted,2026-09-10 08:21:18.417404
767,8f272797-dda4-4177-906d-88b8c057f428,107,10383.66,debit,transfer,Brandt-Holden,posted,2026-09-10 08:21:18.419359
768,16f3313a-4071-4ebc-89a9-389ac7db195a,175,14528.94,debit,ussd,"Thompson, Holmes and Lyons",posted,2026-09-10 08:21:18.421481
769,0a5194df-7bed-49ad-a0da-bed92f1d91ad,7,5813.02,debit,card,"Bass, Rogers and Smith",posted,2026-09-10 08:21:18.423447
770,337bd5b8-02ce-4987-bc2b-ef97571ac21d,39,1081.44,credit,transfer,Robertson Group,posted,2026-09-10 08:21:18.425329
771,47a62fa2-90ae-4dcc-ab3f-65d15ce249fa,65,4648.38,debit,pos,"Barker, Green and Long",posted,2026-09-10 08:21:18.427422
772,c825ddb0-6175-4e2d-8073-4dcdf6708ae6,12,2988.25,credit,ussd,Bowman LLC,posted,2026-09-10 08:21:18.429232
773,2267fe0d-282a-480a-9668-4fd4b8abf22e,81,16489.00,debit,ussd,Walker-Burton,posted,2026-09-10 08:21:18.431387
774,c1cfe8d2-5954-4e24-9acc-dbcdc757feb2,194,16236.27,debit,ussd,Hart Group,posted,2026-09-10 08:21:18.433332
775,b25252e5-c34d-4d87-97e9-935da0b66e58,54,1028.87,debit,transfer,Jones Ltd,posted,2026-09-10 08:21:18.435422
776,f19cb2f3-aa1a-44d6-95ca-598578e25086,133,19597.61,debit,pos,Abbott-Lawson,posted,2026-09-10 08:21:18.437419
777,09bdc814-8069-4ea5-8730-74ed7cd2dd51,1,19454.74,credit,card,"Hill, Clark and Riley",posted,2026-09-10 08:21:18.439787
778,0736b7df-71cb-480b-95ae-4e1427d0bbcf,141,2213.80,debit,card,"Houston, Little and Goodman",posted,2026-09-10 08:21:18.441818
779,fbf8bc9e-a6c5-41d5-9365-bf608b2959cb,12,19438.38,credit,card,"Hall, Mccullough and Schneider",posted,2026-09-10 08:21:18.444104
780,a7728a76-a1be-4928-a0b3-5edd846e84c4,183,167.64,debit,transfer,"Brown, Johnson and Hayes",posted,2026-09-10 08:21:18.446179
781,fe8b2f83-f8d8-4421-99af-a41a4d760a2a,143,17697.30,debit,pos,"Farrell, Turner and Romero",posted,2026-09-10 08:21:18.448204
782,d82d072e-a23a-4afa-8232-e5b4f4201dff,136,2825.29,debit,card,Rodriguez-Fuller,posted,2026-09-10 08:21:18.450314
783,e24a0c99-f08f-45ef-8449-146e11d71c77,90,14888.39,debit,pos,"Reed, Torres and Peterson",posted,2026-09-10 08:21:18.452397
784,b1d730ae-ea25-4f14-ac01-88e3627cce7e,183,7001.70,credit,card,Brown Inc,posted,2026-09-10 08:21:18.454183
785,e49bf3ea-8af3-4ea7-84df-a8da6d399ca8,53,16431.47,credit,pos,Carpenter-Ray,posted,2026-09-10 08:21:18.456316
786,15a907f8-498c-4a06-9ccb-b17b0f25efda,107,19440.36,credit,transfer,"Stewart, Smith and Barber",posted,2026-09-10 08:21:18.458662
787,4a9ab28a-f5f0-4823-b8f5-47b1de067193,198,5986.92,credit,transfer,"Williams, Lawrence and Hughes",posted,2026-09-10 08:21:18.461001
788,600d387a-3705-4e73-988b-ca946fa1ea1b,177,15616.45,debit,transfer,"Zhang, Mcmillan and Hayes",posted,2026-09-10 08:21:18.463263
789,4ab8e123-f945-4e95-a7cf-8c7786626a22,59,2321.40,debit,card,"King, Harvey and Sawyer",posted,2026-09-10 08:21:18.465236
790,270c4dfc-de99-4557-8f17-4adbb68a50c2,172,5317.56,credit,ussd,Owens LLC,posted,2026-09-10 08:21:18.467238
791,96334a57-6364-47c0-957b-d61bfa78da1e,14,3951.48,credit,ussd,Phillips PLC,posted,2026-09-10 08:21:18.469045
792,b9891d35-d48f-4b3c-9cd8-dace6c86983f,57,10113.91,debit,ussd,Griffin Inc,posted,2026-09-10 08:21:18.47091
793,ed798964-904d-41bc-b072-e4a46938439d,72,15817.57,debit,transfer,Garrison-Howell,posted,2026-09-10 08:21:18.472839
794,f1b72278-a225-42ad-b348-4b843f11304b,39,9691.56,debit,ussd,Wolf-Patterson,posted,2026-09-10 08:21:18.474779
795,22d272e4-33a2-45fe-bd8d-2b89a0c7190b,26,5814.82,credit,pos,"Christensen, Foley and Reeves",posted,2026-09-10 08:21:18.477038
796,857a1b25-8ebc-4d6b-87f8-1c36ac67f3ea,78,444.18,debit,ussd,Hess and Sons,posted,2026-09-10 08:21:18.478814
798,a47b1f79-c894-4816-9884-54041dfa1f9b,119,9987.36,debit,card,White Inc,posted,2026-09-10 08:21:18.482597
799,cfd3350b-9359-45f4-b4ca-7b031ff527eb,128,7585.62,debit,ussd,Hanson-Griffin,posted,2026-09-10 08:21:18.484622
800,e0acb3ad-ca64-4a34-984b-435b4a1ae7ae,41,1354.89,debit,transfer,Rose Inc,posted,2026-09-10 08:21:18.48654
801,eece3788-961a-4b1e-9d47-6fc3d507ebc0,173,2136.34,credit,pos,Martin Group,posted,2026-09-10 08:21:18.48825
802,1ab71763-3558-401d-be39-a39c0fcf79c3,91,13127.68,credit,transfer,Hayes PLC,posted,2026-09-10 08:21:18.490087
803,2bcc3c1e-7ac7-49b0-a940-4f0e7c3ff3b8,55,3572.29,debit,pos,"Martin, Campos and Johnson",posted,2026-09-10 08:21:18.492216
804,055202bd-efcc-4c53-b249-dfc2fb5b69d2,50,1987.12,credit,transfer,"Payne, Watts and Reed",posted,2026-09-10 08:21:18.494171
805,2284d7f5-48c1-459c-88b9-056b6ceb8e8c,138,15447.24,credit,transfer,Rivera-Wilson,posted,2026-09-10 08:21:18.496101
806,4f6a01ac-5b1c-49be-9db0-c9f1e5da4e73,143,16594.59,credit,pos,Mason-Smith,posted,2026-09-10 08:21:18.498196
807,41f6a67d-44a7-4f33-bed6-361b3a583dbe,58,12180.52,debit,transfer,Rose Ltd,posted,2026-09-10 08:21:18.500159
808,920dead2-6525-4a1c-bf2c-9fc070d6784a,168,8353.97,debit,ussd,White-Kelly,posted,2026-09-10 08:21:18.502181
809,4085306d-bfaa-41cc-9aa7-d6da783e23d0,116,13484.66,credit,ussd,Sandoval-Newton,posted,2026-09-10 08:21:18.504085
810,03595355-544b-4294-945c-9a926780f51f,15,10449.49,credit,pos,Salas-Guerra,posted,2026-09-10 08:21:18.506043
811,e6a1d93d-2e09-4c95-90f2-68b16e04dbfb,72,2811.60,debit,transfer,Lang Group,posted,2026-09-10 08:21:18.507951
812,6df8a2b4-b1e4-4595-90f2-a4e02ae5ef5d,55,7455.06,credit,transfer,"Bean, Reese and Young",posted,2026-09-10 08:21:18.50998
813,009107cc-af85-43a0-b106-80343522ab47,58,17874.77,debit,ussd,Perkins-Meadows,posted,2026-09-10 08:21:18.511923
814,dbb3d347-4fab-496c-8e4b-5ad316c5b8f5,11,12154.22,credit,ussd,"Wall, Walker and Owen",posted,2026-09-10 08:21:18.514015
815,d484ab84-1667-42b0-8f77-dfa221098288,99,8000.98,credit,transfer,Melton-Neal,posted,2026-09-10 08:21:18.51593
816,24689ed0-6337-4d30-90f4-ec23e88fd214,32,5264.88,credit,pos,"Miller, Huffman and Burns",posted,2026-09-10 08:21:18.518098
817,6eaf170c-4125-4143-8fe1-53bdd81363c3,10,16911.47,debit,pos,Page-Mejia,posted,2026-09-10 08:21:18.519938
818,02904c8a-67d3-4950-9ecf-edaeb1076edb,100,8356.66,credit,pos,Evans Ltd,posted,2026-09-10 08:21:18.521853
819,1c33f055-c1a0-4729-b0d8-5295d1b5369e,91,19797.90,debit,pos,Sanchez Group,posted,2026-09-10 08:21:18.52387
820,5fe15785-5971-4f8d-8d32-4adf0096f644,106,2496.66,credit,ussd,"Harvey, Lopez and Allen",posted,2026-09-10 08:21:18.525884
821,bcbb3dab-8b21-4ddb-b3c1-eb1a31701352,176,12372.24,debit,transfer,Fuller-Mcgee,posted,2026-09-10 08:21:18.527922
822,d4ff8d00-f290-48f4-9cf0-71b01adf95ca,143,3776.02,credit,ussd,"Jackson, Smith and Stevens",posted,2026-09-10 08:21:18.529977
823,37a0e975-2b9a-4091-84a7-a3fc311af844,159,3101.09,debit,transfer,Jacobs-Gay,posted,2026-09-10 08:21:18.531954
824,ea45a33e-7aa2-4f82-bb04-8967956580ff,109,6158.56,debit,card,Choi-Davis,posted,2026-09-10 08:21:18.534006
825,dc4e4c2e-c379-4ba9-951d-ab4b4137cc62,87,10513.50,credit,card,Patton Inc,posted,2026-09-10 08:21:18.535922
826,9a443d2b-cc39-454f-bc28-ad8e75fd25da,78,7407.96,credit,transfer,"Turner, Lee and Jensen",posted,2026-09-10 08:21:18.539785
827,ba4a8b49-3ab7-4883-a307-78fb2f143704,92,10688.37,debit,card,"Holden, Perez and Hopkins",posted,2026-09-10 08:21:18.542474
828,e22ad778-1f25-424f-8a90-0595b048785e,87,19331.45,debit,ussd,"Henderson, Jensen and Cox",posted,2026-09-10 08:21:18.54462
829,c2e2f54b-517a-4a7e-8706-7821b4b2aa28,29,17862.97,credit,ussd,Rodriguez Ltd,posted,2026-09-10 08:21:18.546443
830,7f5a602b-a311-403d-b8d4-1b88c02d216b,133,7150.82,debit,card,Estes-Sanders,posted,2026-09-10 08:21:18.548338
831,e84bb8d4-683a-43eb-a473-c4f53ad836c6,95,9750.94,debit,pos,King and Sons,posted,2026-09-10 08:21:18.550159
832,2457344b-b85d-4d85-ab13-e2dd15cad748,164,8937.57,credit,ussd,"Bell, Wilson and Long",posted,2026-09-10 08:21:18.552234
833,54b2c0e9-db02-4caa-87fa-b9903ab16790,147,11899.06,credit,ussd,Harris Ltd,posted,2026-09-10 08:21:18.55415
834,2b9d6834-d1d7-4700-a97c-245ce72dbbcc,195,674.07,credit,ussd,Nguyen-Carrillo,posted,2026-09-10 08:21:18.556044
835,f65f355c-a045-4dc0-8ceb-6d9562868250,155,18955.98,debit,transfer,Turner-Haley,posted,2026-09-10 08:21:18.557907
836,a4f917df-72cc-42f8-b71a-7fdbe0023c94,29,14761.73,debit,pos,"Griffin, Johnson and Ward",posted,2026-09-10 08:21:18.559936
837,5391b7d6-0605-4e91-992a-1c90843b0193,43,11360.55,credit,ussd,"Ellison, Scott and Floyd",posted,2026-09-10 08:21:18.562266
838,008c70ba-e0fd-4d96-b312-f647823566ea,47,17520.40,debit,ussd,"Logan, Patel and Rivera",posted,2026-09-10 08:21:18.5643
839,f8159af1-24c7-42af-b089-24f91a195112,151,8355.88,credit,card,Davis Ltd,posted,2026-09-10 08:21:18.566227
840,396ddaaf-2417-48c4-a79f-77ba9df727cb,109,4130.98,debit,card,Ellison-Ware,posted,2026-09-10 08:21:18.568249
841,e2df80be-dfa4-4d9a-91ce-3469119c59bb,157,8814.89,debit,transfer,Ellison and Sons,posted,2026-09-10 08:21:18.570048
842,64527688-fb0a-44c5-a94e-df04378ebdce,52,1581.12,credit,pos,Bailey Group,posted,2026-09-10 08:21:18.571907
843,508b95e6-8627-43e7-8e86-e9f05bdc3c7c,137,16498.22,credit,ussd,Hayes PLC,posted,2026-09-10 08:21:18.573715
844,ebaddb71-3985-4334-8ed9-998eb523420b,56,19984.53,debit,card,"Anderson, Goodwin and Baker",posted,2026-09-10 08:21:18.575731
845,9e132803-9dfc-46a5-b251-81ed4388bda0,128,1086.65,credit,pos,Smith PLC,posted,2026-09-10 08:21:18.57758
846,17cbff90-665d-4f56-96c2-3633fe151bda,88,18583.10,debit,pos,Leonard-Tran,posted,2026-09-10 08:21:18.579669
847,401303b5-32ed-42ce-b6a6-b740b341dd3d,44,10633.56,credit,pos,Coleman Ltd,posted,2026-09-10 08:21:18.581466
848,0b35b22b-12db-4816-8db3-05a1f427e06e,68,834.64,debit,pos,Morgan Inc,posted,2026-09-10 08:21:18.583126
849,8e060c1e-6ff4-40ea-abeb-f05d1e03d228,115,13233.47,debit,ussd,"Rice, Morgan and Morgan",posted,2026-09-10 08:21:18.585269
850,a058cc88-bd44-4f4f-baa4-21348a66adf3,116,14289.67,debit,card,Brooks Group,posted,2026-09-10 08:21:18.587139
851,65eafc57-8323-49f1-8603-85ae53239756,91,8554.43,credit,pos,Mercer and Sons,posted,2026-09-10 08:21:18.588278
852,461eeda6-3ac9-4d54-bc35-5d35722755c3,120,15505.53,credit,pos,Torres-Williams,posted,2026-09-10 08:21:18.590156
853,3c5d8dcc-2f03-44ee-b842-eb25a49b72ed,118,17469.19,credit,pos,"Mcpherson, Hughes and Gregory",posted,2026-09-10 08:21:18.592118
854,6b5e8336-c10b-4a43-b48d-0b7fcc591c82,189,13053.88,debit,pos,Kim Inc,posted,2026-09-10 08:21:18.593987
855,b7935bc1-a1ed-434f-a070-30b6e50aef9e,184,3958.13,debit,card,Perez Inc,posted,2026-09-10 08:21:18.595985
856,4df052a2-0362-4826-ace4-b9d9425f9cd0,148,14933.05,credit,card,"Long, Ellison and Ruiz",posted,2026-09-10 08:21:18.597981
857,fd4bf97f-d127-479a-9d9c-d5004f402109,170,15187.60,credit,ussd,Young-Baker,posted,2026-09-10 08:21:18.599971
858,2d263e93-94d0-4542-a088-8cc91b836c33,156,12869.55,credit,transfer,Phelps-Davis,posted,2026-09-10 08:21:18.601925
859,7e6410fe-cb0c-4006-bda5-d503909a6383,19,5251.60,debit,card,Coleman and Sons,posted,2026-09-10 08:21:18.603731
860,68d4ea3d-b1f4-4820-b880-44e5651fee4e,100,10124.75,credit,pos,Hunt Group,posted,2026-09-10 08:21:18.60579
861,41e95c2e-bd80-4f5c-aa2b-2e52cbac280b,160,15072.35,credit,ussd,Lee-Gray,posted,2026-09-10 08:21:18.607731
862,0e81a3d8-4306-43c7-8d84-d3a2acd6d881,12,19622.99,debit,ussd,Hale Ltd,posted,2026-09-10 08:21:18.609536
863,a9ebb446-b020-4908-9547-914a981896f4,155,16429.15,credit,transfer,King Ltd,posted,2026-09-10 08:21:18.611405
864,43312db6-6a2a-473a-a83c-daf78b9fd810,82,13205.59,credit,pos,Martin Inc,posted,2026-09-10 08:21:18.613336
865,f1b5d19b-7ae0-4bef-b1cc-d7db240e0486,150,2998.91,credit,card,"Liu, Peterson and Baker",posted,2026-09-10 08:21:18.615459
866,9136a4f3-5d5c-44dc-8655-ac7ab2977b87,157,5971.61,debit,card,Mitchell-Clark,posted,2026-09-10 08:21:18.61738
867,50f058f4-f5a8-4ec3-89cc-e65ff737a6ae,183,1087.80,debit,transfer,"Perez, Roberts and Schmidt",posted,2026-09-10 08:21:18.619518
868,8616ecda-08cf-4c61-8287-bae337c8aed5,126,3486.03,debit,transfer,Bowers-Arnold,posted,2026-09-10 08:21:18.621496
869,8d3b388b-ef55-44f9-99a1-3dd5bf034f13,24,3968.10,credit,ussd,Bruce-Davis,posted,2026-09-10 08:21:18.623403
870,6af7947c-b6ae-4502-8ce1-bfebf5c74cb5,163,4676.78,credit,ussd,"Hart, Hayes and Shaffer",posted,2026-09-10 08:21:18.625555
871,b69d891f-c47f-46a4-89c7-05bafe28907b,127,9282.40,debit,pos,Gonzalez-Abbott,posted,2026-09-10 08:21:18.627471
872,0fd077e5-c4fb-4fb1-b16a-a47265726a09,62,2952.78,credit,card,Rodgers and Sons,posted,2026-09-10 08:21:18.629281
873,53e4816a-e428-4e51-a689-824872cd60e8,106,17474.60,debit,pos,"Smith, Valenzuela and Mckee",posted,2026-09-10 08:21:18.631419
874,ba6e1691-93dc-4c65-aaf0-3d717f673180,26,2964.27,debit,card,Matthews Ltd,posted,2026-09-10 08:21:18.633127
875,5fea265e-dd39-4c78-bb8b-f4c950fd252c,6,3128.87,debit,card,"Walton, Green and Woodward",posted,2026-09-10 08:21:18.635206
876,53559b77-2f09-4454-b016-18edacdee351,20,15076.13,credit,transfer,"Jones, Woods and Bennett",posted,2026-09-10 08:21:18.637197
877,a2f0e3d9-dbdc-4c35-8f11-3cc55cc68091,159,2609.64,debit,ussd,Reese-Miranda,posted,2026-09-10 08:21:18.639092
878,13e4f8b5-56bf-4a21-9831-646a169a05fb,35,10148.79,credit,pos,"Leonard, Ryan and Beltran",posted,2026-09-10 08:21:18.641207
879,83d6770d-30ae-461f-a9d9-9dbc7c30e15f,35,18863.22,credit,ussd,Lee PLC,posted,2026-09-10 08:21:18.643066
880,951683b8-7949-456a-824d-cceadbf5f256,169,5431.22,debit,card,Turner-Black,posted,2026-09-10 08:21:18.645007
881,ecf887ad-623e-4bfc-b2d1-92ebb06c4663,3,17698.97,credit,transfer,"Watson, Willis and Hill",posted,2026-09-10 08:21:18.647093
882,d5013c53-6268-4729-bf6b-2e8a77fe64d8,99,16990.65,credit,pos,"Roberts, Chambers and Jacobson",posted,2026-09-10 08:21:18.649125
883,4ce60f46-ea36-4788-bb91-e25e1f7fc7d8,83,9063.07,debit,pos,Gonzales and Sons,posted,2026-09-10 08:21:18.651227
884,50d7ec21-909f-4f13-bb37-90b9c9d2af34,151,873.98,debit,transfer,Chandler Ltd,posted,2026-09-10 08:21:18.652287
885,e1fe33bc-08fa-490b-9b6c-e948c420fac2,167,19677.84,credit,pos,Thompson Ltd,posted,2026-09-10 08:21:18.654121
886,43271398-1db0-400a-b8be-a31c6655b653,154,18836.23,credit,card,Lindsey-Martin,posted,2026-09-10 08:21:18.656079
887,56127578-224a-42ee-9ef3-3a1085a55ba8,124,11417.56,credit,pos,"Thomas, Allen and Noble",posted,2026-09-10 08:21:18.658213
888,47891e53-fd7f-4715-9f3f-1341709f220e,64,8116.31,debit,ussd,Sims-Nichols,posted,2026-09-10 08:21:18.660167
889,2b51d4e3-f6b3-42ec-b47d-fa1be07cb1ed,1,8138.78,debit,ussd,"Zamora, Brown and Larsen",posted,2026-09-10 08:21:18.662148
890,e2f4b67f-c501-46fc-812d-e6002d9d8ddd,107,14444.19,debit,pos,"Anderson, Lee and Green",posted,2026-09-10 08:21:18.664185
891,911ccb8e-15ed-4563-81cd-9545743a19e9,163,6226.11,debit,ussd,"Becker, Tran and Cox",posted,2026-09-10 08:21:18.666224
892,9a0611ad-9d91-48cf-9c65-63692ae9c9e6,158,2035.58,credit,card,Jackson PLC,posted,2026-09-10 08:21:18.667992
893,19dc3957-d307-4c33-98e4-e1515e176fde,149,1839.68,credit,card,"Coleman, Brown and Castro",posted,2026-09-10 08:21:18.670333
894,4c4fc7c5-c809-4699-bdcd-e726199a5c52,170,18018.55,debit,card,Ramsey LLC,posted,2026-09-10 08:21:18.672133
895,59255eb9-ab5b-4db2-a64d-a226a75e98a1,81,6625.02,credit,pos,Fritz Ltd,posted,2026-09-10 08:21:18.674112
896,20aa655a-eb77-4759-8ee4-e3fde614e10e,120,12920.20,debit,ussd,Hernandez and Sons,posted,2026-09-10 08:21:18.676068
897,a09724b0-3e4e-4906-acf1-1661ec8fdfec,145,3877.54,credit,card,Flores-Compton,posted,2026-09-10 08:21:18.678114
898,fc01d5cd-e8d7-46f5-b571-f9942a747918,118,16278.07,credit,pos,"Watson, Herman and Leonard",posted,2026-09-10 08:21:18.680129
899,c88d4aba-4932-4a8e-b96a-9f4020054031,85,19653.94,debit,pos,Stewart and Sons,posted,2026-09-10 08:21:18.681979
900,829a4815-6a58-4633-9cab-f080984b53f4,132,14514.06,debit,card,Perez Group,posted,2026-09-10 08:21:18.683824
901,c96c465f-a94f-4554-9cc3-abc2e4c59a3d,172,3197.70,debit,pos,Peters PLC,posted,2026-09-10 08:21:18.685825
902,727b1d62-6185-4639-91fa-b86372424fa2,124,15769.91,debit,pos,Stokes Group,posted,2026-09-10 08:21:18.687765
903,93d575a3-01da-45b0-ab94-cda43914c7ca,107,18935.03,credit,transfer,Ford and Sons,posted,2026-09-10 08:21:18.68976
904,9a389c6d-9b3f-417a-b1f3-65473a7ca1a9,25,14442.33,credit,ussd,Turner Ltd,posted,2026-09-10 08:21:18.691627
905,55dc0ebe-39af-4e08-8158-872ebb2a1529,41,1027.26,credit,card,Moss-Silva,posted,2026-09-10 08:21:18.693369
906,2767806a-5af8-4e48-9e1a-53e06b1e8f63,151,12938.21,credit,pos,"Mclaughlin, Shea and Carson",posted,2026-09-10 08:21:18.695308
907,b7391d97-540b-46af-9d1d-2ff65b35805b,127,694.19,debit,transfer,Monroe-Brewer,posted,2026-09-10 08:21:18.697247
908,2cc1cbe5-6728-461c-b55e-bb3617b0747d,112,10509.36,credit,ussd,Gillespie-Richard,posted,2026-09-10 08:21:18.699155
909,4ef2c0ef-6578-445b-b9e8-0d900dbb5bf1,5,14058.46,credit,transfer,"Smith, Riley and Sullivan",posted,2026-09-10 08:21:18.70116
910,2438ef11-f7ff-4ae5-96d8-d5171e0bf440,155,14389.38,credit,transfer,Atkinson and Sons,posted,2026-09-10 08:21:18.702967
911,9d9f44c9-5917-4171-bbe5-712a06d66534,32,3428.76,credit,ussd,"Potter, Anderson and Brewer",posted,2026-09-10 08:21:18.705164
912,8b1a8566-b64d-4a1d-8b0b-2b95982398bb,40,8590.15,debit,pos,Davis PLC,posted,2026-09-10 08:21:18.707016
913,395f0f39-00ba-4774-b2f0-a6d7472b341e,132,15416.80,debit,pos,Foley Ltd,posted,2026-09-10 08:21:18.708863
914,cade854a-af25-47c0-a6ca-35837f1ade26,2,7899.01,credit,ussd,Robinson Inc,posted,2026-09-10 08:21:18.710695
915,dfd7da36-3500-469a-9602-0ba5fec1a2be,84,19588.46,debit,pos,"Davis, Jones and Esparza",posted,2026-09-10 08:21:18.712904
916,3a5811e5-e035-4e45-9fdf-af153a0d803f,27,16242.45,credit,card,"Evans, Brown and Conrad",posted,2026-09-10 08:21:18.714942
917,7539fe24-a0dd-4220-864d-3cd894646b18,179,10899.21,credit,pos,"Smith, Martin and Moore",posted,2026-09-10 08:21:18.716915
918,b0d68e1a-26b6-495e-b489-908c58b9f34f,6,6238.42,credit,pos,"Bowers, Brown and Turner",posted,2026-09-10 08:21:18.718977
919,5fc7ff52-182f-473f-87b0-6a0d2aa75481,152,1879.82,debit,transfer,Brown-Perez,posted,2026-09-10 08:21:18.7209
920,049b3d91-ceaf-4dcc-9ab3-152bfdcdc328,101,12997.64,debit,ussd,"Scott, Allen and Richards",posted,2026-09-10 08:21:18.722923
921,a0da5a27-2af1-4864-b8ef-ca961cf791e6,48,2689.67,debit,pos,Moore-Johnson,posted,2026-09-10 08:21:18.724951
922,855f651d-51a0-458d-b8a7-b967b642f76f,96,1301.93,credit,transfer,"Rodriguez, Thomas and Wright",posted,2026-09-10 08:21:18.72702
923,24a847df-24c4-4f66-baaf-0affd7493e60,144,10692.23,credit,pos,Garcia Ltd,posted,2026-09-10 08:21:18.728842
924,63e1b761-d5b1-44be-b0c1-92d11b17868c,178,5446.63,credit,ussd,Young-Lloyd,posted,2026-09-10 08:21:18.730946
925,cba7e245-0a80-44f7-8111-4273d413cc1f,87,1635.55,credit,pos,Forbes-Mcintosh,posted,2026-09-10 08:21:18.732984
926,8ab4697e-e09b-44f5-b085-7777463b2267,176,16013.04,debit,ussd,"White, Gay and Morgan",posted,2026-09-10 08:21:18.735041
927,d4d4849d-69ee-454e-8105-06e44cdc48de,185,15493.31,debit,card,Padilla Inc,posted,2026-09-10 08:21:18.736956
928,14d33832-3131-4f71-ab26-b416a73dcb68,131,14923.78,debit,ussd,Patterson-Jimenez,posted,2026-09-10 08:21:18.739054
929,abe8768a-09bf-4096-a6b0-e09a1ac4a2ca,190,16133.45,debit,transfer,Robinson-Lewis,posted,2026-09-10 08:21:18.7411
930,0c69de83-2561-4435-95fb-b6cb62246f9d,68,5744.48,credit,transfer,Bernard and Sons,posted,2026-09-10 08:21:18.742861
931,b4a51a29-2d93-47ae-95d4-1165828e4802,43,4845.65,credit,transfer,"Gomez, Howard and Estrada",posted,2026-09-10 08:21:18.745001
932,d3f28c41-fa30-482a-a2c5-381555dfa786,74,4634.21,debit,pos,"Stevens, Macias and Mclaughlin",posted,2026-09-10 08:21:18.747113
933,2ffe5958-ea62-45d1-9127-5e6585987688,113,19259.02,credit,transfer,Ortiz-Meza,posted,2026-09-10 08:21:18.749154
934,b04e1116-9532-49bc-9df9-d6b7f729a75d,122,1679.19,debit,card,Fischer Group,posted,2026-09-10 08:21:18.751042
935,f36e635b-d6a1-4ba9-ae6a-8ff5d9e5f4d4,98,1320.46,debit,card,Martin-Mills,posted,2026-09-10 08:21:18.753088
936,352b8ba4-68d6-444f-b7f7-905726e9f1dd,165,8708.05,debit,card,"Jones, Vega and Hahn",posted,2026-09-10 08:21:18.75536
937,84ee5559-d22b-4bbb-b2b9-04178d59030d,50,8819.28,credit,ussd,"Campbell, Johnson and Cruz",posted,2026-09-10 08:21:18.757407
938,664e8b35-a252-4687-b5b5-797add012faf,163,557.32,credit,pos,Ford LLC,posted,2026-09-10 08:21:18.759276
939,052f2605-1b8f-4513-a960-8dcc1c525951,52,16982.28,credit,pos,Brown-Wood,posted,2026-09-10 08:21:18.761184
940,dfc971cf-123d-4622-bb50-c2ad1625f335,156,15978.89,debit,pos,Fleming-Bell,posted,2026-09-10 08:21:18.763109
941,931bb419-637d-4cfb-8c4c-2c749993c68e,57,7329.35,debit,pos,Patel Ltd,posted,2026-09-10 08:21:18.764948
942,3a404bba-306d-40e8-8025-d8bf876626de,58,16686.44,credit,transfer,Vazquez-Aguilar,posted,2026-09-10 08:21:18.766983
943,84637d2b-8504-41e9-93c9-02d3286a7640,14,8916.32,debit,ussd,Williams LLC,posted,2026-09-10 08:21:18.768879
944,672fcbaf-7018-42b5-98b2-7ce2b1f3df2d,21,16748.52,credit,ussd,Vaughan-Reyes,posted,2026-09-10 08:21:18.770904
945,22731215-abd0-42f8-9e66-edfaf2981db3,76,7608.19,credit,transfer,Smith Inc,posted,2026-09-10 08:21:18.772783
946,843dd3c1-257b-4cf6-899e-eb58dbf7cfd9,157,7950.51,credit,card,Franco LLC,posted,2026-09-10 08:21:18.774579
947,ae3fb80a-ea0a-465b-83a4-7ab4134f6119,32,16591.41,credit,ussd,Singleton LLC,posted,2026-09-10 08:21:18.776572
948,ba75200f-8fbc-450c-8f13-e7ad13a785e2,111,18021.54,credit,pos,Harvey Ltd,posted,2026-09-10 08:21:18.778373
949,5c081299-be8d-48d1-a9ff-469f77790e36,80,4533.42,debit,pos,Christian PLC,posted,2026-09-10 08:21:18.780297
950,93f2341e-790f-43c7-b037-c1e8621af35d,136,8708.16,debit,transfer,Stokes-Rodriguez,posted,2026-09-10 08:21:18.78218
951,6334854d-c5ff-49c2-9b76-b9bb14fb3a5a,50,14762.81,debit,card,Diaz-Wilson,posted,2026-09-10 08:21:18.784119
952,be350140-c156-442f-89da-0a6e42ac8d4c,30,14098.60,credit,card,Chapman PLC,posted,2026-09-10 08:21:18.785962
953,a84c105c-c923-419b-957a-598454226478,85,13028.10,credit,card,"Abbott, Castillo and Clark",posted,2026-09-10 08:21:18.788043
954,593e59ae-07d1-4ea3-823d-568c223bc056,56,6837.98,credit,ussd,"Wallace, Salinas and Sloan",posted,2026-09-10 08:21:18.790021
955,b962d2dd-839c-431b-b847-6d08c4f013e7,1,14126.16,credit,ussd,Sloan PLC,posted,2026-09-10 08:21:18.791775
956,d99ba81e-9966-4821-b941-c0d4a78dc9e9,12,12298.98,debit,pos,Perry-Hernandez,posted,2026-09-10 08:21:18.794104
957,6c667e3a-a59f-47f5-9f34-42383fd75b8f,52,5298.29,credit,card,Rogers LLC,posted,2026-09-10 08:21:18.795869
958,87a343fd-8fe2-4589-9a08-c19e8845cace,166,9701.71,credit,ussd,Campbell LLC,posted,2026-09-10 08:21:18.797962
959,0ec49a04-64ba-4180-a164-bac591838261,50,2194.40,credit,transfer,Smith Ltd,posted,2026-09-10 08:21:18.79984
960,473757bc-1952-4aa3-9c52-e395dae695a5,122,15487.01,credit,transfer,James-Williams,posted,2026-09-10 08:21:18.801954
961,d4bc820d-2665-4b42-88dc-aa628cb2777d,113,9970.70,credit,pos,"Bass, Cox and Peterson",posted,2026-09-10 08:21:18.803996
962,273cec4f-96a8-4854-91e2-a1edb5202a85,126,2521.48,credit,pos,Lawson and Sons,posted,2026-09-10 08:21:18.805816
963,21b6c331-3b43-4ea3-808f-d99f1d39287b,166,19563.30,debit,card,Ayala-Campbell,posted,2026-09-10 08:21:18.8078
964,1f07fc4f-851a-4e57-be66-951e9c7e7137,107,16860.18,credit,ussd,Weber Inc,posted,2026-09-10 08:21:18.809565
965,5d801a5e-8a8b-4dee-8f76-1960ee1f3ede,92,6592.90,debit,card,"Nicholson, Cowan and Lozano",posted,2026-09-10 08:21:18.811722
966,d6f94b45-52bc-4ad1-b119-8a23de17cab0,104,8723.55,credit,transfer,"Smith, May and Christensen",posted,2026-09-10 08:21:18.813805
967,f640f7f2-74f6-4139-8459-91b0f87dd046,13,18108.73,debit,transfer,Rosales Ltd,posted,2026-09-10 08:21:18.815645
968,0e5065c0-7498-4a99-8433-1d6d083fc1b8,145,17196.67,debit,pos,Blake-Sparks,posted,2026-09-10 08:21:18.817728
969,bd60b645-31ca-4e5b-81c5-bdd873c5ff10,86,4760.44,debit,card,"Perry, George and Jones",posted,2026-09-10 08:21:18.819891
970,c6bbaefa-26f8-4698-bf82-4eb795bf6bb4,78,8411.89,debit,ussd,Bryan-Moreno,posted,2026-09-10 08:21:18.821824
971,718cc008-8648-463c-a6f0-49a07adf812e,43,11609.47,credit,card,"Roman, Scott and Murillo",posted,2026-09-10 08:21:18.824021
972,d32216c2-6832-4110-a54c-2445557f5b59,103,18565.94,debit,card,Buckley-Luna,posted,2026-09-10 08:21:18.825967
973,03155fee-c40a-4c37-971f-27ae109c1e9f,107,18729.34,credit,card,Summers Ltd,posted,2026-09-10 08:21:18.82771
974,0d06ab39-e7fd-497c-b89d-6bbbd27a7bec,12,19683.16,debit,ussd,"Hess, Clark and Wilson",posted,2026-09-10 08:21:18.829797
975,f528a303-7614-479f-8122-4dbbfb1371a2,49,14368.14,debit,ussd,"Gill, Caldwell and Robertson",posted,2026-09-10 08:21:18.831705
976,26bfec8e-28bc-421a-b554-9cf652236f61,191,2050.33,credit,transfer,Bell-Young,posted,2026-09-10 08:21:18.833595
977,832d9d97-fb99-4db8-b164-ccf6cc0b69fe,30,16125.22,debit,card,"Morgan, Fisher and Cisneros",posted,2026-09-10 08:21:18.835653
978,0e750382-eef7-4ed5-ab89-68317ccf251c,142,17264.41,credit,pos,"Thompson, York and Williams",posted,2026-09-10 08:21:18.8376
979,c1eab457-ba7f-4df0-9a82-0116446a5e4b,194,8477.87,credit,pos,Vazquez-Smith,posted,2026-09-10 08:21:18.839437
980,f0efe701-a899-440c-aa3d-5fef1363529e,130,18495.58,debit,card,Barrera LLC,posted,2026-09-10 08:21:18.841208
981,273fe062-3d20-4d5b-9497-5ce040375e9d,162,17484.75,debit,ussd,Mason-Wright,posted,2026-09-10 08:21:18.843122
982,0f2fccc4-1c9e-4a5c-a7c8-73bd097bdbf0,153,9980.94,credit,transfer,Smith-Smith,posted,2026-09-10 08:21:18.845073
983,e4afbb35-47ab-418b-b7b2-7918fe25a35a,14,6873.58,debit,transfer,Pham-Miller,posted,2026-09-10 08:21:18.847022
984,fa7bf832-bde0-43e8-8f1b-7e0f497aa7f7,133,11273.35,debit,pos,Brown-Odom,posted,2026-09-10 08:21:18.849038
985,ea31ae43-7215-4907-951b-da2ce021e38b,20,10480.63,debit,card,Berry-Solis,posted,2026-09-10 08:21:18.851132
986,d3613e8d-0396-4ae3-b94a-e9505c7f912e,10,1430.33,debit,pos,Krueger-Miller,posted,2026-09-10 08:21:18.853133
987,e232e970-c7c0-4ebd-a838-d69256e0461a,5,581.42,credit,transfer,Keller-White,posted,2026-09-10 08:21:18.855116
988,7057f7b4-e3a0-44f6-8d4f-fabbb9ac9d61,29,16879.02,debit,card,Patterson and Sons,posted,2026-09-10 08:21:18.856988
989,a33c642e-2287-435d-b4cb-af625edc1109,4,15887.44,credit,ussd,"Webb, Bailey and Walker",posted,2026-09-10 08:21:18.858971
990,0774d2c7-d73d-4706-841e-10ed26e69f8a,49,19717.18,credit,card,Perez-Buckley,posted,2026-09-10 08:21:18.860837
991,17f7441d-d53a-4c44-9e20-874d7077b0c2,199,12811.55,debit,transfer,Jones and Sons,posted,2026-09-10 08:21:18.862737
992,bb76b752-415a-41ef-a009-fb3be43115c9,45,12591.38,credit,ussd,"Cantrell, Thompson and Wallace",posted,2026-09-10 08:21:18.864689
993,9f600acf-e1cd-4af7-b0ff-c826f3cd9e28,94,8004.31,credit,card,Velez Inc,posted,2026-09-10 08:21:18.866477
994,9c27284d-d307-48cd-a9a9-6fd0bc953d65,18,4701.01,debit,card,Sloan Group,posted,2026-09-10 08:21:18.86841
995,a827922d-c7e3-4ed6-aafa-3c10a3858886,140,9074.53,credit,transfer,Torres Inc,posted,2026-09-10 08:21:18.87033
996,9db6d87e-ea9a-488a-8702-a4f0418a8181,103,6651.47,credit,card,Bennett Ltd,posted,2026-09-10 08:21:18.872298
997,a59d2538-af0d-40b7-b315-d8427f481337,196,17964.41,debit,transfer,Bishop Ltd,posted,2026-09-10 08:21:18.874181
998,f0c09108-f1aa-4ef9-85f7-a6e25b416596,165,1554.89,credit,card,Lynn LLC,posted,2026-09-10 08:21:18.876134
999,2027707a-cc98-46a3-bcae-8545bff2270b,89,7238.57,debit,transfer,Durham LLC,posted,2026-09-10 08:21:18.877989
1000,353e80cc-fc39-45a1-b42d-6d16eb65800d,76,5669.46,credit,card,Wilson-Ibarra,posted,2026-09-10 08:21:18.879917
1001,e311030c-cfbc-44b2-b6c0-f31b32f20656,152,2623.99,debit,pos,Olson and Sons,posted,2026-09-10 08:21:18.881699
1002,81b6f68e-88ac-44ff-bf55-f8d9b8da7ac5,42,15811.32,credit,card,Baker-Mason,posted,2026-09-10 08:21:18.883568
1003,54fdf6d0-e7c0-4660-8f01-1d7a3f355071,121,3542.63,credit,card,Mendez-Miller,posted,2026-09-10 08:21:18.885405
1004,4261e9fb-db38-4fc8-a740-cb7df4746e4e,16,9279.02,debit,transfer,Sanders Group,posted,2026-09-10 08:21:18.887253
1005,815e7a7b-f861-4a7b-b1f5-b71ba054d29a,60,9297.47,debit,transfer,Stevens Inc,posted,2026-09-10 08:21:18.889135
1006,edf82372-9a8f-4a3a-bb84-1e5faecff061,135,13205.97,credit,card,"Merritt, Lopez and Lane",posted,2026-09-10 08:21:18.891533
1007,c02e14fc-d844-43c7-86a4-dbd2199f6e05,7,16697.33,credit,pos,Meadows LLC,posted,2026-09-10 08:21:18.893391
1008,bdba2993-3907-47c1-8cd8-ad867c0e3ff2,84,8602.09,credit,ussd,"Tucker, Willis and Jackson",posted,2026-09-10 08:21:18.895365
1009,5d6bd075-5109-424c-93a3-139cdd0409c7,115,2349.93,debit,card,Davis LLC,posted,2026-09-10 08:21:18.897166
1010,7b15be5f-0374-4dd3-84d6-0f47372bf1f3,112,7514.19,credit,ussd,"Love, Jacobs and Palmer",posted,2026-09-10 08:21:18.89922
1011,f7d7eae0-e6ed-4484-abab-3ab7cce80bd8,195,9019.91,credit,card,Obrien and Sons,posted,2026-09-10 08:21:18.9012
1012,1c551f60-921e-4adb-97bd-4d21321e4163,131,17954.99,debit,pos,Cardenas Group,posted,2026-09-10 08:21:18.903045
1013,5fe79270-fc95-47d5-92b9-52203d942a2d,70,5951.65,credit,pos,"Lambert, Jones and Howard",posted,2026-09-10 08:21:18.905166
1014,d2e982ff-348f-480e-803a-b33d963878ba,102,163.95,debit,card,"Walls, Cardenas and Lawson",posted,2026-09-10 08:21:18.907208
1015,73762543-52f7-4d30-b730-0f404cdc7a3d,53,895.94,debit,pos,"Young, White and Fowler",posted,2026-09-10 08:21:18.909133
1016,e16b871a-aabf-4040-89fd-375415d53cd4,101,10248.70,credit,transfer,"Thomas, Anderson and Johnson",posted,2026-09-10 08:21:18.911328
1017,7fa73b51-d19e-4834-b1a8-9561504ff7da,181,5967.04,credit,card,Sherman-Dunn,posted,2026-09-10 08:21:18.913368
1018,a6fdc20a-c1e2-45a7-863a-66f9f614901b,103,798.29,debit,ussd,"Pugh, Hale and Giles",posted,2026-09-10 08:21:18.915719
1019,a4e2dd18-9eff-488b-8ef1-4f1d6007b74d,114,16770.16,debit,card,"Barrett, Simmons and Parrish",posted,2026-09-10 08:21:18.917723
1020,cb9c0abc-d752-45c1-b142-6605975b786e,144,18084.80,debit,ussd,"Hoffman, Owens and Cardenas",posted,2026-09-10 08:21:18.919778
1021,4885be65-34cb-4d63-b795-4b89f7104aa1,17,15486.38,debit,ussd,"Vargas, Allen and Cummings",posted,2026-09-10 08:21:18.921731
1022,4a4e209f-500a-489c-82da-9569fa454582,132,2518.40,credit,card,Hughes and Sons,posted,2026-09-10 08:21:18.923569
1023,c40efdb2-0343-4c61-af88-fe1cd2939fc5,54,2764.00,credit,ussd,"Washington, Garcia and Hayes",posted,2026-09-10 08:21:18.925489
1024,6471033b-e457-4c07-a42c-3423226bbbcc,51,15135.11,credit,card,"Rodriguez, Vaughan and Mcintyre",posted,2026-09-10 08:21:18.927456
1025,a963eb97-fc78-4eb2-a33a-56f87d63c277,129,11359.91,credit,ussd,Johnson and Sons,posted,2026-09-10 08:21:18.929232
1026,f5c8a8c9-4264-47be-8084-ad4635e718a5,155,14048.47,credit,transfer,"Lee, Hernandez and Ellis",posted,2026-09-10 08:21:18.931322
1027,4e82aaa7-fbf3-49de-a8ed-5c677bf17cd8,196,19427.43,debit,pos,Shepherd PLC,posted,2026-09-10 08:21:18.933112
1028,ac00093f-3cdf-4b52-a724-a07b78403ec8,150,11177.57,credit,transfer,"Cole, Bonilla and Evans",posted,2026-09-10 08:21:18.935247
1029,7ca0d00a-cc75-41da-a175-90bc41ead072,135,18508.94,credit,card,"Galloway, Pena and Monroe",posted,2026-09-10 08:21:18.937158
1030,a895104c-1087-4656-af87-75e47be021f0,147,12259.71,credit,card,Bryan Inc,posted,2026-09-10 08:21:18.939022
1031,83e9ce2c-c6f9-4cec-9843-4c6777765e35,48,1231.78,credit,pos,Daniels-Miller,posted,2026-09-10 08:21:18.941034
1032,dba08fbc-65c6-4ef2-8653-f942a85c2339,175,12069.96,credit,card,"Campbell, Hubbard and Woodard",posted,2026-09-10 08:21:18.943085
1033,4ba3aca9-2c16-4e99-af41-442c8efc9bd0,7,9970.63,credit,pos,"Martinez, Ross and Thompson",posted,2026-09-10 08:21:18.945181
1034,b29f35d5-7a3c-4cb4-9131-87490d4394af,46,16395.10,credit,transfer,Harrell-Weiss,posted,2026-09-10 08:21:18.947176
1035,01c546e9-1ffc-4595-9c1f-b7844435ff30,167,15785.43,debit,ussd,Buckley LLC,posted,2026-09-10 08:21:18.949148
1036,c14b05a9-3163-445b-b15b-f7e166d0f731,72,19399.65,credit,card,"Martin, Wyatt and Sullivan",posted,2026-09-10 08:21:18.951154
1037,3ed91d4b-6c3e-49c6-aeb3-936ba49d4d8a,66,4376.34,debit,ussd,Mcgrath LLC,posted,2026-09-10 08:21:18.9529
1038,6ac83c24-6b9a-4742-853b-21cc21f1a12a,110,6478.67,credit,transfer,Luna LLC,posted,2026-09-10 08:21:18.954718
1039,56511e57-2a5e-4291-827c-13bdaa034602,8,16954.32,credit,pos,Price PLC,posted,2026-09-10 08:21:18.956584
1040,e0f555da-02e1-4bd9-9097-333ce20673d5,66,8010.72,credit,pos,"Scott, Wilson and Perez",posted,2026-09-10 08:21:18.958638
1041,44c924d1-11e3-47dc-a19f-a519e7f586d6,106,10196.71,credit,pos,Blackwell-Gonzalez,posted,2026-09-10 08:21:18.960643
1042,3e566db5-2619-457f-ad50-455a2e854c76,56,12780.55,debit,pos,"Soto, Green and Hansen",posted,2026-09-10 08:21:18.962788
1043,5768c8c6-c1ff-4a11-a393-4c22eefc5d6b,182,5084.55,credit,pos,Smith-Roth,posted,2026-09-10 08:21:18.964689
1044,e9157f0e-c99a-49cf-ab89-534223d1126a,67,7756.61,credit,ussd,Paul LLC,posted,2026-09-10 08:21:18.966563
1045,0a563998-fd3b-4b9b-977c-741350b0d894,25,17431.25,debit,card,Smith-Green,posted,2026-09-10 08:21:18.968531
1046,f262f674-b2ba-440d-adc9-fd4f3053f4d9,186,6215.11,debit,ussd,"Warner, Rogers and Sharp",posted,2026-09-10 08:21:18.970602
1047,1d45f208-5a08-4425-97d5-196454469169,104,836.53,credit,transfer,"Henderson, White and Dean",posted,2026-09-10 08:21:18.972565
1048,f8a32ab1-dea4-4a46-9e20-c74845a2ee30,62,19282.58,debit,pos,"Hill, Valenzuela and Hartman",posted,2026-09-10 08:21:18.974599
1049,9ce08e58-d792-4f4f-96d5-1f0f146f8693,24,18977.32,credit,card,"Rodriguez, Kelly and Bowman",posted,2026-09-10 08:21:18.975816
1050,620d3b7f-cc4a-4b0b-919f-ba14f58f22c5,182,15647.22,credit,card,Martin-Prince,posted,2026-09-10 08:21:18.977681
1051,d4e62a0b-9cfa-4f5e-af11-4f7e6c8d41a2,44,5125.34,credit,pos,Murphy-Mcmillan,posted,2026-09-10 08:21:18.979643
1052,13639edf-abef-49a0-82ee-c582b5962e31,12,13390.88,debit,card,"Simmons, Tyler and Carroll",posted,2026-09-10 08:21:18.981648
1053,73bb3762-63bc-4594-8daa-7e594d4e61a4,176,5261.86,debit,ussd,"Wood, Padilla and Anderson",posted,2026-09-10 08:21:18.983695
1054,de956796-a5fc-4e42-9aad-9a16998c5df8,151,11654.20,credit,transfer,Ross-Pugh,posted,2026-09-10 08:21:18.985658
1055,86412efb-ff29-4b7e-bcc7-8b62e7e5fcef,137,2306.31,credit,card,"Walker, Fry and Hill",posted,2026-09-10 08:21:18.98778
1056,88dbb56c-dd8e-49c5-b8a4-154b1d9fc501,101,16392.76,debit,transfer,"Beasley, Zamora and Sherman",posted,2026-09-10 08:21:18.989863
1057,7f90d753-b105-4de5-b1a1-e2f16bbe9525,86,8784.26,credit,card,Watson Inc,posted,2026-09-10 08:21:18.991628
1058,44c19bb5-08af-4c4f-986e-8affd65883be,168,14442.09,debit,transfer,Long-Carter,posted,2026-09-10 08:21:18.99349
1059,487c5974-3a26-408f-93f5-4f9fc5743685,44,14886.39,credit,ussd,Finley Inc,posted,2026-09-10 08:21:18.995361
1060,f0cdfd80-c56f-4310-80a5-a1abb76fdcdc,176,3675.91,debit,pos,Wright-Sandoval,posted,2026-09-10 08:21:18.997341
1061,ab4d3697-ae33-469f-b650-c2a060c6edf6,124,13930.73,credit,ussd,Wilson-Crawford,posted,2026-09-10 08:21:18.999393
1062,1665a756-028f-4b45-9447-bdcf456c9acf,193,6930.92,debit,ussd,Rivera LLC,posted,2026-09-10 08:21:19.001169
1063,b76053fa-5476-4b48-a077-c8147b5ceb72,76,17833.46,debit,ussd,Ramsey-Rodriguez,posted,2026-09-10 08:21:19.003016
1064,af284315-f1e9-4e2d-b59a-b56f6ead5f5b,1,12616.99,debit,pos,"Case, Juarez and Newman",posted,2026-09-10 08:21:19.00482
1065,47c6063f-9f9b-4131-a747-abd6c40096c4,18,8693.47,credit,ussd,Higgins and Sons,posted,2026-09-10 08:21:19.006803
1066,69fa1a25-9ad0-447e-b761-ee9bf5e99afd,136,19007.10,credit,card,"Castaneda, Hampton and Nguyen",posted,2026-09-10 08:21:19.009021
1067,de8d85a0-73a9-4a6c-9d0c-8d79cd5b56ce,89,18643.77,credit,ussd,Scott-Maynard,posted,2026-09-10 08:21:19.010975
1068,05ce063c-edea-4422-85a4-1e75f839b03c,81,17524.07,credit,ussd,"Orozco, Rivera and Ramos",posted,2026-09-10 08:21:19.012884
1069,c1c06d7e-110e-4640-bc2c-065dc5733860,139,7731.99,debit,ussd,"Espinoza, Perez and Anderson",posted,2026-09-10 08:21:19.014848
1070,58829b82-e08b-4024-8e33-9b0aa0d9a6ab,150,5796.02,credit,pos,Mann Group,posted,2026-09-10 08:21:19.016525
1071,31ce784b-7877-47f3-bea0-8afc15b7bd25,167,17700.00,debit,card,Williams-Barton,posted,2026-09-10 08:21:19.01866
1072,ef2729a2-ca14-41cb-9bd4-d6fdcc2c6d83,123,8714.87,credit,ussd,Thompson PLC,posted,2026-09-10 08:21:19.020453
1073,683309af-34be-4eb4-a14d-11a20bd4b0e0,183,9206.94,credit,transfer,Drake LLC,posted,2026-09-10 08:21:19.022481
1074,590ab5fe-0c24-4e98-945b-5bcafe188cb1,15,6013.38,debit,pos,Martin-Bates,posted,2026-09-10 08:21:19.024351
1075,900530c4-0e1a-4475-8eb8-18bb4ba9b74d,29,6081.45,debit,transfer,Burch-Fry,posted,2026-09-10 08:21:19.026462
1076,50ea2ec8-2e40-45a5-91f4-c652a1da4b90,186,14072.75,debit,ussd,Benson Ltd,posted,2026-09-10 08:21:19.028305
1077,8ecf91ff-b547-4950-a735-ded829f39058,198,17758.70,credit,ussd,"Holloway, Graves and Higgins",posted,2026-09-10 08:21:19.030603
1078,c3851507-cac7-4a5e-86cd-bdcb42d92cd7,45,16213.03,debit,transfer,"Sanders, Williams and Taylor",posted,2026-09-10 08:21:19.032734
1079,c2a9393e-bfd6-45b7-b0d2-cc00c654620a,103,3297.71,credit,card,Alvarez-Brandt,posted,2026-09-10 08:21:19.03462
1080,eda62458-37aa-4a17-b043-bcaff80a26cd,20,9292.61,credit,card,"Newton, Harris and Schroeder",posted,2026-09-10 08:21:19.036602
1081,d12e3e1e-417b-47bd-a036-b7b98e6eb00b,163,4117.75,debit,pos,Bender PLC,posted,2026-09-10 08:21:19.038367
1082,7b3839de-521c-42c8-bda7-e95a69b2c636,175,2586.39,debit,card,Duffy LLC,posted,2026-09-10 08:21:19.040214
1083,3030085f-5cdc-45c7-99c0-c17ea5f126c0,34,16764.21,credit,card,"Holden, Adams and Allen",posted,2026-09-10 08:21:19.042286
1084,4ade2773-7528-4078-9809-72d5142cab81,173,5494.88,debit,ussd,Figueroa-Jones,posted,2026-09-10 08:21:19.044239
1085,b2410bf8-eca8-48dc-a97b-5cb4fb46ccfe,49,13805.72,debit,pos,Villegas LLC,posted,2026-09-10 08:21:19.046092
1086,214776ec-0026-4205-a216-df1d86026144,66,7114.53,debit,transfer,Church-Pena,posted,2026-09-10 08:21:19.04793
1087,de92986b-9e59-40a4-a2d6-03e55f6b7639,61,14697.75,debit,pos,Jordan LLC,posted,2026-09-10 08:21:19.049722
1088,25a029f6-2419-4f57-8972-bc36b27b2c96,191,15829.12,debit,card,Ryan LLC,posted,2026-09-10 08:21:19.051617
1089,837c9a2f-f210-415a-aba0-b42499f1a2d5,176,19752.88,debit,pos,Smith-Cruz,posted,2026-09-10 08:21:19.053514
1090,2e1a4c7d-b22e-4266-af8c-640b4a724712,78,895.17,credit,transfer,Evans and Sons,posted,2026-09-10 08:21:19.055347
1091,0209f6f9-a7e7-4961-8549-841d139710e4,62,10850.98,debit,card,Lee Group,posted,2026-09-10 08:21:19.057146
1092,f0d0465f-e1bb-4ada-b1fc-e718e586d18c,18,17414.38,debit,pos,Allen-Lawrence,posted,2026-09-10 08:21:19.059191
1093,74a6b4a1-c031-4af1-b117-8187c21ff6d5,185,11747.24,debit,pos,Alexander PLC,posted,2026-09-10 08:21:19.061153
1094,cd25b0f3-33b5-4ed6-84ae-2c04a6837c23,171,14350.81,debit,transfer,"Ryan, Peterson and Mcconnell",posted,2026-09-10 08:21:19.063116
1095,ad730fec-0a9a-45a6-bd62-e7c97977e9e0,65,13944.60,debit,ussd,"Whitney, Smith and Baker",posted,2026-09-10 08:21:19.065173
1096,221a1226-2292-43f9-9713-984eb042ec96,180,9064.91,debit,ussd,Howard Inc,posted,2026-09-10 08:21:19.067007
1097,1ef0097d-d14a-48b5-9ee0-3d41673cb67d,27,12038.20,debit,ussd,Gomez Group,posted,2026-09-10 08:21:19.068817
1098,ed5504ca-74f7-489f-8371-ba1b88fb942e,121,16277.35,credit,transfer,"Deleon, Yates and Joseph",posted,2026-09-10 08:21:19.070811
1099,0544ec24-683a-4502-a246-ad4c968ace60,168,149.03,debit,card,"Mcpherson, Adams and Wells",posted,2026-09-10 08:21:19.073032
1100,8cb5d458-1a62-4217-8f0b-6201b3a1e01d,130,8321.37,debit,pos,"Walters, Ward and Williams",posted,2026-09-10 08:21:19.075401
1101,73e8d81c-7d6a-406c-9ee6-fce53f9c671f,137,16219.39,credit,pos,Savage Ltd,posted,2026-09-10 08:21:19.077157
1102,b50cd3a5-8c4f-4d20-9cf1-7883f43e8404,175,4379.09,credit,card,Martinez-Brown,posted,2026-09-10 08:21:19.079256
1103,614c6169-8aad-4dd5-bdd2-e9465225201d,59,11611.98,debit,card,"Jackson, Werner and Wade",posted,2026-09-10 08:21:19.081404
1104,d662b57d-d50a-484b-a987-6833b4c1f333,164,4273.02,credit,pos,Martinez-Ray,posted,2026-09-10 08:21:19.083323
1105,02c247a8-1822-4bf8-9c9f-2a8b3c171586,196,9278.74,credit,ussd,Vazquez and Sons,posted,2026-09-10 08:21:19.085187
1106,b0c16cc4-9ec9-48a4-bf8e-e169239bc3eb,107,13518.05,credit,card,Morris Ltd,posted,2026-09-10 08:21:19.087107
1107,844aff16-9f9f-4300-99e9-ac9a276bfd0f,27,15271.04,credit,pos,"Velazquez, Cooper and Snyder",posted,2026-09-10 08:21:19.089491
1108,dd291648-660d-435f-8e1e-893f75651e37,153,17784.67,debit,ussd,Gordon-Ross,posted,2026-09-10 08:21:19.091601
1109,3d4edabb-ad52-4d26-bf96-9cb23d21433c,157,8485.82,credit,pos,"Evans, Coleman and Kirby",posted,2026-09-10 08:21:19.093564
1110,c64871c0-2cf2-4369-943c-a96bd73453fc,2,19751.38,debit,transfer,"Clarke, Jones and Ross",posted,2026-09-10 08:21:19.095725
1111,168b6a2c-3b11-41a0-8ad1-b6e3e54e68c8,28,11762.13,debit,pos,Mcknight Group,posted,2026-09-10 08:21:19.097589
1112,d59d471b-7e4c-4098-acdd-6da8d1c9b8da,79,18389.03,debit,transfer,Chang-Bennett,posted,2026-09-10 08:21:19.099762
1113,74b69302-5a22-4c61-a8db-482940eb2604,125,8444.95,credit,ussd,Morales-Guerrero,posted,2026-09-10 08:21:19.101737
1114,45364b75-d3cb-4214-8066-25fc45176933,182,2565.41,debit,pos,"Marks, Pittman and Castaneda",posted,2026-09-10 08:21:19.103904
1115,8a98c0a2-d060-4390-a5fb-9548b2723a2d,53,18757.33,debit,transfer,Thompson PLC,posted,2026-09-10 08:21:19.106018
1116,569f649d-2f43-47b8-940a-9ab94370c451,200,17099.52,credit,ussd,Robinson-Waters,posted,2026-09-10 08:21:19.108012
1117,823e7287-fbc5-4ccf-8eb5-6c6fa6a6904d,98,13343.86,debit,pos,Miller-Vang,posted,2026-09-10 08:21:19.109925
1118,cb4ce21b-11c2-4f26-8466-e6d831d64022,197,12412.02,credit,transfer,Schmidt Inc,posted,2026-09-10 08:21:19.111786
1119,cccac277-0cd8-4340-ace9-9d093d67fc37,114,18993.11,credit,transfer,"Schmidt, Davis and Flynn",posted,2026-09-10 08:21:19.1139
1120,0eb164c0-cd5b-449f-a0cc-a52c66b04562,80,17279.07,credit,card,Moore-Bolton,posted,2026-09-10 08:21:19.115931
1121,13598fa4-61a9-4801-9949-b7b52c110c0a,132,7860.74,debit,transfer,York-Murphy,posted,2026-09-10 08:21:19.117872
1122,080984c3-fc25-4730-913e-b8b11f01ec24,65,13750.38,debit,card,Joseph PLC,posted,2026-09-10 08:21:19.119867
1123,fe553387-7204-4e9b-a31a-6e00faf15bc5,45,4051.25,debit,pos,"Brown, Baker and Clark",posted,2026-09-10 08:21:19.122043
1124,ccd2bf1e-0aa8-4dcd-8dcb-b1b89f024010,127,8844.92,credit,ussd,Thomas-Reyes,posted,2026-09-10 08:21:19.124003
1125,a25d575f-069e-4def-9de2-8e0b89ac2466,138,19466.94,credit,pos,Bryant-Dyer,posted,2026-09-10 08:21:19.125964
1126,8d12a641-b541-4650-8ba1-091cfc5cf74d,124,14071.18,credit,card,"Branch, Smith and Butler",posted,2026-09-10 08:21:19.127946
1127,9d6b492f-960e-4d6e-b76d-73caa4bb160e,94,19313.13,credit,card,Faulkner Ltd,posted,2026-09-10 08:21:19.12978
1128,c691e98a-5a7c-4655-ad8b-74031ba60037,195,9735.13,credit,pos,Sutton PLC,posted,2026-09-10 08:21:19.131628
1129,a5fed982-083d-4237-95cf-960243835e67,157,17286.32,debit,transfer,"Obrien, Anderson and Koch",posted,2026-09-10 08:21:19.133614
1130,408085b0-9a89-49c3-a9fc-913a3044a10f,98,712.96,credit,ussd,"Hopkins, Moore and Lewis",posted,2026-09-10 08:21:19.13567
1131,04196713-fd3b-4f5c-8946-49577391473e,66,107.82,debit,card,Curtis and Sons,posted,2026-09-10 08:21:19.137558
1132,0d20d823-d8aa-4cb6-a56c-7ec4d87f1fab,139,10897.06,credit,transfer,Schwartz Inc,posted,2026-09-10 08:21:19.139497
1133,63aeff1c-a6a9-4087-b34c-4654613b4b73,192,9410.87,credit,transfer,Lopez Group,posted,2026-09-10 08:21:19.14129
1134,4e385c1c-bfa2-41b9-8bc5-67d800ba2f75,48,9172.25,credit,pos,Barnes-Wilkins,posted,2026-09-10 08:21:19.143393
1135,d5387653-2436-434b-a23e-cd284bc9e921,78,15144.85,credit,transfer,Mccoy-Perry,posted,2026-09-10 08:21:19.145379
1136,5c9bc26a-4316-4742-b823-5b5fc87a015a,127,13536.41,debit,transfer,Ellis Group,posted,2026-09-10 08:21:19.147199
1137,bd555011-1eed-44af-8091-82636ab3afd2,121,2825.93,debit,transfer,Herman LLC,posted,2026-09-10 08:21:19.149175
1138,bf4b732f-0748-4566-9a7e-cf62c524ca8a,193,12686.52,debit,transfer,Buck PLC,posted,2026-09-10 08:21:19.151007
1139,e5a9d775-aa92-45ea-a529-a9a60d61aaa0,119,12504.02,debit,pos,Hill-Garcia,posted,2026-09-10 08:21:19.153174
1140,3aba5221-a58e-4b96-9ef8-7fb9a8ae7f07,172,19412.80,credit,pos,Macdonald LLC,posted,2026-09-10 08:21:19.155034
1141,2293d932-e7dd-49f7-a8df-cec37657d49a,143,18749.05,credit,ussd,Richardson Ltd,posted,2026-09-10 08:21:19.157118
1142,085f9d90-de27-4d87-9c68-6621b559ca1a,1,19442.30,debit,pos,Sawyer-Short,posted,2026-09-10 08:21:19.159058
1143,97ce1bd8-c891-4650-94f1-474dc6b763e5,57,4440.99,debit,transfer,Miller-Little,posted,2026-09-10 08:21:19.161328
1144,f19a4b4a-bb19-45a9-ae37-abe69ceda97f,141,11663.25,credit,pos,Jones Ltd,posted,2026-09-10 08:21:19.163216
1145,f768194d-c573-4194-93c0-4168bfd0a904,27,15498.49,debit,ussd,Wright-Glass,posted,2026-09-10 08:21:19.164354
1146,6360c1af-3886-46b6-9caa-5ccd6be691bd,53,10664.99,credit,pos,"Perez, Martinez and Bailey",posted,2026-09-10 08:21:19.166331
1147,d27f55af-2bcd-4357-b5a4-05d9aeccd899,48,5871.85,credit,transfer,Mcknight-Smith,posted,2026-09-10 08:21:19.168192
1148,970ac361-c5aa-46a4-8987-dfd45ae16e3e,173,8833.06,credit,transfer,Hunter-Leonard,posted,2026-09-10 08:21:19.170122
1149,108686c9-56c8-4e65-a6b1-ffeff8e2dc49,58,15425.71,credit,ussd,"Massey, Aguirre and Turner",posted,2026-09-10 08:21:19.172109
1150,0a86493a-0626-4481-a236-3370bf9b78f8,132,19280.73,credit,ussd,James-Rodriguez,posted,2026-09-10 08:21:19.174068
1151,dbc8fb0b-f181-4c00-aa15-fc24e15d88f3,89,18120.52,debit,transfer,"Perkins, Davis and Haas",posted,2026-09-10 08:21:19.176165
1152,1226500c-6a15-4ed3-9829-b1220c4d8053,145,19411.78,credit,ussd,"Norris, Valenzuela and Perez",posted,2026-09-10 08:21:19.178221
1153,5544f266-20a8-4363-989c-255425d8d2f8,1,17391.62,debit,pos,Evans-Foley,posted,2026-09-10 08:21:19.180156
1154,b665a462-fd19-467c-badc-26109b664f34,180,13499.21,debit,pos,Morrow and Sons,posted,2026-09-10 08:21:19.18234
1155,49e43015-4fdb-42c7-a16a-a824900f328b,13,7966.15,debit,transfer,Bautista-Garcia,posted,2026-09-10 08:21:19.18426
1156,a8298bb5-4fce-42bb-9088-17b6a29525d5,63,9537.11,credit,pos,Davis-Alvarez,posted,2026-09-10 08:21:19.186147
1157,8c17cdea-ce0d-4e56-8d82-1a40959420f5,73,6453.27,debit,card,Hodge-Mcguire,posted,2026-09-10 08:21:19.187992
1158,f8921c57-31d1-420d-9277-c743bf3bb1e9,195,9377.10,debit,ussd,"Garcia, Kelly and Hall",posted,2026-09-10 08:21:19.190163
1159,79b134a7-394d-46e6-a49b-989b05778892,149,18948.22,debit,pos,"Terrell, Brewer and Walker",posted,2026-09-10 08:21:19.19232
1160,91961095-54ee-4dc7-91da-26bd2d283f2d,113,13653.75,credit,pos,Perez PLC,posted,2026-09-10 08:21:19.194225
1161,157c4526-17a3-40b6-8dcb-8abaad26e2bb,86,5659.41,debit,ussd,"Pham, Bell and Ellis",posted,2026-09-10 08:21:19.19626
1162,950f3085-792c-490b-ab78-a1afc0999021,109,9731.21,debit,card,"Henderson, Dominguez and Martinez",posted,2026-09-10 08:21:19.198218
1163,b1c3ad26-37a4-4f23-8349-08cad0fb0773,178,13203.94,debit,ussd,Cervantes Ltd,posted,2026-09-10 08:21:19.199974
1164,00c6664c-8e9b-41e9-8297-059d336aca83,189,5937.51,debit,pos,Nicholson-Cross,posted,2026-09-10 08:21:19.201822
1165,6a1e9c31-27a7-49cc-934a-760122ed142a,166,13683.82,credit,pos,Phillips-Solis,posted,2026-09-10 08:21:19.203864
1166,bbdcf238-18e7-4d9c-af9a-42540eecb095,97,2158.47,credit,card,Johnson-Hunt,posted,2026-09-10 08:21:19.205096
1167,8ff452f7-82f1-4dbb-b63c-c973b27afbd8,111,19866.65,debit,card,Ross-Mcclain,posted,2026-09-10 08:21:19.206967
1168,22a79c88-b4e4-4971-9e52-4019e9ca1072,5,18823.79,credit,pos,Blanchard Group,posted,2026-09-10 08:21:19.208864
1169,49323989-cb73-4b93-95ab-d65cad6f738d,113,575.80,credit,card,Taylor-Meyer,posted,2026-09-10 08:21:19.210888
1170,2e86e1f9-4d16-4b53-8080-bfa2309fe57e,13,19468.89,credit,pos,"Weber, West and Park",posted,2026-09-10 08:21:19.21292
1171,f0bdb152-59b2-4901-b745-13497907f6ac,97,18116.30,debit,ussd,Gibson Group,posted,2026-09-10 08:21:19.214748
1172,78291de9-3719-445a-a3fc-feac189786ff,49,11423.71,credit,transfer,Acosta and Sons,posted,2026-09-10 08:21:19.216687
1173,17201047-313d-4263-8208-32dd7bc6a97b,27,13343.68,credit,card,Rogers-Beck,posted,2026-09-10 08:21:19.218715
1174,ccdcc34b-690c-4b28-98d5-7fa29db392ec,127,4707.86,debit,card,Duncan-Calderon,posted,2026-09-10 08:21:19.220749
1175,5d4e7641-6920-4554-b1e4-90b31e214f88,1,13309.40,debit,transfer,"Wilson, Marshall and Hodges",posted,2026-09-10 08:21:19.222785
1176,0c5101f4-8bb5-43a9-b13e-d9756d343a40,8,2631.09,debit,pos,Rubio-Brown,posted,2026-09-10 08:21:19.224825
1177,1418cec3-d4fb-4737-9c57-584601f30711,7,10385.82,debit,ussd,"Schmidt, Johnson and Wilson",posted,2026-09-10 08:21:19.226861
1178,97f7e134-5e6f-4dc0-9625-802590a45f54,103,5566.92,debit,pos,Smith-Dunn,posted,2026-09-10 08:21:19.228756
1179,9558b662-15fc-4058-b669-dedcaaad18f2,183,10960.78,credit,transfer,Mosley PLC,posted,2026-09-10 08:21:19.230534
1180,a904ba30-ad99-4aa6-8f2d-321979e3d164,74,14260.73,debit,pos,"Miller, Humphrey and Saunders",posted,2026-09-10 08:21:19.232708
1181,8e470e1b-fdef-4b81-8b55-3e293180a30b,105,339.00,debit,ussd,Wagner Inc,posted,2026-09-10 08:21:19.234465
1182,107bc2f5-3280-4616-b9a0-3afeceb3179c,170,19412.10,debit,transfer,Miller-Moody,posted,2026-09-10 08:21:19.236567
1183,6c29a1d8-a15a-4ec8-af29-6b007bf19350,61,1402.68,debit,transfer,Gutierrez-Miller,posted,2026-09-10 08:21:19.238566
1184,f1194c09-11ae-457c-bc04-b819ba33bcae,98,15162.90,debit,pos,"Farmer, Bullock and Wilson",posted,2026-09-10 08:21:19.240554
1185,81ed3694-3c6b-425a-ba82-9c594f7dddb4,88,13846.09,debit,ussd,Clark-Cox,posted,2026-09-10 08:21:19.242944
1186,e3b859b7-063d-45fa-936e-71377631622a,127,10289.86,debit,transfer,"Burnett, Carr and Tyler",posted,2026-09-10 08:21:19.245016
1187,2ab01148-6a4d-434b-9a33-934b7b7bbbc8,25,1924.55,debit,ussd,Jones Inc,posted,2026-09-10 08:21:19.246861
1188,dd385aa5-477c-4030-8934-da777364f212,27,9367.18,credit,card,Martin LLC,posted,2026-09-10 08:21:19.248951
1189,c70e6349-c5b2-4a01-b4ff-20fd071c0d38,33,18753.98,debit,transfer,Hickman-Young,posted,2026-09-10 08:21:19.250988
1190,6e89edab-8783-4b76-8dc8-59625661c324,181,13819.73,debit,pos,"Allen, Lewis and Brooks",posted,2026-09-10 08:21:19.25301
1191,0e9b5810-ee36-4c71-b0ed-7908b5d50028,153,2659.34,debit,ussd,"Fitzgerald, Nichols and Marshall",posted,2026-09-10 08:21:19.254992
1192,8485f8ee-4337-40a7-8cbb-18d3ae474718,8,19440.76,credit,pos,Summers Inc,posted,2026-09-10 08:21:19.256726
1193,786f7baf-d75d-4db5-8e65-a55563741759,57,19904.94,credit,ussd,Anderson LLC,posted,2026-09-10 08:21:19.25858
1194,7837b86a-de8a-44c6-99bd-8c8493a333ca,104,12984.72,debit,ussd,Vasquez-Davis,posted,2026-09-10 08:21:19.260489
1195,29d7bb02-1b98-4310-ba4f-a5c6f70003a1,18,19459.50,credit,pos,Baxter and Sons,posted,2026-09-10 08:21:19.262275
1196,a3506a37-11ce-4625-b90f-69cc117b8474,131,583.60,credit,transfer,"Clark, Kelly and Brown",posted,2026-09-10 08:21:19.264455
1197,10a06530-93bf-423c-8ca9-b13a2118bae2,156,15036.23,debit,card,Prince PLC,posted,2026-09-10 08:21:19.266296
1198,ac51afd0-8cb4-4246-bf34-72797cb86eac,58,11604.59,credit,ussd,Whitehead-Owens,posted,2026-09-10 08:21:19.268121
1199,960fe487-3e7a-46ef-97f6-e87f37fc542e,199,16843.53,debit,card,Lopez Inc,posted,2026-09-10 08:21:19.269974
1200,a8d77116-8cd8-4b44-a062-2dedeae0e308,25,8157.84,credit,card,Arroyo-Armstrong,posted,2026-09-10 08:21:19.271761
1201,8f36787b-76d4-4f61-8c0a-bb381b382281,147,411.31,debit,pos,Jacobs LLC,posted,2026-09-10 08:21:19.273524
1202,91dbb159-cc65-4998-b403-39b6f0d4c7a4,199,18519.90,debit,card,"Cox, Davis and Bradford",posted,2026-09-10 08:21:19.27554
1203,8da738cb-9e70-4ada-a1df-4a5022935376,25,18403.33,credit,ussd,Howard-Thompson,posted,2026-09-10 08:21:19.277433
1204,3473f34d-6fbd-4829-8868-c96916ae5f36,104,17373.83,debit,ussd,Campbell Group,posted,2026-09-10 08:21:19.279266
1205,d39014df-8708-43ee-a8eb-809e56383a0f,141,3547.63,credit,card,"Harmon, Rush and Dixon",posted,2026-09-10 08:21:19.281427
1206,6d88c001-ff8e-4469-bc64-e08c7ab53e1f,9,8560.06,credit,pos,Zuniga-Horn,posted,2026-09-10 08:21:19.283633
1207,44bd5f6a-58c2-4320-80fe-15ee65c36670,179,12346.37,debit,card,Olsen-Powell,posted,2026-09-10 08:21:19.285634
1208,8b0d1875-bd7f-4914-b612-d889af86324d,15,7340.31,credit,card,"Martin, Perry and Fisher",posted,2026-09-10 08:21:19.287657
1209,b61b860f-a666-4486-b81e-0cb61cf5620b,64,10663.26,credit,card,Williams-Young,posted,2026-09-10 08:21:19.289514
1210,0dba8412-5ac1-4ce8-8e8a-f5ded1cb6601,118,10619.00,debit,pos,Gomez Inc,posted,2026-09-10 08:21:19.291423
1211,e313b56b-2416-45ff-9b95-199ae231aff6,110,14951.69,credit,pos,Powell and Sons,posted,2026-09-10 08:21:19.293302
1212,ee85cea2-87e1-4966-9636-14601c288799,130,2324.59,debit,ussd,Lopez-Galvan,posted,2026-09-10 08:21:19.29548
1213,e2512ecc-3ce8-45cf-8a83-c7d638b738df,67,17028.44,credit,transfer,"Davis, Clark and Hansen",posted,2026-09-10 08:21:19.297748
1214,d143a530-22f6-4cfa-866b-71c3050a8f1a,172,8934.06,debit,pos,"Franklin, Brown and Soto",posted,2026-09-10 08:21:19.299945
1215,409c5be7-ce3f-4ace-af54-7c5b7aadcd8b,134,243.01,debit,pos,Holloway Group,posted,2026-09-10 08:21:19.301758
1216,768061ab-e66e-4686-ac0f-97b59bf387f4,130,12008.01,credit,card,"Patrick, Dunn and Sherman",posted,2026-09-10 08:21:19.303968
1217,43b0d382-4a58-4e08-85e0-3eaf09da6f72,134,12738.20,credit,ussd,"Brown, Walsh and Sutton",posted,2026-09-10 08:21:19.306015
1218,e8d39f1d-32b5-40a9-8ec8-e783c62f00fe,144,7970.76,debit,ussd,Ortega-Wood,posted,2026-09-10 08:21:19.307874
1219,b15d6ea1-91a4-4f66-8d2d-ee0418f49870,183,8068.26,debit,ussd,Snyder-Jones,posted,2026-09-10 08:21:19.309866
1220,ac37c1f3-3125-4b0f-b21e-829591596847,97,7637.23,debit,card,"Curry, Sanford and Kennedy",posted,2026-09-10 08:21:19.311833
1221,19afb040-97b0-4ae1-90de-2557598a368d,154,12645.52,debit,pos,"West, Huang and Wilson",posted,2026-09-10 08:21:19.314197
1222,6746f5b4-3582-4083-bc2d-55c390a07f2c,180,13631.20,debit,transfer,"Gibbs, Cunningham and Cooley",posted,2026-09-10 08:21:19.316231
1223,63a7a1bb-8222-40cf-ba0e-4405d6525428,185,18240.99,debit,card,Nelson-Macias,posted,2026-09-10 08:21:19.318332
1224,c54d5188-ea1a-4964-9a1c-30ff304d0590,98,18680.95,debit,card,"Berry, Stein and Wheeler",posted,2026-09-10 08:21:19.320324
1225,657129d6-8683-4402-81e0-263f19c7035a,149,18530.38,debit,transfer,Waters-Johnson,posted,2026-09-10 08:21:19.322244
1226,89b2d504-99e2-4988-942c-ea468453fe39,55,7866.57,debit,pos,Wilson Ltd,posted,2026-09-10 08:21:19.324067
1227,0405566a-555b-4796-946c-775741ea53d6,108,11035.91,credit,card,Farmer Inc,posted,2026-09-10 08:21:19.325966
1228,4ba37b38-2829-4bf1-a1ee-df1fc7a4991c,58,12549.05,credit,transfer,"Castillo, Love and Reed",posted,2026-09-10 08:21:19.328182
1229,b749404c-2269-4821-b0ba-eb6b210269f0,137,9842.31,debit,card,Hines PLC,posted,2026-09-10 08:21:19.330111
1230,cd2429e6-a6e8-4221-9948-3b161f117518,20,19356.77,debit,pos,Hensley PLC,posted,2026-09-10 08:21:19.331687
1231,5464c1b0-41b9-47cf-a0f9-0bed7da11a7b,198,7126.20,debit,pos,Brown-Shields,posted,2026-09-10 08:21:19.33384
1232,57292542-a8c5-4666-b31c-4c3530db9598,188,11550.93,credit,transfer,"Simpson, Mahoney and Levy",posted,2026-09-10 08:21:19.335811
1233,96235427-0785-4990-a067-c409fc560137,71,10335.09,debit,pos,Turner Group,posted,2026-09-10 08:21:19.337642
1234,cb8b742b-4493-4ae7-9037-4e90dd3e47b7,68,19646.90,credit,pos,Sellers Ltd,posted,2026-09-10 08:21:19.339471
1235,37cf8454-18f9-401b-8f84-4d19d6d9489e,73,7110.75,debit,transfer,Graves LLC,posted,2026-09-10 08:21:19.341275
1236,aef4841b-606a-4dea-9ce8-3d7a33e8d5c6,42,1798.52,credit,card,Rivers-Jordan,posted,2026-09-10 08:21:19.343324
1237,e721c1f5-2f1a-43fc-b310-3930b9433728,25,12182.93,debit,transfer,Pham PLC,posted,2026-09-10 08:21:19.34522
1238,345b16c1-e51b-42e0-8289-868fa905654d,145,13192.51,debit,card,Hampton-Jones,posted,2026-09-10 08:21:19.347155
1239,2fd13ae8-8921-46b8-bed6-97e0b2fc075a,122,8672.88,credit,card,Monroe-Pineda,posted,2026-09-10 08:21:19.349047
1240,42dee1c9-8745-4228-a6b0-ae5277385211,137,17291.42,credit,card,Holland PLC,posted,2026-09-10 08:21:19.350878
1241,ab9a7f9e-c931-4894-aab2-ad404439d0c2,16,6336.74,credit,card,"Smith, Gallegos and Sanders",posted,2026-09-10 08:21:19.352945
1242,0a2c7608-240f-478b-9b4e-80d2eb4ac3ea,104,9998.26,credit,card,King-Daniels,posted,2026-09-10 08:21:19.354868
1243,5aa34a66-974d-495e-98ae-2a94a5fe10b3,157,11930.79,credit,pos,Dalton Group,posted,2026-09-10 08:21:19.356807
1244,21e148b3-939c-45d5-a9d0-90efd079516c,43,5017.41,credit,card,"Clark, Camacho and Allen",posted,2026-09-10 08:21:19.358825
1245,70ef8b30-049d-4f6b-b2ea-3df8d5821535,157,5118.99,debit,pos,Sullivan Inc,posted,2026-09-10 08:21:19.360687
1246,81fa9404-a540-4cc9-855e-bfa6b368586e,163,4723.39,debit,card,"Burton, Dixon and Ibarra",posted,2026-09-10 08:21:19.362822
1247,15a5ad19-67f8-4115-a4bb-5b4b003135bf,80,18562.21,debit,transfer,"Larson, Schroeder and Gonzales",posted,2026-09-10 08:21:19.364779
1248,3acdc16c-c893-41c0-823d-9e0543d4ff70,11,18228.34,credit,card,Eaton PLC,posted,2026-09-10 08:21:19.366542
1249,511be1a5-cf2c-45d1-9e84-b5769118d411,6,19035.88,debit,card,"Martin, Fischer and Grant",posted,2026-09-10 08:21:19.368602
1250,bd67001e-1c47-42db-814c-ca65ed60b3cd,69,7069.60,debit,card,"Lynch, Wright and Wall",posted,2026-09-10 08:21:19.370666
1251,d31c12b2-3b9b-4a45-869b-8d76a90b1d4e,98,4992.18,debit,transfer,Mitchell-Bond,posted,2026-09-10 08:21:19.372603
1252,16515dd7-8bee-4209-9fd9-26cb290cb2d5,175,16415.18,debit,transfer,"Thompson, Ramsey and White",posted,2026-09-10 08:21:19.374518
1253,0318a4c7-45c4-4f99-8dcd-91c6e0f21666,166,17928.28,debit,transfer,"Bauer, Wilson and House",posted,2026-09-10 08:21:19.376464
1254,1be12f02-e3a0-45d9-997f-f1f6489c6b00,40,18237.11,credit,pos,Johnson LLC,posted,2026-09-10 08:21:19.378508
1255,d0cd8707-9b6d-4a17-914f-bc68df52ff8a,164,10946.50,debit,card,"Stewart, Singleton and Berry",posted,2026-09-10 08:21:19.380633
1256,b3f7ad88-ab5c-4c10-a86d-566b9f7f7658,33,1089.64,debit,card,Herrera-Williams,posted,2026-09-10 08:21:19.382488
1257,b2ca8121-f282-4db4-b878-b608b5b47efa,141,18096.90,credit,card,"Torres, Massey and White",posted,2026-09-10 08:21:19.384438
1258,72783647-cc7c-45c8-989e-1bebfdc7a556,178,5296.87,debit,card,Torres-Rivera,posted,2026-09-10 08:21:19.386426
1259,93ae73ae-bc40-4aba-a568-f2419b71a4c3,139,732.74,credit,ussd,"Hall, Lopez and Horton",posted,2026-09-10 08:21:19.388461
1260,7fc40de0-21e4-4411-9aa5-18621b88c050,184,16032.76,debit,ussd,Clark Inc,posted,2026-09-10 08:21:19.390324
1261,e350f5f0-2546-4e52-b680-bc38df2ddf32,187,15511.26,debit,card,"Bowen, Levine and Bell",posted,2026-09-10 08:21:19.392487
1262,4d5beb9b-165a-42d0-b3bf-704540f8c437,7,5045.84,debit,transfer,"Bell, Valenzuela and Moses",posted,2026-09-10 08:21:19.394548
1263,7c47a760-41d3-4772-bf92-8f3343f973d0,55,12746.05,debit,pos,Freeman Ltd,posted,2026-09-10 08:21:19.39643
1264,6694e4ce-04e9-4b90-97ef-fd4c6ebaeacd,41,5058.76,debit,card,"Fisher, Frost and Tanner",posted,2026-09-10 08:21:19.398461
1265,0056d394-8328-4407-8a18-da130236f177,153,16561.15,credit,pos,Martin Inc,posted,2026-09-10 08:21:19.400353
1266,715e45ff-c1bf-41b9-9779-ac9f1710ebc8,153,8322.62,debit,pos,Torres Inc,posted,2026-09-10 08:21:19.402196
1267,c45219f2-e167-4764-9b9d-2f1bb5062bbe,46,10093.97,credit,ussd,Brown-Lopez,posted,2026-09-10 08:21:19.404158
1268,bf86cc90-956a-424e-bf90-abb1dd25c07f,156,17408.06,debit,ussd,"Jones, Golden and Conley",posted,2026-09-10 08:21:19.406301
1269,d93cf21e-12b6-497a-8f65-201dce7b24e8,34,2176.53,credit,transfer,"Gentry, Rodriguez and Smith",posted,2026-09-10 08:21:19.408316
1270,6fd754b7-201d-4273-b408-2e3a231b3430,109,15149.25,credit,pos,Mcguire-Meza,posted,2026-09-10 08:21:19.410294
1271,1243b759-59fd-4878-a1e8-56403d0d4bac,136,1369.81,credit,card,"Nichols, Stone and Holland",posted,2026-09-10 08:21:19.412424
1272,62a617aa-f06e-48e1-946f-91aa551c0487,6,15929.92,credit,transfer,Anderson Inc,posted,2026-09-10 08:21:19.414398
1273,bd3b1fbb-342c-4c5d-9f3f-531f9121684a,163,9368.91,debit,ussd,Bowman-Fleming,posted,2026-09-10 08:21:19.4164
1274,9f263dad-9ff9-47ba-ae7f-181c14677b68,65,13432.57,debit,ussd,Brown and Sons,posted,2026-09-10 08:21:19.41828
1275,e22ca576-4788-4b20-a4ac-bfe438094a05,67,16072.71,debit,ussd,Johnson-Krause,posted,2026-09-10 08:21:19.420257
1276,a18d95c4-6f92-4f53-a28d-a18e11bd1249,170,4588.50,credit,pos,Jones-Garcia,posted,2026-09-10 08:21:19.422291
1277,c7bba24b-de7d-4ffc-852e-f8bfd55477f4,98,11174.81,debit,ussd,"Lowe, Walker and Vasquez",posted,2026-09-10 08:21:19.424356
1278,7ad7f987-2443-4cb1-b4e0-394783a8c37c,38,3041.66,credit,ussd,"Jefferson, Bonilla and Rosario",posted,2026-09-10 08:21:19.426936
1279,97bc819c-6c9c-48ff-9f29-3a8a2bac26aa,82,1447.74,credit,card,"Evans, Phelps and Aguirre",posted,2026-09-10 08:21:19.429014
1280,46de20fc-5fb4-41a1-b63e-f615c670eaca,192,4782.56,debit,ussd,Stevenson Group,posted,2026-09-10 08:21:19.430896
1281,581b9cfa-eabc-467e-9d48-ba4ad28a5fa2,57,8714.58,debit,pos,Reyes Ltd,posted,2026-09-10 08:21:19.432668
1282,85d57e18-10cb-4854-a249-04e0dec38980,73,7082.57,credit,transfer,"Gill, Davis and Guzman",posted,2026-09-10 08:21:19.434765
1283,0414727c-7ac0-4b79-ba13-0d3f4b8807f4,62,16019.42,debit,ussd,Weber PLC,posted,2026-09-10 08:21:19.43655
1284,319501bb-0897-4bd1-80a0-8492c3ea8ff2,190,866.89,debit,pos,Hull-Robinson,posted,2026-09-10 08:21:19.438681
1285,935a6c2b-9de9-4a66-879f-c3f47b859788,64,3076.71,debit,transfer,Medina and Sons,posted,2026-09-10 08:21:19.44102
1286,9f8989b3-2033-420c-8843-cded1317d963,189,6748.96,debit,card,Hamilton-Olson,posted,2026-09-10 08:21:19.442929
1287,2eff40f5-68fc-49a5-8375-b8d86ff79946,85,8608.34,credit,transfer,Howard-Mcdowell,posted,2026-09-10 08:21:19.444894
1288,be9429e0-ee3f-477e-a866-e99d7fd3d178,29,4758.81,credit,pos,Zimmerman-Horton,posted,2026-09-10 08:21:19.446837
1289,73450251-500d-4fae-88b9-9360ccf2cfae,88,10008.49,credit,transfer,"Simmons, Williams and Briggs",posted,2026-09-10 08:21:19.448891
1290,12c09fe6-2bba-446b-96f0-59bb8e95ceac,56,18689.98,debit,card,Schultz-Oneill,posted,2026-09-10 08:21:19.451237
1291,1144534b-e0d6-4dac-90fa-544ab78b22b4,93,17479.07,credit,ussd,Williams PLC,posted,2026-09-10 08:21:19.453112
1292,29296751-350b-4d34-9b15-a9f3fa911c82,50,18676.78,debit,pos,"Anderson, Ortega and Perry",posted,2026-09-10 08:21:19.455412
1293,dd373ca0-9faf-4f92-97ad-861d8c4ab886,90,5721.71,credit,card,Mckay-Thompson,posted,2026-09-10 08:21:19.457309
1294,9410423b-a0cf-447c-be81-e284af8ee24c,83,9679.50,credit,pos,"Hoffman, Powell and Mitchell",posted,2026-09-10 08:21:19.45958
1295,82124f8b-82f3-40ce-9e4b-0aec3dcd1bef,14,8605.98,credit,pos,"Davila, Rogers and Robertson",posted,2026-09-10 08:21:19.461648
1296,3ef39a86-0cf2-4bcf-b26b-0f49e135a8ac,24,18048.53,debit,pos,Mcdowell Group,posted,2026-09-10 08:21:19.463486
1297,1696d045-70fa-4a59-8cbd-644a2b7e6481,131,15035.82,credit,pos,Owens-Davis,posted,2026-09-10 08:21:19.465411
1298,eef31d20-7c67-44ef-b3e4-5fd02fdf9479,184,7398.17,debit,transfer,Hall-Rhodes,posted,2026-09-10 08:21:19.467359
1299,a32dfb19-82f1-4681-972f-0f474ae82eef,136,17264.41,credit,pos,"Sanders, Duran and Morrison",posted,2026-09-10 08:21:19.469304
1300,0d72f985-9dd8-4614-bd06-a27f6f445338,81,17905.10,debit,card,"Schultz, Martinez and Avila",posted,2026-09-10 08:21:19.471308
1301,b54661f9-341d-4795-a67e-5a356d41dd7a,133,11146.65,credit,transfer,Burke LLC,posted,2026-09-10 08:21:19.473089
1302,530cc5c8-7817-4246-a0cc-1106cdac8dd2,86,3343.95,credit,transfer,Johnson-Rivera,posted,2026-09-10 08:21:19.475149
1303,0ce0e272-98e9-4495-ad16-99f7f62ab29a,197,5073.70,debit,transfer,Smith Ltd,posted,2026-09-10 08:21:19.476939
1304,c1e9ecc0-2862-4bce-be54-082238ae9599,131,16154.47,credit,ussd,Petersen PLC,posted,2026-09-10 08:21:19.478802
1305,45ea9874-fed7-475a-b32f-5b4696ded2a8,76,16901.52,credit,card,Miller PLC,posted,2026-09-10 08:21:19.480655
1306,8fa58156-6bb9-4b36-81bd-14cce1e9baba,163,9351.04,debit,transfer,Hoover Group,posted,2026-09-10 08:21:19.482691
1307,3c7c1aba-cc28-49a7-bbba-9e01e7bbd6bb,94,554.81,debit,transfer,"Simmons, Walter and Drake",posted,2026-09-10 08:21:19.484752
1308,0f444e61-d2c6-4271-bff4-3528555e2737,199,12975.48,debit,ussd,Edwards PLC,posted,2026-09-10 08:21:19.486613
1309,fecbc7d5-04a6-443c-aee5-192bae5c445a,133,14954.66,credit,card,"Bennett, Wang and Marsh",posted,2026-09-10 08:21:19.488732
1310,0bb6f8f4-d8bc-4999-82b9-807a12a5d2da,3,6782.11,debit,ussd,Patterson-Meza,posted,2026-09-10 08:21:19.490676
1311,9cfdefac-bd1f-4a69-900d-3a93a6ab7ddb,54,1471.75,debit,transfer,"Booker, Curry and Wallace",posted,2026-09-10 08:21:19.492743
1312,0ffb57ea-f463-4dd7-87f6-ceccbd550ea0,86,7688.32,credit,transfer,"Perez, Tucker and Dorsey",posted,2026-09-10 08:21:19.494844
1313,4c7498d3-ee6c-4f7f-a9b8-ca5e8c5bd836,110,195.36,debit,card,Mckinney-Collins,posted,2026-09-10 08:21:19.496755
1314,802ffbe9-08e9-437e-99b0-8c275df13eb8,161,6060.58,debit,transfer,Williams Inc,posted,2026-09-10 08:21:19.498594
1315,fce5fbe2-39a8-4491-a997-4a131d1c73a3,196,15630.78,credit,transfer,"Lewis, Underwood and Morgan",posted,2026-09-10 08:21:19.500611
1316,fbdc5804-589a-4bf3-8995-2563c49cda9d,4,18697.13,credit,transfer,Johnson Ltd,posted,2026-09-10 08:21:19.502391
1317,40e91d14-4320-484c-898a-eae7052b7382,82,15703.27,credit,pos,Patrick-Banks,posted,2026-09-10 08:21:19.504448
1318,475df670-1ecd-4279-9a91-8dbb4c9f16bb,68,5573.65,credit,card,Aguilar and Sons,posted,2026-09-10 08:21:19.50633
1319,8a92ab81-f8f8-4ed9-a632-fbc367ac2718,152,4753.69,debit,ussd,Lester-Sheppard,posted,2026-09-10 08:21:19.508515
1320,6a1e255d-a4e0-4b77-a4ba-6f11bb1c3fd2,165,2202.70,credit,transfer,Mills-Allen,posted,2026-09-10 08:21:19.510748
1321,f73e7de0-6a99-4222-be84-e54220ade2a9,26,11428.15,debit,transfer,Smith Ltd,posted,2026-09-10 08:21:19.512596
1322,a69b72fd-a030-4619-b8bc-5df1fdeae905,62,7003.36,debit,card,"Bennett, Hill and Franklin",posted,2026-09-10 08:21:19.514769
1323,68428e0d-f8c8-4588-8a1c-196dea304949,177,3312.29,debit,pos,"Lewis, Rogers and Padilla",posted,2026-09-10 08:21:19.516739
1324,5b48f9cd-6fc2-4862-9780-585b2623fbee,106,15456.64,credit,pos,Gardner-Bullock,posted,2026-09-10 08:21:19.518706
1325,7af8a03c-0fb2-427c-8f44-d464b1cc7e61,171,16201.92,debit,card,"James, Townsend and Aguilar",posted,2026-09-10 08:21:19.520979
1326,d82f0b7d-4838-4387-973b-5fbfd95ae53f,154,2986.32,debit,pos,Brown-Brown,posted,2026-09-10 08:21:19.523162
1327,4248b688-cc4f-4360-9c2f-afa8dd266977,4,4091.89,credit,ussd,"Sandoval, Gonzalez and Walker",posted,2026-09-10 08:21:19.525265
1328,e1d7a08d-75f6-4942-bd69-eb2475addcd0,114,18416.03,credit,card,Miranda-Norman,posted,2026-09-10 08:21:19.527091
1329,feeabb7a-9325-448a-a39d-2349c58f593c,185,7254.51,debit,pos,Wright Inc,posted,2026-09-10 08:21:19.528901
1330,50428f22-13fd-4c07-9d73-a0de5004f644,8,5978.52,credit,card,Green-Hawkins,posted,2026-09-10 08:21:19.530799
1331,b22b34aa-52f0-4fad-960f-8878095c8b10,67,17666.95,credit,card,"Smith, Brown and Hernandez",posted,2026-09-10 08:21:19.532865
1332,39d95b3c-02fa-447b-8427-49d58ceed8af,74,17706.20,debit,ussd,Smith Group,posted,2026-09-10 08:21:19.534794
1333,94399289-c7ac-4773-9c99-6417bd822b86,37,1578.55,debit,pos,Johnson-Whitaker,posted,2026-09-10 08:21:19.539469
1334,4c8f7f0c-e6ca-4751-957b-ee08baa1af6c,66,19866.33,credit,card,Miller PLC,posted,2026-09-10 08:21:19.541451
1335,7d42b1a4-b24f-49f8-bc8b-dc321a366151,184,11304.78,debit,pos,"Evans, Goodwin and Gonzales",posted,2026-09-10 08:21:19.544025
1336,c3c800cd-4e2a-4345-a78d-3b825dd89665,19,9214.65,debit,ussd,Harris-Ross,posted,2026-09-10 08:21:19.546028
1337,79539b10-db26-4c3f-92e0-4873dec8d0f8,143,705.75,credit,pos,Mann-Carey,posted,2026-09-10 08:21:19.548055
1338,26ec5695-6d8b-4e40-acee-80a10bd0591f,4,668.91,debit,transfer,Benitez-Williams,posted,2026-09-10 08:21:19.550039
1339,d4bf894e-8842-45bc-8122-8b9d1827f50b,70,14157.93,debit,pos,"Doyle, Jackson and Hall",posted,2026-09-10 08:21:19.55211
1340,9096a480-87aa-4729-83a3-b8a7bc6a1684,141,15292.09,credit,ussd,"Perry, Taylor and Hopkins",posted,2026-09-10 08:21:19.554129
1341,6071d11b-54dc-4d2d-bd0a-abe79b95776d,93,12219.77,credit,transfer,Bryan Group,posted,2026-09-10 08:21:19.556008
1342,5edc443d-8fdc-40b9-b56e-84c7de680a2a,153,10883.30,credit,transfer,"Brown, Henry and Perez",posted,2026-09-10 08:21:19.558054
1343,2642b3a9-d12f-4f31-9467-ea6bcd23d617,184,10851.89,debit,ussd,Long Inc,posted,2026-09-10 08:21:19.55992
1344,e9beceaa-5688-41c8-9f77-21ed4c95b66a,179,9845.00,debit,card,Cardenas-Brooks,posted,2026-09-10 08:21:19.561871
1345,ce1f7e02-fea5-4108-83be-699122c9b6be,4,8020.02,debit,pos,"Foster, Gallegos and Moody",posted,2026-09-10 08:21:19.563911
1346,1b394a36-9bb6-4eed-8821-16cf388907a7,38,953.02,credit,transfer,"Martin, Watkins and Jordan",posted,2026-09-10 08:21:19.565955
1347,fd893279-5d0a-4124-8a47-c6b48e0a3305,76,10329.46,credit,ussd,Davis-Brown,posted,2026-09-10 08:21:19.567863
1348,70dc3a49-cd0f-40b6-aeda-8c822f29e981,122,11539.71,credit,transfer,Castro Ltd,posted,2026-09-10 08:21:19.569805
1349,c03d259d-c1bb-44d3-a486-f37a7f479f2e,185,12281.19,debit,transfer,Young LLC,posted,2026-09-10 08:21:19.571687
1350,ca7007d9-516d-4f45-8ad7-444d5aab0408,20,14147.58,credit,transfer,Jones-Daniel,posted,2026-09-10 08:21:19.573762
1351,f6d8bb2d-ea78-4ecd-8ca4-e98f5053d340,51,12366.44,debit,card,"Navarro, Bush and Walker",posted,2026-09-10 08:21:19.575624
1352,1a57641c-20fb-4e53-98e5-5cf124e55143,142,14438.92,credit,ussd,Maynard-Bonilla,posted,2026-09-10 08:21:19.577432
1353,1050de3c-b93a-4750-9ced-328d204ad885,28,13873.26,debit,card,"Foster, James and Jones",posted,2026-09-10 08:21:19.579464
1354,7476ed3e-8263-4e24-9023-2c63c1fa643e,69,7556.29,debit,pos,"Coleman, Calderon and Ruiz",posted,2026-09-10 08:21:19.581462
1355,c034aeda-2c41-4eb7-9865-d260113e7243,50,13110.39,debit,ussd,"Tran, Hernandez and Eaton",posted,2026-09-10 08:21:19.583697
1356,88f02e6a-2806-4fca-a7c4-50f09799bf13,200,2212.76,debit,pos,Chandler-Olson,posted,2026-09-10 08:21:19.585738
1357,e7e61555-187e-4aba-afd0-9a2deabbe3e0,194,9704.06,debit,transfer,Roth-Lee,posted,2026-09-10 08:21:19.587886
1358,7ac6a829-471b-43be-9aef-2a8abd677f6d,101,6801.33,debit,ussd,Jones Ltd,posted,2026-09-10 08:21:19.589959
1359,e07074cf-1635-4114-9207-66ead2b00a3f,135,367.03,debit,pos,Johnson and Sons,posted,2026-09-10 08:21:19.591753
1360,da80428f-0bf9-4533-a8c5-93874eae7eae,52,4919.65,credit,ussd,"Cole, Brown and Lopez",posted,2026-09-10 08:21:19.593945
1361,8f96f8d2-1974-4c79-a672-c521f50b88b9,168,4426.50,debit,card,West Ltd,posted,2026-09-10 08:21:19.59584
1362,1046ae2e-ca76-4f46-a5af-37fffa8e3bbc,25,258.80,debit,pos,Cross-Jenkins,posted,2026-09-10 08:21:19.597712
1363,dd34d026-33fe-4f09-b079-bed7d4ee0e0f,143,10863.65,credit,transfer,Townsend Group,posted,2026-09-10 08:21:19.59954
1364,e7991159-7b7b-4b9a-91a9-eb78c0421dcc,162,8370.35,credit,card,"Moody, Smith and Burch",posted,2026-09-10 08:21:19.601676
1365,c661a9f7-5664-4759-8973-efdd1ef83195,82,7676.85,credit,ussd,Gross-Smith,posted,2026-09-10 08:21:19.6038
1366,bd2404b7-7db5-4e30-a7a0-3f6693f1aaeb,170,18686.91,credit,card,"Bowman, Larson and Hall",posted,2026-09-10 08:21:19.605957
1367,b718ee22-b132-4ef1-9fc2-6d6657c08638,143,1591.39,debit,pos,Young-Wolf,posted,2026-09-10 08:21:19.608016
1368,60d74654-cf17-4b9b-9be7-dd445dcc4e34,128,18519.74,debit,ussd,"Johnson, White and Oliver",posted,2026-09-10 08:21:19.609876
1369,ea0b15d6-a22b-4db8-8c1d-384b08ba2c9f,122,9960.94,credit,transfer,Coleman LLC,posted,2026-09-10 08:21:19.611727
1370,6774ea2b-a342-4ffb-9d83-4311bb5bed18,156,3708.52,debit,pos,"Soto, Taylor and Guerra",posted,2026-09-10 08:21:19.613712
1371,27d56820-b838-4c1f-8901-ab1023466dc7,59,12025.83,debit,pos,Smith-Martinez,posted,2026-09-10 08:21:19.615684
1372,1c50c9c3-039a-4dc2-9aff-3cec15e29978,37,19321.86,debit,transfer,Evans Group,posted,2026-09-10 08:21:19.617551
1373,0a5362b5-eb73-410c-8f83-49012b42422a,13,10202.45,debit,card,Price PLC,posted,2026-09-10 08:21:19.619303
1374,e583d39e-bb09-4dc4-bbf9-cc7e19d43c93,189,15578.23,debit,card,Phillips LLC,posted,2026-09-10 08:21:19.621297
1375,3f98e47b-fc2b-486d-9fca-fff560a3652d,68,14305.92,credit,card,"Tran, Williams and Williams",posted,2026-09-10 08:21:19.623294
1376,f0c469cb-35c4-43cc-ba61-9f90d692494c,75,18667.29,debit,ussd,"Lowe, Bell and Moore",posted,2026-09-10 08:21:19.625215
1377,1b1c14db-aee0-429f-bc79-d646702e3604,153,16165.76,credit,card,Clark Group,posted,2026-09-10 08:21:19.626991
1378,c8897497-2539-4593-becf-0c64aa83626a,158,6323.72,debit,card,Moreno-Travis,posted,2026-09-10 08:21:19.629165
1379,7d2ac473-3d7a-450c-bee2-72a5541ef43d,176,15103.38,credit,pos,Lopez-Brooks,posted,2026-09-10 08:21:19.631244
1380,10fe3e23-56a9-441c-8738-f9e1aefda2e8,21,8247.25,credit,card,Chen-Flores,posted,2026-09-10 08:21:19.633188
1381,ce350dea-9888-42e2-9586-18e972d3a746,91,14390.45,debit,transfer,"Bailey, Martin and Sloan",posted,2026-09-10 08:21:19.635206
1382,ccdde2c7-bcbf-426c-a606-d1a508d80e75,81,14437.03,debit,pos,"Mccarthy, Hernandez and Wright",posted,2026-09-10 08:21:19.637224
1383,63557c67-3324-48b5-862c-fc56d0770221,86,16353.24,debit,ussd,Simmons Inc,posted,2026-09-10 08:21:19.638946
1384,9a3afc9a-b13b-4caf-a36a-1279a15c9647,108,162.81,debit,ussd,Johnson Inc,posted,2026-09-10 08:21:19.640975
1385,d3664d78-de41-4c34-88e9-bcb68840260c,123,369.89,debit,transfer,"King, Mendoza and Henderson",posted,2026-09-10 08:21:19.642897
1386,74d49b63-455d-4705-9571-6fa61ef4dd1b,77,7761.29,debit,transfer,Irwin-Moses,posted,2026-09-10 08:21:19.644821
1387,2ba4f649-d475-4e13-872a-b77aa2c891a1,88,7069.14,debit,ussd,"Hayes, Fuentes and Benjamin",posted,2026-09-10 08:21:19.646839
1388,4c9806d5-32bd-4fc6-a4f0-ee6e969b09c1,7,8457.22,credit,transfer,Cooke Inc,posted,2026-09-10 08:21:19.64875
1389,63419091-29c0-444f-9ae0-b16469286471,90,4828.09,debit,transfer,"Smith, Thomas and Allen",posted,2026-09-10 08:21:19.650766
1390,d3a0cb32-ad42-4110-8e0c-dc2754bf87f9,56,1695.21,credit,card,"Lopez, Becker and Martinez",posted,2026-09-10 08:21:19.652721
1391,eba36263-40c0-497f-bf58-604ca83619b3,114,1591.65,credit,card,"Medina, White and Ward",posted,2026-09-10 08:21:19.654802
1392,1915e63a-ee9a-4b11-b344-4f618214a591,134,4565.41,credit,transfer,King-Wright,posted,2026-09-10 08:21:19.656742
1393,291c75c6-8763-4b91-84a5-07f8c8228195,28,5997.82,debit,card,"Garcia, Watkins and Lee",posted,2026-09-10 08:21:19.658741
1394,ae68e21b-2620-4afd-a5b8-4b2b2026eb1f,164,12234.57,debit,pos,Weber-Taylor,posted,2026-09-10 08:21:19.660669
1395,60781835-13e8-413f-8a00-5d06160006a5,188,14098.68,credit,ussd,Shepherd Ltd,posted,2026-09-10 08:21:19.662613
1396,27878855-7b40-4757-8d17-e62b62ac4a4c,26,18663.07,debit,transfer,Taylor-Harris,posted,2026-09-10 08:21:19.664744
1397,09ffffbc-5411-413f-b02b-1010bf149309,181,7684.87,debit,pos,"Hawkins, Long and Stevens",posted,2026-09-10 08:21:19.666816
1398,c7c6540d-b6e1-4e9e-928a-f082c22ab284,29,11414.37,debit,ussd,Brown Ltd,posted,2026-09-10 08:21:19.668599
1399,b905027d-29ff-49de-b4be-3e141446edbe,43,2050.85,credit,ussd,Parker-Ross,posted,2026-09-10 08:21:19.670487
1400,c5ee599d-9000-460c-a4d1-b7d6d53318d2,73,13425.10,credit,transfer,Frazier-Williams,posted,2026-09-10 08:21:19.672811
1401,55d022f1-dac5-4990-85c4-2c09aa0c3d97,121,3856.57,credit,transfer,Cruz-Nichols,posted,2026-09-10 08:21:19.67474
1402,ec3be046-7aba-4ef4-81b0-446f95304973,148,5899.96,debit,transfer,"Rodriguez, Bryan and Allen",posted,2026-09-10 08:21:19.676801
1403,a02fa377-c34c-4057-8ff3-e58b4a0f65cf,32,18791.85,debit,card,"Mckinney, Jacobs and Chapman",posted,2026-09-10 08:21:19.678847
1404,07d04c93-bacf-4f67-a891-5646bf5086d8,4,16661.39,debit,pos,Casey Ltd,posted,2026-09-10 08:21:19.68082
1405,04965421-35c1-4ef4-b914-0d737ebba51d,150,13296.87,credit,pos,Morris Inc,posted,2026-09-10 08:21:19.682723
1406,366aad4c-ea98-4358-8088-a43740c75f32,5,13543.68,credit,card,Rodriguez-Fritz,posted,2026-09-10 08:21:19.684769
1407,cd59881a-606f-44ec-8ae1-f25ec49ee163,188,12583.04,debit,card,"Brown, Medina and Howard",posted,2026-09-10 08:21:19.686901
1408,c64dd1ea-6f3f-4646-86f9-3afb4a8a4d4f,58,3448.73,credit,pos,Smith Inc,posted,2026-09-10 08:21:19.688689
1409,016a7ab6-42b3-4bf8-b16a-e4b958925a25,27,2099.21,debit,transfer,Ellis-Jensen,posted,2026-09-10 08:21:19.690742
1410,26101827-60fe-43d9-95ac-092fd4ca5861,74,12586.38,credit,ussd,"King, Frazier and Smith",posted,2026-09-10 08:21:19.692731
1411,38b16eec-a273-4eef-afe3-785ffffb7a6b,128,3147.24,debit,pos,Lawson Ltd,posted,2026-09-10 08:21:19.694745
1412,fc1e4213-6f2d-455b-b0ea-8ef51a895459,75,2789.04,debit,transfer,"Hunter, Gonzalez and Jordan",posted,2026-09-10 08:21:19.696985
1413,383501fe-e1ac-468f-b5a9-77f626ea059e,27,3913.90,credit,transfer,"Sanchez, Stevens and Patterson",posted,2026-09-10 08:21:19.699123
1414,59e87596-4918-4a04-8989-34380ba0cb03,112,6426.32,debit,card,Johnson-Parks,posted,2026-09-10 08:21:19.700994
1415,70a6f74e-d412-4e93-a84a-44556c474bb4,81,2774.55,debit,ussd,"Mills, Mendoza and Smith",posted,2026-09-10 08:21:19.703059
1416,543776e8-5258-431a-930d-2983980c4ac1,156,9284.52,debit,transfer,Williamson-King,posted,2026-09-10 08:21:19.705033
1417,30835206-4747-4f56-8ac9-256152298417,22,12212.42,credit,ussd,Stone-Smith,posted,2026-09-10 08:21:19.707065
1418,20cadf4a-88d2-46df-a254-c08ce4af1eda,184,7538.88,credit,transfer,Martinez LLC,posted,2026-09-10 08:21:19.708837
1419,bca082f6-c06e-4dc9-9acc-52b09460b737,15,15673.57,debit,pos,Gordon-Lopez,posted,2026-09-10 08:21:19.710785
1420,a3740d9e-649a-453c-870c-df22344f8392,30,1011.44,credit,pos,"Williams, Saunders and Tran",posted,2026-09-10 08:21:19.712877
1421,021fc907-a511-4d2b-ab8f-b5de992bed3c,13,3197.17,debit,card,"Mitchell, Proctor and Mclean",posted,2026-09-10 08:21:19.714892
1422,58c2bfdb-802e-45f9-82fa-eb795fb08fef,172,946.97,credit,transfer,Carpenter-Dixon,posted,2026-09-10 08:21:19.717
1423,6893c581-6a56-4bc6-9892-8278c0766cce,125,17881.64,credit,ussd,Smith Group,posted,2026-09-10 08:21:19.718823
1424,b32245c4-be25-4196-b83a-cc59c7c6e7fc,16,14605.95,debit,transfer,Krause Inc,posted,2026-09-10 08:21:19.720702
1425,c76c300e-4b11-4235-ab49-7ad04965444d,187,9837.93,credit,transfer,Rush-Silva,posted,2026-09-10 08:21:19.722595
1426,8947a616-f653-4052-80ca-9930d8affa05,56,991.16,debit,card,Smith-Cruz,posted,2026-09-10 08:21:19.724549
1427,c08c3383-0a2a-4a0d-b61f-142a6d4584bb,138,19118.18,credit,transfer,Contreras LLC,posted,2026-09-10 08:21:19.726426
1428,b47042c4-0676-4248-9559-84309886a692,173,6046.16,debit,transfer,Jackson-Smith,posted,2026-09-10 08:21:19.728278
1429,bec2279d-475d-4634-a7ee-ba24a2bae25c,33,3595.67,debit,ussd,Hamilton-Gonzalez,posted,2026-09-10 08:21:19.730315
1430,fec8092e-c99f-49a3-8630-e3d002d55e9e,160,6319.90,debit,ussd,Ramirez-Garcia,posted,2026-09-10 08:21:19.732219
1431,c0e84e39-5add-44e2-9faa-37f95d719801,12,68.65,debit,pos,"Holt, Garcia and Taylor",posted,2026-09-10 08:21:19.73412
1432,264ab100-eda8-495d-856c-7cd459dda167,126,4492.47,debit,card,Reed-Smith,posted,2026-09-10 08:21:19.736094
1433,104c6b05-72d2-41c2-898b-b98a4a2b10fc,79,9261.47,credit,pos,"Spencer, Brown and Reynolds",posted,2026-09-10 08:21:19.738058
1434,f8626996-a284-4230-9400-ce05add09cdc,78,3176.72,credit,ussd,Hill-Miller,posted,2026-09-10 08:21:19.740064
1435,6cb8bf6e-441e-4e4b-946c-c727c805c416,164,8582.54,debit,card,Olsen and Sons,posted,2026-09-10 08:21:19.741837
1436,01a114f6-bf02-4301-a59e-f7e1e712ff69,167,14574.73,debit,ussd,Wyatt Ltd,posted,2026-09-10 08:21:19.743833
1437,aaa6254e-4fef-4a2b-a52c-dea333c1659d,33,3665.15,credit,transfer,Bell Ltd,posted,2026-09-10 08:21:19.745606
1438,bee51aa2-b59e-4506-b926-5bb08e534012,174,1681.41,credit,card,Poole and Sons,posted,2026-09-10 08:21:19.747548
1439,921c0dae-e9ad-4b8e-b669-b216308ab5e4,151,8080.99,credit,pos,Pierce Inc,posted,2026-09-10 08:21:19.748555
1440,63c7dd96-40d4-414b-b2d6-e2758bda1bb7,175,6828.60,credit,ussd,"Rocha, Fisher and Blair",posted,2026-09-10 08:21:19.750569
1441,7085d616-edc4-47c6-a69e-ca8f7ff8ec9f,63,15207.86,credit,transfer,Middleton LLC,posted,2026-09-10 08:21:19.752521
1442,fdc4710d-a428-46a4-95e4-be3d7d1b71c6,92,18659.50,credit,card,Moreno Ltd,posted,2026-09-10 08:21:19.754445
1443,be852082-4056-40a8-af2b-4adb329a791b,111,11937.02,debit,pos,Garcia-Rhodes,posted,2026-09-10 08:21:19.756306
1444,a9d35b28-78e7-48e3-88fc-47a76099d67d,95,6830.02,debit,ussd,Allen Inc,posted,2026-09-10 08:21:19.75812
1445,b1e27d09-b3d1-43ef-a975-542469f51aef,184,11046.68,credit,transfer,Cameron-Gonzales,posted,2026-09-10 08:21:19.760117
1446,65d930a0-1061-49f2-b179-c8b2e6a75531,84,11133.10,debit,transfer,White Ltd,posted,2026-09-10 08:21:19.761897
1447,bb5e815d-3b1e-4efb-b478-19eabddd8100,149,16933.00,credit,transfer,Long-Munoz,posted,2026-09-10 08:21:19.763813
1448,b9fd674a-7d4f-4f28-82ea-5077254171ea,8,16103.15,debit,ussd,Suarez PLC,posted,2026-09-10 08:21:19.765625
1449,bb866390-d485-487f-94f4-a64abd7a654e,80,17808.61,credit,pos,Fletcher Inc,posted,2026-09-10 08:21:19.767555
1450,815a8031-7ee3-495f-a672-c5bbd008c3e0,35,16113.91,debit,pos,"Lee, Mcgee and Dennis",posted,2026-09-10 08:21:19.769684
1451,0b18c41e-0dff-4937-a562-7f55c6ddebd2,155,18180.20,credit,card,Miller PLC,posted,2026-09-10 08:21:19.771563
1452,272bc585-90cb-44eb-913c-d0edf3f1b2d9,148,859.98,credit,ussd,Bradford-Roy,posted,2026-09-10 08:21:19.773407
1453,cfecbb38-de4f-4c52-a0a6-d405f17f3a1a,109,17706.51,debit,transfer,Williams-Chavez,posted,2026-09-10 08:21:19.775477
1454,d49ea587-11c1-4589-9e89-bdecd64b0f56,55,10440.75,credit,transfer,Wade and Sons,posted,2026-09-10 08:21:19.777337
1455,87a969ce-0303-478b-9fdd-d9797fbc8d2f,160,6838.66,debit,card,"Esparza, Buck and Walker",posted,2026-09-10 08:21:19.778546
1456,cb5da4c2-3b93-4700-bd2a-d240eb870dd7,173,7814.60,debit,transfer,Vargas-Martin,posted,2026-09-10 08:21:19.780547
1457,30796b02-0700-4369-8f5c-4dafd1208216,184,15845.94,debit,pos,Kelly Inc,posted,2026-09-10 08:21:19.782401
1458,e68ac9ef-0862-4ea7-b68d-60c6732c0a45,120,809.25,debit,card,"Valencia, Montgomery and Wilson",posted,2026-09-10 08:21:19.784544
1459,fd84ef33-0949-4330-84ac-a2b50f4c9c95,143,8354.63,credit,pos,Guzman PLC,posted,2026-09-10 08:21:19.786379
1460,929db29f-19fd-4994-a2f3-b6e93906e15a,86,10433.48,debit,ussd,Burns-Taylor,posted,2026-09-10 08:21:19.78812
1461,4705fb6b-cfd7-44aa-9aba-693741829bfb,183,1449.08,credit,pos,Fowler and Sons,posted,2026-09-10 08:21:19.790018
1462,577c84e5-8c82-47dd-8184-8bef37c9b66e,27,6006.08,debit,card,"Bailey, Brown and Hall",posted,2026-09-10 08:21:19.792027
1463,0b9b5ea9-ddff-4461-85fb-699727fdfbe3,35,6677.68,credit,transfer,Escobar-Williams,posted,2026-09-10 08:21:19.793903
1464,aaaee0ef-cbf3-4191-b993-95f06d4ab099,17,823.25,credit,transfer,"Lane, Horn and King",posted,2026-09-10 08:21:19.795877
1465,88a5b30d-c62c-4451-8345-d62fbc9b5aac,167,7773.07,debit,card,"Jackson, Wong and Simmons",posted,2026-09-10 08:21:19.797927
1466,3634adf5-bbe6-48b9-8715-74ad08a40db0,172,18012.77,credit,ussd,Torres-Bennett,posted,2026-09-10 08:21:19.799887
1467,c640a92e-4086-4c84-b2a3-9e6e5cc742f4,79,12736.69,credit,card,Rowe-Crawford,posted,2026-09-10 08:21:19.801969
1468,c06a91bd-7d0e-4db2-971e-4ab90a24cd64,47,12078.35,debit,pos,Dickerson-Moreno,posted,2026-09-10 08:21:19.803909
1469,5df9718e-2707-42e5-9b9c-d070aa092239,108,3307.97,credit,transfer,Stevens Ltd,posted,2026-09-10 08:21:19.805751
1470,8661106e-9316-4302-abaa-c75926b786cb,181,16330.47,credit,ussd,Hall Ltd,posted,2026-09-10 08:21:19.807707
1471,b7135458-820f-4e1c-9fef-1da8a380ae51,199,11666.08,debit,pos,"Small, Williams and Mitchell",posted,2026-09-10 08:21:19.809707
1472,df16e6fc-143b-414c-ad41-a1791800d330,117,6738.37,debit,transfer,Horne-Rojas,posted,2026-09-10 08:21:19.811685
1473,6194e6a3-0293-4499-b445-767fd5d5720c,144,6322.65,credit,pos,Howell-Ball,posted,2026-09-10 08:21:19.812756
1474,cccd016c-1cbc-4d4f-a6df-323aaeca40a6,126,1744.10,debit,card,Roberts Group,posted,2026-09-10 08:21:19.814593
1475,9eaaa14f-85aa-48af-a9d1-3e5751a49efe,96,2954.32,credit,pos,"Jenkins, Newton and Jackson",posted,2026-09-10 08:21:19.816634
1476,1e1d2838-967e-4d82-af6f-fea4281a41b8,158,10841.14,debit,pos,Clark and Sons,posted,2026-09-10 08:21:19.818428
1477,1166a37c-7dce-44a6-bc7a-179dba0b12b1,131,11412.29,debit,transfer,"Harding, Pacheco and Schwartz",posted,2026-09-10 08:21:19.820546
1478,632b0d11-d8e2-4587-a51c-a9656a74430d,110,529.84,credit,ussd,Diaz-Shaw,posted,2026-09-10 08:21:19.822445
1479,262af0fe-182d-4fd0-912d-db58fe163bcd,76,18744.77,debit,pos,Bennett-Porter,posted,2026-09-10 08:21:19.82433
1480,74b15f30-bb9c-47e5-a7b4-cf6faac2cc9e,148,9799.51,debit,transfer,Williams Inc,posted,2026-09-10 08:21:19.826188
1481,5968735b-fc99-45a6-9a51-31774fa456ef,7,6381.59,credit,ussd,Brown Inc,posted,2026-09-10 08:21:19.828089
1482,9f97c493-92d7-44bd-9dbf-850b5fd8a196,120,16436.47,credit,transfer,Hernandez Inc,posted,2026-09-10 08:21:19.829909
1483,dda4b6ad-968b-4407-b5c8-f8c6c0d629b0,186,17210.10,credit,pos,"Gray, Stewart and Morse",posted,2026-09-10 08:21:19.831821
1484,1cd1bef7-a4f6-44e1-8ccf-10be777010b7,133,17008.55,debit,ussd,Harrington and Sons,posted,2026-09-10 08:21:19.833616
1485,97ce8845-ae1d-4bab-a25d-82250c52e3b4,126,2671.24,credit,pos,"Burke, Anderson and Fox",posted,2026-09-10 08:21:19.835675
1486,a086c3d6-9432-4b66-b3d4-bbb5b515922f,149,19857.41,credit,pos,"Jackson, Vasquez and Wells",posted,2026-09-10 08:21:19.837738
1487,e29e060c-0574-4b43-9866-5df82d862757,144,15933.57,credit,ussd,"Bullock, Payne and Medina",posted,2026-09-10 08:21:19.839815
1488,37ae1761-2f31-4052-babd-403561beaeb1,17,17179.93,debit,card,Shields-Weiss,posted,2026-09-10 08:21:19.84171
1489,5cce3ccc-3495-40a0-9777-7062fd777b97,11,17131.66,credit,pos,Craig LLC,posted,2026-09-10 08:21:19.843707
1490,c5e82bcf-f883-43b2-afde-c2ad3910f85c,78,11676.46,credit,transfer,"Fox, Fleming and Jordan",posted,2026-09-10 08:21:19.845763
1491,b4e4041c-0b73-4596-a4f5-3a14f2e0868e,5,2387.61,credit,pos,Wiggins-Horne,posted,2026-09-10 08:21:19.84781
1492,2a88858e-dde9-491a-b63f-e39d62666c86,51,1770.36,debit,card,Salazar Group,posted,2026-09-10 08:21:19.84964
1493,56324f6a-5e6a-47f8-8a5b-a590f40a595e,29,8924.95,debit,pos,Johnson Group,posted,2026-09-10 08:21:19.851546
1494,24e6f92e-8dc4-4dd2-a200-a5e254f16abc,108,19820.18,credit,card,Torres-Mueller,posted,2026-09-10 08:21:19.853463
1495,965a31f3-c15a-4e21-8e25-8d5f26e36241,197,11484.48,credit,transfer,Gilbert Inc,posted,2026-09-10 08:21:19.855421
1496,ddea2079-b447-48cf-b6c3-85c19555a9f1,57,7826.05,credit,card,Cox-Smith,posted,2026-09-10 08:21:19.857421
1497,491a8e61-1844-4e80-b142-f5d8291c2e39,35,735.96,debit,transfer,"Christensen, White and Solomon",posted,2026-09-10 08:21:19.859489
1498,cd2bca3a-e502-434c-82fc-a327f256cab5,28,9348.18,debit,transfer,Carlson Inc,posted,2026-09-10 08:21:19.861359
1499,548284de-9944-44ca-9a98-372d14f411c1,139,3980.68,debit,pos,Hernandez LLC,posted,2026-09-10 08:21:19.863143
1500,17ed1424-8906-42f7-a505-9621a716cd3c,106,4888.05,credit,transfer,"Romero, Brown and Guerrero",posted,2026-09-10 08:21:19.86564
1501,4371cffb-c4d9-445b-ba09-4bcba28bc05a,183,14612.36,credit,card,"Ruiz, Parker and Benson",posted,2026-09-10 08:21:19.867795
1502,644e9c58-e4e9-4a91-948d-5060a3f01d82,143,16739.23,credit,card,Harper Inc,posted,2026-09-10 08:21:19.869763
1503,084757a7-a660-4545-bd12-60cbc89fb03e,130,16891.73,debit,ussd,"Rodriguez, Smith and Hunter",posted,2026-09-10 08:21:19.871833
1504,57245d1a-6db7-4ff7-97fa-55e6468cee92,137,13096.02,debit,ussd,"Patel, Barnes and Rogers",posted,2026-09-10 08:21:19.873882
1505,6ca45f9e-8e29-413c-a057-b3c3755f0df0,85,14439.95,credit,card,Blake-Harvey,posted,2026-09-10 08:21:19.875823
1506,7760b420-eef7-4b32-81ef-a1bb2e1defb5,197,13933.97,credit,transfer,Olsen LLC,posted,2026-09-10 08:21:19.877739
1507,4529329c-4923-41d4-873c-107a76b66656,87,512.75,credit,pos,"Reynolds, Scott and Ibarra",posted,2026-09-10 08:21:19.879923
1508,a4431c72-9837-46f2-80bb-c0fb6a335964,126,14706.02,debit,pos,Ware-Bailey,posted,2026-09-10 08:21:19.881937
1509,4e828fc1-33d1-4fb9-ba9b-939d9502d84b,30,9532.65,debit,transfer,Smith-Barnes,posted,2026-09-10 08:21:19.883993
1510,b75d9c12-8fa1-41a4-8404-2851cde41361,41,5136.18,credit,card,Hicks LLC,posted,2026-09-10 08:21:19.885996
1511,b198e624-873b-4e07-b54a-d651aab87a68,76,1402.44,credit,transfer,"Williams, Miller and Anderson",posted,2026-09-10 08:21:19.887878
1512,2c464d68-5743-4730-830b-48e6a166e119,87,4644.11,debit,pos,Leblanc Ltd,posted,2026-09-10 08:21:19.889708
1513,063f4417-8427-4f0d-973a-e98cf996b5bd,197,13509.84,debit,ussd,Johnson Inc,posted,2026-09-10 08:21:19.891615
1514,e3117dec-7b10-4098-957c-a6b727cb3d49,111,5280.68,credit,pos,"Sanders, Harris and Olsen",posted,2026-09-10 08:21:19.893799
1515,0cd404ef-e974-4fe8-a4bd-a4a132694617,165,14956.73,credit,pos,"Lee, Erickson and Lewis",posted,2026-09-10 08:21:19.895962
1516,64d9fede-7bd3-4b5d-8e97-ad8f9cc746e9,81,11619.49,debit,pos,Mccormick and Sons,posted,2026-09-10 08:21:19.897765
1517,7fbd02c6-5b07-4a5a-b9a2-c2363a5e89b6,18,17276.87,debit,pos,Gordon-Allen,posted,2026-09-10 08:21:19.89984
1518,cc9e1c38-a55f-4a52-bf68-8e7734454e95,110,15166.20,credit,pos,Clarke-Lester,posted,2026-09-10 08:21:19.901902
1519,69442134-7812-44aa-8a3f-6f29c92a8ff5,36,2849.91,credit,ussd,"Hinton, Johnson and Tapia",posted,2026-09-10 08:21:19.903941
1520,26b09e15-e8ca-49b7-827b-5822491254fb,55,18019.81,debit,card,Davis-Carter,posted,2026-09-10 08:21:19.905847
1521,f05c7a47-e466-49a5-88e1-2e01672d6895,167,349.38,debit,pos,Miranda Group,posted,2026-09-10 08:21:19.907761
1522,50144421-e4ee-4095-a550-7679f1ee3253,198,15289.55,credit,pos,Kirk-Knight,posted,2026-09-10 08:21:19.909674
1523,c60de78c-9773-4c87-8413-aa55d7570980,73,12854.80,debit,card,Robertson PLC,posted,2026-09-10 08:21:19.911498
1524,a6406c2a-9ef8-4dcd-8a3b-e6641778eb99,198,5228.77,debit,transfer,"Perry, Vargas and Williamson",posted,2026-09-10 08:21:19.913522
1525,3367443e-2059-49fa-bb5f-8f4c6e3ceb8a,160,17333.28,credit,card,"Williams, Greene and Moreno",posted,2026-09-10 08:21:19.915497
1526,e8d9fbb5-375c-4b9e-84fc-c9abe7bca312,179,17922.54,debit,pos,Duran-Watkins,posted,2026-09-10 08:21:19.917417
1527,a458be18-2564-462d-b308-7c6dc09295a4,162,18490.92,credit,pos,Garcia LLC,posted,2026-09-10 08:21:19.919238
1528,d7b72623-03a8-4b50-becb-14cca77ed01b,198,12383.16,debit,pos,Garza LLC,posted,2026-09-10 08:21:19.92114
1529,0f5904d8-e68e-4db7-a624-8551a41f4744,32,79.79,debit,transfer,"Macias, Meadows and Baker",posted,2026-09-10 08:21:19.923303
1530,6c94722b-392a-4313-97c2-855afb387d98,15,17784.44,credit,card,Rogers and Sons,posted,2026-09-10 08:21:19.925221
1531,7b08d41b-b276-43e1-b0d2-3dfbd1575cb2,198,16528.79,debit,pos,"Adams, Leon and Guzman",posted,2026-09-10 08:21:19.927316
1532,d0a7d3e4-43bd-4142-9d6a-fd844fa34ad9,152,8600.26,credit,card,Mullins-Massey,posted,2026-09-10 08:21:19.929258
1533,4c9f54b3-159c-419d-af8f-cf345d056d61,53,6523.49,credit,card,Werner LLC,posted,2026-09-10 08:21:19.931157
1534,f9e94ca9-1fcb-45c4-9df6-759ad20d43ca,132,6962.36,debit,card,Williams PLC,posted,2026-09-10 08:21:19.932987
1535,c423d5d9-b248-4f82-b08a-a74be3866f66,108,1440.01,credit,card,"Rios, Marshall and Willis",posted,2026-09-10 08:21:19.93501
1536,870f1d58-7522-4886-92fb-d15503ada2a3,132,18477.38,debit,card,Blair PLC,posted,2026-09-10 08:21:19.936943
1537,4a744ed9-9f47-42b2-8fdd-578576a18cdf,192,2204.95,debit,pos,Taylor Ltd,posted,2026-09-10 08:21:19.938805
1538,651c0b2c-8fcf-44e4-93da-4ac8fb349007,98,3718.83,debit,transfer,Parrish Group,posted,2026-09-10 08:21:19.940633
1539,49f1bbef-efc3-42c7-b55f-3a75c7021f65,71,16361.05,debit,ussd,Adams-Smith,posted,2026-09-10 08:21:19.942468
1540,ae5573c9-6669-4027-9997-8c021b0cc8b7,50,19636.22,credit,transfer,Nguyen Inc,posted,2026-09-10 08:21:19.944402
1541,59e41ab1-2c17-4e8b-84af-73f23329001a,93,15657.17,debit,transfer,Campbell PLC,posted,2026-09-10 08:21:19.946349
1542,39c552df-4366-45e8-bfe2-e4e9cf661286,20,14881.19,debit,ussd,Baker Group,posted,2026-09-10 08:21:19.948338
1543,a597a848-0ff8-4905-b2e5-0dafd4b13884,131,6847.10,debit,transfer,Turner Inc,posted,2026-09-10 08:21:19.950122
1544,34470ecc-ff5a-4d2d-8bcd-693f7d950706,115,13159.19,debit,ussd,Young and Sons,posted,2026-09-10 08:21:19.952127
1545,d31248ed-7622-4512-abf4-5c8bfa3bcfb6,100,15849.37,credit,card,Mendez Ltd,posted,2026-09-10 08:21:19.953071
1546,857b76b7-7c85-4530-8f7e-f59870f92739,170,8761.92,debit,pos,"Alvarez, Edwards and Lynch",posted,2026-09-10 08:21:19.955007
1547,fa7795a0-772a-47ed-8647-58abb08cffe4,107,9426.93,debit,ussd,"Stone, Gonzalez and Johnson",posted,2026-09-10 08:21:19.957087
1548,a2aa8fe7-9e46-47b2-b730-77225c0b0baf,74,10407.13,debit,ussd,Norman-Martinez,posted,2026-09-10 08:21:19.95892
1549,64c0310d-eee2-4a05-a6ec-f63c747c134d,15,158.34,debit,transfer,Maldonado-Poole,posted,2026-09-10 08:21:19.960881
1550,ba78d1d6-de89-4770-8c48-7bf9ac8b0364,125,13963.65,credit,pos,Lutz-Hall,posted,2026-09-10 08:21:19.962609
1551,db04dbd2-51ef-4626-a56e-e82626730b7f,69,7601.53,credit,ussd,Cervantes Ltd,posted,2026-09-10 08:21:19.964288
1552,53e938bc-ca8c-470a-ade0-9a01fa02873d,140,19381.44,credit,card,Hodge Ltd,posted,2026-09-10 08:21:19.966032
1553,bf62d500-56cf-4c18-a87c-d25cc54d0528,170,13636.51,debit,ussd,"Vasquez, Padilla and Pearson",posted,2026-09-10 08:21:19.968083
1554,302cb24f-759d-4485-b40b-0eb3ddd4a9c5,107,3234.80,credit,card,"Mccall, Singh and Nelson",posted,2026-09-10 08:21:19.97007
1555,8260c102-c5ca-4220-b7de-5a3d52b8f660,35,5912.89,credit,pos,Snyder Group,posted,2026-09-10 08:21:19.97211
1556,aff77a9f-e3c9-44e6-956d-d2f19ff3122e,41,4707.31,credit,transfer,Hall-Byrd,posted,2026-09-10 08:21:19.974037
1557,feb200a6-b58e-47e5-b229-4b7ea7f3ed7b,137,15892.75,debit,card,Kennedy-Alexander,posted,2026-09-10 08:21:19.976427
1558,92c0454f-6850-4323-bf7c-471ae94254e1,104,1172.62,credit,pos,Young PLC,posted,2026-09-10 08:21:19.978461
1559,e8ef3dfa-994f-4562-821a-140a381dcc6c,155,493.51,debit,transfer,Crane Inc,posted,2026-09-10 08:21:19.980215
1560,5cb49c43-97ce-45e9-aa0c-78389a0e6363,20,12653.86,debit,pos,Alexander Ltd,posted,2026-09-10 08:21:19.982167
1561,1db98ec3-b1ef-4a2a-a5df-6f8d9ca95c76,27,14982.10,debit,ussd,Macdonald-Ayala,posted,2026-09-10 08:21:19.984667
1562,e3d90220-5cb8-490e-8703-836c041e2c41,135,8485.25,credit,transfer,Lane Group,posted,2026-09-10 08:21:19.986692
1563,27bc458b-e95f-499f-9a14-94e84bba0538,138,12175.35,debit,transfer,Jones-York,posted,2026-09-10 08:21:19.988616
1564,97fb2c02-2562-4547-857c-4c01528b9fc4,1,13893.06,debit,transfer,"Smith, Morrison and Snow",posted,2026-09-10 08:21:19.990991
1565,6138d995-172e-400e-8621-d0b59465840b,108,11172.85,credit,transfer,Arnold-Andrews,posted,2026-09-10 08:21:19.992991
1566,727a130e-754b-4f2c-addd-110fff3ba664,84,14070.97,debit,pos,"Shea, Hines and Kennedy",posted,2026-09-10 08:21:19.995145
1567,3c708b7b-6300-41b0-b4d8-8d13b2a943cd,68,11739.04,credit,ussd,White-Sanchez,posted,2026-09-10 08:21:19.997016
1568,17ce23d9-e93a-46af-bf9f-7633d1394e86,116,16570.26,debit,ussd,Lewis-Lee,posted,2026-09-10 08:21:19.999093
1569,d49ceb31-d804-42b0-8de3-058d3fec756f,106,14233.00,credit,ussd,Villarreal Group,posted,2026-09-10 08:21:20.000749
1570,b9cdb838-f351-4d48-b03b-e74555252c74,114,12117.70,credit,transfer,"Olsen, Lee and Richards",posted,2026-09-10 08:21:20.00337
1571,45723cff-258c-4660-9120-128f1522e5c9,164,12122.82,debit,transfer,Jefferson PLC,posted,2026-09-10 08:21:20.005656
1572,1b456126-217b-4701-b571-ceaa6a7cdc88,95,18010.16,debit,ussd,"Craig, Miller and Holt",posted,2026-09-10 08:21:20.007765
1573,050592b2-8264-4a92-9170-e9a8c6b98373,56,14256.22,debit,transfer,Rojas Ltd,posted,2026-09-10 08:21:20.00964
1574,59badb13-8566-440c-b8f5-ed458e23a8b9,123,16833.64,debit,card,"Turner, Bailey and Erickson",posted,2026-09-10 08:21:20.011447
1575,0d2f2114-97ad-47db-854a-948f74fda794,193,4991.74,debit,pos,Bell and Sons,posted,2026-09-10 08:21:20.013345
1576,87541207-4a43-4366-9a96-c8eaba1cfba7,174,8577.64,debit,ussd,"Williams, Anderson and Powers",posted,2026-09-10 08:21:20.015752
1577,5ae81296-c0f3-402f-a745-af5dc36b6edf,1,9599.03,credit,card,Foster-Walker,posted,2026-09-10 08:21:20.01751
1578,8bc8dc48-fd3b-45ec-8929-1f57491c1c3b,133,4279.57,debit,card,Campbell-Barrett,posted,2026-09-10 08:21:20.019163
1579,c8af37a1-5000-4af3-aa6e-669a923e8a46,182,11282.72,debit,ussd,Miller Inc,posted,2026-09-10 08:21:20.020603
1580,b282a940-0bda-4748-aba0-945cfaf6c906,99,18549.29,debit,ussd,"Smith, Fields and Lloyd",posted,2026-09-10 08:21:20.022343
1581,7ce60f16-134f-4654-8d35-60848f5f06cf,26,12033.68,credit,ussd,Torres-Fletcher,posted,2026-09-10 08:21:20.024311
1582,30929fe7-f9ce-49ff-9603-8b2f38e438db,28,15630.90,debit,ussd,Mcclain Ltd,posted,2026-09-10 08:21:20.025925
1583,3cfaf8d2-6e5c-4db2-bda5-9d0ae5a5310d,85,9631.88,credit,card,Escobar Inc,posted,2026-09-10 08:21:20.027581
1584,27459353-1336-4984-9fd0-24c628b68c83,4,14965.94,credit,pos,Johnson-Wilson,posted,2026-09-10 08:21:20.029317
1585,b7c192d8-ea11-403c-9434-fd3e8b0fdaf5,98,3544.02,debit,ussd,Cohen LLC,posted,2026-09-10 08:21:20.031332
1586,89354ee9-a5d5-4ae2-abaa-3410a9eccd5b,52,659.67,credit,pos,Floyd-Rodriguez,posted,2026-09-10 08:21:20.033018
1587,e0f23d13-df37-4948-ac7a-e41cf4bf9a8b,75,1539.90,credit,card,Ryan-Phillips,posted,2026-09-10 08:21:20.03472
1588,c9468c8e-407f-4fd3-aa8c-75da8098a5e5,121,10579.39,debit,ussd,Thompson Ltd,posted,2026-09-10 08:21:20.036409
1589,00d8624e-940b-4c9a-8e2a-2772732c8909,123,9139.78,credit,transfer,Brown Group,posted,2026-09-10 08:21:20.038131
1590,2af143c1-07ef-4871-8c9a-dcefe71acc64,96,19029.48,debit,ussd,Sparks Group,posted,2026-09-10 08:21:20.039652
1591,20b5c662-93c0-4e70-998f-c7cb0d5c8007,194,15665.85,credit,pos,Marshall-Richardson,posted,2026-09-10 08:21:20.041624
1592,35ccae04-388d-409f-95b5-64d7da69df43,7,7097.39,debit,card,Cisneros PLC,posted,2026-09-10 08:21:20.043465
1593,cae4a440-f1e0-40ab-b2b8-5a0e7be1a0e0,139,16028.78,credit,pos,Brown-Smith,posted,2026-09-10 08:21:20.045521
1594,c8f505f4-d496-45db-a1c7-97a966930bbe,79,7073.67,credit,transfer,"Huynh, Yoder and Carpenter",posted,2026-09-10 08:21:20.04768
1595,f00d48d7-fa2a-48b2-8dff-74495a973b31,104,17579.69,credit,card,"Mitchell, Graves and Shaw",posted,2026-09-10 08:21:20.049723
1596,e65dfe59-a95e-4203-9056-14cf0e24f417,10,5611.98,debit,ussd,Walsh Ltd,posted,2026-09-10 08:21:20.051656
1597,a1b2926e-3ad0-4d16-9046-0ecce8059a88,124,8219.29,credit,ussd,Fox-Cooper,posted,2026-09-10 08:21:20.053666
1598,7ddf08fd-1b9d-4567-baad-1de575effd35,97,8749.89,debit,transfer,"Franco, Tate and Carter",posted,2026-09-10 08:21:20.055847
1599,985e7b76-10e5-4aeb-a456-2f59b994257e,66,12911.30,credit,pos,"Hill, Wyatt and Harris",posted,2026-09-10 08:21:20.057906
1600,95e0353c-b1ac-4400-afea-51920eeff265,18,3677.95,credit,transfer,Crawford Ltd,posted,2026-09-10 08:21:20.059843
1601,ad78b7cf-64e8-46df-a505-2aa279dc1889,79,5552.74,debit,ussd,Conley Inc,posted,2026-09-10 08:21:20.061585
1602,bae9adf2-0862-4362-91c6-67d88a6205ad,32,11792.41,credit,transfer,Oconnor Group,posted,2026-09-10 08:21:20.063429
1603,1c380246-d6ef-45fa-9311-aef6048394d6,118,9644.17,credit,card,"Morgan, Gibson and Spence",posted,2026-09-10 08:21:20.065563
1604,af1f1517-85b6-47fc-8dea-ad371d5032cc,5,18001.57,credit,card,Weber-Ford,posted,2026-09-10 08:21:20.067612
1605,63c048e2-aead-46ec-b523-f379018164a2,72,3054.94,credit,card,Rose-Morales,posted,2026-09-10 08:21:20.069533
1606,dba742fb-28cf-4033-b7c8-77bdb17204cc,106,3437.25,credit,card,Barker-Cisneros,posted,2026-09-10 08:21:20.071477
1607,50f1e24f-780a-4c3c-919e-2220f86c2a23,85,17415.06,credit,pos,"Simmons, Chen and Costa",posted,2026-09-10 08:21:20.073685
1608,2d953cd7-3f7c-4b95-b53d-a8a8d26d2864,48,10215.09,credit,ussd,Ramirez Ltd,posted,2026-09-10 08:21:20.075472
1609,7b7512f4-af20-47a6-919d-87c0f8160d83,50,5509.44,debit,pos,"Davidson, Taylor and Ferguson",posted,2026-09-10 08:21:20.077776
1610,c3c38283-a962-45fe-87e4-75566833015b,18,3940.24,credit,card,"Reynolds, Patterson and Wilson",posted,2026-09-10 08:21:20.079812
1611,57f714ec-5d03-475d-84a9-c05eb7920c6e,2,12034.11,debit,pos,Harris-Lopez,posted,2026-09-10 08:21:20.08185
1612,627f359f-ca71-462b-b6ae-6eb957981da1,192,133.01,debit,transfer,Phelps-Martinez,posted,2026-09-10 08:21:20.083812
1613,25a995fd-aea3-45e4-9b33-9adaf6390497,139,16548.74,debit,card,Lamb Group,posted,2026-09-10 08:21:20.085381
1614,9ad2518f-a297-4000-830e-7fdd790a9991,51,5828.07,credit,pos,Blackwell-Baldwin,posted,2026-09-10 08:21:20.087216
1615,f7eded21-4889-43cc-b36a-9ccde26965e3,191,7170.39,debit,ussd,Dixon-Brown,posted,2026-09-10 08:21:20.089439
1616,24d12b0c-6a66-4ef9-bb1a-5daeae484012,53,10410.54,credit,transfer,Morris Group,posted,2026-09-10 08:21:20.091561
1617,9b8f8f72-cd38-41cf-8efe-0a56d7e9603f,81,17226.28,credit,transfer,"Perry, Padilla and Roberts",posted,2026-09-10 08:21:20.093579
1618,7fba5544-93a0-4847-9638-717b27c13a78,29,15674.96,debit,ussd,Boyd Inc,posted,2026-09-10 08:21:20.095395
1619,9cdd828e-f0d3-455a-9afd-f94feb162e12,161,5180.32,debit,card,Phelps-Woods,posted,2026-09-10 08:21:20.097522
1620,66ddd492-2080-4a04-af21-1862f5eaf5ec,27,17240.45,debit,ussd,Carlson and Sons,posted,2026-09-10 08:21:20.099572
1621,2cfd6357-d684-428c-9b2c-ccb7767c208f,105,9704.54,debit,transfer,"Morales, Murphy and Vargas",posted,2026-09-10 08:21:20.101714
1622,0b7a401f-0a95-4279-b3af-1dee9134de9b,151,6686.66,credit,card,Murphy PLC,posted,2026-09-10 08:21:20.103568
1623,06afea6d-851e-4811-9274-95e553209d5d,67,18565.91,credit,transfer,"Clark, Coleman and Wood",posted,2026-09-10 08:21:20.105726
1624,4a9335be-40c8-4ee7-8642-98e20051405e,12,14924.61,debit,card,Hernandez-Daniels,posted,2026-09-10 08:21:20.107724
1625,5f2ffe34-09e4-48f7-94c0-0d480eabb309,158,10392.27,credit,ussd,Clark-Martinez,posted,2026-09-10 08:21:20.109793
1626,6b355546-e41f-4c64-9cc7-0252846b40d5,185,11260.86,credit,transfer,"Gardner, Jackson and Salazar",posted,2026-09-10 08:21:20.112
1627,902576fa-153b-40d5-adc5-d29315ffbdbe,26,11112.92,debit,transfer,"Griffin, Carr and Strickland",posted,2026-09-10 08:21:20.114081
1628,96e36ca6-f17d-4f02-af88-a91b84ef4525,127,1624.73,debit,ussd,"Williams, Ramirez and Nelson",posted,2026-09-10 08:21:20.116119
1629,8246f062-a835-4489-bad9-2383e21e35b4,163,8177.42,credit,ussd,"Smith, Morales and Pacheco",posted,2026-09-10 08:21:20.118218
1630,a4ca2462-65be-4938-a325-209a05e42649,33,12006.27,debit,ussd,Williams Inc,posted,2026-09-10 08:21:20.120291
1631,f0f05fb3-6d8f-4bdc-8115-d94e328ea66a,90,12774.18,credit,ussd,Bishop Ltd,posted,2026-09-10 08:21:20.122167
1632,2f8b3d77-6cf2-4708-a6fe-5e98ba00282d,32,212.12,debit,pos,Jimenez-Bell,posted,2026-09-10 08:21:20.123438
1633,8afb9cad-8de3-4104-bc04-b3db1a91e231,18,1624.84,debit,card,"Villa, Hamilton and Valentine",posted,2026-09-10 08:21:20.128194
1634,d6a512ee-793b-4641-958c-d21e140a0a75,29,14871.17,credit,card,Becker-Howell,posted,2026-09-10 08:21:20.130192
1635,ee7f649e-e3cb-4abb-852a-ba0aba70da46,36,8601.59,debit,ussd,"Esparza, Rivera and Brown",posted,2026-09-10 08:21:20.132197
1636,2f60f0cb-9f1d-4149-96e4-633740b4ae06,14,16542.69,debit,pos,Wilson Inc,posted,2026-09-10 08:21:20.134054
1637,e28fd53a-71b5-49ed-bcb4-0b9011270840,113,17640.97,credit,pos,"Hamilton, Johnson and Brown",posted,2026-09-10 08:21:20.136326
1638,aea5e44b-cfda-45f1-9733-bcaf00bc2a75,58,1923.70,credit,card,Sanchez PLC,posted,2026-09-10 08:21:20.138198
1639,fbee2f68-6804-42f2-a420-f054c51d4333,180,19497.59,credit,card,"Moore, Gutierrez and Martin",posted,2026-09-10 08:21:20.140341
1640,8ec60c5b-185f-4a2e-b9bf-5380740ff513,126,2135.96,credit,pos,Harris Group,posted,2026-09-10 08:21:20.14192
1641,8c741e39-3a45-4672-a6ae-ca6c51f451f0,125,15985.52,credit,pos,Torres-Skinner,posted,2026-09-10 08:21:20.143978
1642,163d7fb9-c87a-402f-8039-ba7efc15a13a,65,18321.79,credit,card,Cooley PLC,posted,2026-09-10 08:21:20.145878
1643,d147a661-42b3-42cc-8a07-cfb003f28462,24,15653.63,credit,card,Harris-Lewis,posted,2026-09-10 08:21:20.147931
1644,e57c905f-813b-4ac2-aac4-ea977395bef6,134,551.41,debit,card,Edwards-Rocha,posted,2026-09-10 08:21:20.149999
1645,2516e9ae-77fc-4126-8637-12bda8881f89,132,18682.48,credit,ussd,Booker Ltd,posted,2026-09-10 08:21:20.151854
1646,cffec9aa-6462-46fd-8eff-dacd2a960838,142,125.90,debit,transfer,Nelson LLC,posted,2026-09-10 08:21:20.153662
1647,7be0502a-f07c-42bf-ac60-a4655ba9a874,123,4354.39,debit,pos,Garcia-Carr,posted,2026-09-10 08:21:20.155406
1648,6fb5c39e-01bd-4027-9f84-0208c17ccb44,159,5707.45,credit,pos,"Mitchell, Gomez and Chavez",posted,2026-09-10 08:21:20.156646
1649,3eaf6ab5-b5ce-460e-8398-97a47a5dbd54,130,10946.86,debit,card,"Figueroa, Richardson and Morgan",posted,2026-09-10 08:21:20.158762
1650,77c7c371-eb5d-4d23-a08d-ba98bae13ebc,144,16322.91,debit,ussd,Townsend PLC,posted,2026-09-10 08:21:20.160668
1651,b9d417c9-6ec4-4d36-a9ff-30706eb201e1,24,11885.79,credit,ussd,"Sanders, Perez and Washington",posted,2026-09-10 08:21:20.162791
1652,2743d089-2a72-4bf1-b92a-4deeed28c42f,158,1088.77,credit,transfer,Rice PLC,posted,2026-09-10 08:21:20.16466
1653,0948b03c-a41e-4a3e-95c4-3629b1dabd86,77,4851.66,credit,pos,Patel Inc,posted,2026-09-10 08:21:20.166589
1654,0d1bc89e-1599-4407-a5a2-604270336fc5,39,17709.91,credit,pos,"Lynn, Jordan and Davis",posted,2026-09-10 08:21:20.168698
1655,8d737e46-2879-460c-98d5-ae5b9d64ec1f,112,1520.00,credit,transfer,"Jones, Rowe and Jones",posted,2026-09-10 08:21:20.170826
1656,caecc612-e645-4d24-8a37-656e2f715dc8,16,4489.12,debit,pos,Rosario and Sons,posted,2026-09-10 08:21:20.17277
1657,afd8c84c-733e-465a-8c44-6559eb5b96b4,90,14461.13,credit,pos,Williams Ltd,posted,2026-09-10 08:21:20.17483
1658,fced1ac4-0add-44bc-9e2a-59fea42e2637,94,5511.16,credit,pos,"Sanders, Ramos and Carrillo",posted,2026-09-10 08:21:20.176941
1659,49e60025-c7b1-4b0f-902c-4de6bcf37f7d,134,489.83,debit,card,Pierce Ltd,posted,2026-09-10 08:21:20.178867
1660,476459a0-eaf8-477c-b7fd-1acbe72fc98e,51,10641.31,credit,transfer,Lloyd PLC,posted,2026-09-10 08:21:20.180768
1661,00921598-25f2-4a66-b47e-f2dfb79ae1c7,10,12045.87,credit,ussd,"Davis, Bell and Ellis",posted,2026-09-10 08:21:20.182884
1662,8c5ef0d2-1086-44b8-b310-b306a9e02859,99,1964.54,debit,transfer,Alvarado-Michael,posted,2026-09-10 08:21:20.184993
1663,953e30dc-419e-416b-a6c5-5f522eeda3f4,161,6472.37,debit,card,Wood and Sons,posted,2026-09-10 08:21:20.186874
1664,85b01a42-1289-4860-99a2-b9e8ba66e786,141,3816.21,debit,transfer,Davis Ltd,posted,2026-09-10 08:21:20.188607
1665,dc9d99d0-7d0d-45ec-8853-26668caf0c24,33,16991.14,debit,ussd,"Scott, Schultz and Evans",posted,2026-09-10 08:21:20.190796
1666,d34f10d1-08cc-49f8-a1f9-904a168a09e6,117,2031.18,debit,transfer,Cooper-Horn,posted,2026-09-10 08:21:20.192744
1667,e2e6fe04-0542-4ffd-bc71-bfd2422f9ca2,67,10871.07,credit,ussd,Marshall-Smith,posted,2026-09-10 08:21:20.194649
1668,2c69d9c3-460e-4c82-a5a1-847edb267637,21,140.86,debit,ussd,Munoz-Frost,posted,2026-09-10 08:21:20.196557
1669,b862a1b9-a4eb-4494-9c23-682b31939c76,30,468.04,debit,transfer,Lewis PLC,posted,2026-09-10 08:21:20.198469
1670,6b01beae-b5a7-495b-8daa-cf5263520489,175,12489.50,debit,pos,Butler-Diaz,posted,2026-09-10 08:21:20.200524
1671,85b933b3-cb6b-4bab-9d24-a56af17940c9,81,14748.79,credit,card,Salazar-Taylor,posted,2026-09-10 08:21:20.202529
1672,691b7e8c-709e-4447-82aa-b000b4157b77,77,2973.00,debit,ussd,Edwards-Andrews,posted,2026-09-10 08:21:20.204436
1673,93d8b3da-2009-4483-81b6-5c1e4330cc98,1,8738.76,debit,card,"Burnett, Sanchez and Reyes",posted,2026-09-10 08:21:20.206502
1674,d0367e37-211d-4a37-8a8b-6d9519090458,29,5228.49,debit,transfer,Davis Inc,posted,2026-09-10 08:21:20.208461
1675,251c8962-80ad-4920-bf74-af84f5d62675,181,14469.51,debit,pos,Davis-Sanchez,posted,2026-09-10 08:21:20.210438
1676,09b90cf6-b18d-41b2-bd79-38cae5a43869,87,417.31,debit,pos,"Vega, Summers and Ramirez",posted,2026-09-10 08:21:20.212471
1677,de93eb3e-f754-4907-a4ab-2f91ef3fe1a5,187,2227.90,debit,card,"Woodward, Ward and Montoya",posted,2026-09-10 08:21:20.214571
1678,12787599-100d-4f7a-a889-40bebd2c3852,181,14564.83,credit,pos,Holder-Thomas,posted,2026-09-10 08:21:20.216535
1679,e9b8932e-8161-4711-9961-8bb5cb96f00f,198,15105.62,debit,ussd,Rangel-Russell,posted,2026-09-10 08:21:20.21842
1680,29eedd36-382e-4302-a97a-d43f8f110629,111,1552.24,credit,transfer,Chen-Anderson,posted,2026-09-10 08:21:20.220568
1681,4cb463e7-2e06-4a41-84ca-74d3014ee03c,174,15083.16,credit,ussd,Randolph LLC,posted,2026-09-10 08:21:20.222511
1682,c586bfb9-beea-4b5a-800b-0e59e8cd4d24,99,18154.13,credit,transfer,Brown and Sons,posted,2026-09-10 08:21:20.22442
1683,3f4e10d6-04c5-4cba-990f-341355b7ab05,83,479.33,debit,pos,"Wood, Roberts and Lopez",posted,2026-09-10 08:21:20.226544
1684,274fefbf-3181-4086-84e8-c548fefc487d,107,2161.12,debit,transfer,Sanchez Inc,posted,2026-09-10 08:21:20.228458
1685,c22461c3-3e07-4cb4-b5e9-85c7bac585b3,135,5589.23,debit,ussd,Davila-Jones,posted,2026-09-10 08:21:20.230385
1686,9e1a08b1-cd8d-411f-8354-4b2cce4e400e,144,18995.70,debit,transfer,"Lewis, Smith and Johnson",posted,2026-09-10 08:21:20.232604
1687,9382b542-a79c-4124-8ff4-3872389de06a,116,8528.72,credit,transfer,Webb Ltd,posted,2026-09-10 08:21:20.234435
1688,67494528-fde8-4757-b7dc-91140e248b59,109,18732.67,debit,card,"Hall, Payne and Holt",posted,2026-09-10 08:21:20.236619
1689,0b537c59-17b5-42da-9775-c08f094ff95e,145,6990.36,debit,card,"Parker, Booth and Brown",posted,2026-09-10 08:21:20.238586
1690,ea052072-8407-4c14-847b-eae97d4bc518,140,6735.51,debit,pos,"Gardner, Andersen and Carson",posted,2026-09-10 08:21:20.240606
1691,a416bfbe-ad22-4556-957f-3850bb60ccf1,113,507.53,credit,pos,Walker and Sons,posted,2026-09-10 08:21:20.242477
1692,3e0c0fe7-790a-4e26-9736-61607ee32118,116,416.02,debit,transfer,Willis-Brewer,posted,2026-09-10 08:21:20.244408
1693,824c4868-b7e6-47ba-857c-0f7326000d7b,103,13042.68,debit,pos,Richardson Inc,posted,2026-09-10 08:21:20.246601
1694,9a127831-faf0-4668-b5aa-b98638146fe2,196,10849.11,credit,ussd,Jones Inc,posted,2026-09-10 08:21:20.248455
1695,cfe7afb1-4a02-49d8-a56d-f65069f63c1e,41,3682.85,credit,transfer,Pennington-Warren,posted,2026-09-10 08:21:20.250526
1696,fa5c40ce-e516-4431-b8e7-6f53b4f289c5,11,11495.82,credit,pos,Russell LLC,posted,2026-09-10 08:21:20.252475
1697,5f117545-722a-4e58-b47c-41e060c66822,162,3401.05,credit,ussd,Ray-Alvarez,posted,2026-09-10 08:21:20.254504
1698,a43d4040-7a9f-4867-a8dc-8f08168011bf,59,5732.41,debit,card,Richmond Inc,posted,2026-09-10 08:21:20.256291
1699,9b00e199-5f9b-4ce7-850c-bac2f660d72e,153,18187.06,debit,ussd,Pitts-Aguilar,posted,2026-09-10 08:21:20.258182
1700,23da80be-3465-4ff5-8f1f-8e0b2fa5de2d,34,6465.26,debit,transfer,Cummings-Summers,posted,2026-09-10 08:21:20.260341
1701,563ce1a7-fc34-4a6a-b63c-ec46c9444660,197,1378.58,credit,transfer,Cruz-Mckinney,posted,2026-09-10 08:21:20.262166
1702,b0439a00-714c-400a-8751-61a42ac5f474,133,2509.87,debit,pos,Robinson Ltd,posted,2026-09-10 08:21:20.26395
1703,89bb1f87-dbd4-4740-9856-60dbb0c56865,141,11684.11,credit,ussd,Gomez-Gonzalez,posted,2026-09-10 08:21:20.266161
1704,6c7867d0-dd7b-421b-9bbd-091e7a939dea,102,5764.02,credit,ussd,Perez LLC,posted,2026-09-10 08:21:20.267891
1705,622abc9f-4035-422b-aad4-a87ab7464268,135,11616.18,debit,card,"Carroll, Singleton and Brown",posted,2026-09-10 08:21:20.270076
1706,180d5c0d-2b6d-45df-9873-0cd147941bae,146,10215.09,debit,pos,Owens LLC,posted,2026-09-10 08:21:20.271881
1707,f8ffce2d-c542-4cc7-85b2-e6540858ec29,93,13932.61,credit,transfer,Williams-Johnson,posted,2026-09-10 08:21:20.27404
1708,a0101c08-4be9-48d6-898c-0f2adc99c401,46,1894.83,credit,card,"Mack, Carter and Torres",posted,2026-09-10 08:21:20.276154
1709,8cdd610e-a37b-420c-9027-b165213f20fe,123,7852.14,credit,pos,Mccall Group,posted,2026-09-10 08:21:20.278184
1710,8878d669-5192-476c-970a-37202b9ce71b,61,17102.26,debit,card,Stevenson-Stafford,posted,2026-09-10 08:21:20.280183
1711,b595acf5-7911-4a5f-8d75-b5696fd90fee,119,3037.51,debit,ussd,Mendoza Group,posted,2026-09-10 08:21:20.282165
1712,42932663-5448-47ae-bfaf-9749a44e9601,57,13416.37,debit,transfer,Hubbard-Livingston,posted,2026-09-10 08:21:20.284278
1713,0f22ce14-2b56-4ae1-9df2-c4b138cbc75e,143,14761.03,credit,transfer,Gray-Carter,posted,2026-09-10 08:21:20.286295
1714,b07de26e-61c0-4687-854a-ad823d6e10e1,5,12218.47,debit,card,"Leonard, Hartman and Banks",posted,2026-09-10 08:21:20.28818
1715,d93424e6-b4cb-45eb-9a86-142cc78d6a49,69,19666.09,credit,transfer,"Gonzalez, Hoover and Allen",posted,2026-09-10 08:21:20.290267
1716,8bcebba6-3ff5-4975-80de-202d73998e7c,68,19933.17,credit,card,Villarreal-Walker,posted,2026-09-10 08:21:20.292277
1717,621fdfbb-4a7e-47b4-8eae-289805713aed,43,1533.87,debit,transfer,Patterson-Owens,posted,2026-09-10 08:21:20.294274
1718,a64560d3-aae4-414a-a058-088bc8badccd,163,12259.78,credit,card,Hill and Sons,posted,2026-09-10 08:21:20.296123
1719,dd76bb9b-d033-44fc-ba59-3484f484ecd9,55,14974.38,credit,card,Mack LLC,posted,2026-09-10 08:21:20.297991
1720,006e34be-fe2d-49b4-9765-11b68c9cd443,62,9657.33,debit,transfer,Cunningham Group,posted,2026-09-10 08:21:20.299877
1721,ee89e945-1e0d-4940-a468-d8e701f2af97,11,3629.85,credit,pos,Wilson Group,posted,2026-09-10 08:21:20.30091
1722,8ab5e168-da3b-4b27-a6f8-189c1a1bd6ee,200,11866.99,credit,ussd,Lee-Hill,posted,2026-09-10 08:21:20.302856
1723,6a5f6922-359c-460d-89c1-62910456d3e9,25,10569.43,credit,pos,Mays Group,posted,2026-09-10 08:21:20.304614
1724,7b71d781-b48f-448f-b6e6-e9e986c9c41a,37,10702.77,credit,card,Herrera-Hall,posted,2026-09-10 08:21:20.306621
1725,b591ad2b-beb0-4e06-8627-15972bcc52f6,30,10609.77,credit,transfer,Cole and Sons,posted,2026-09-10 08:21:20.308412
1726,16c77ae5-1ed6-4f15-a4e0-d32020ffbc06,75,3000.82,debit,ussd,Glenn-Jones,posted,2026-09-10 08:21:20.310362
1727,09696562-fd28-49de-8fdd-40199028aeb3,191,7816.95,credit,ussd,"Fowler, Burns and Jones",posted,2026-09-10 08:21:20.312446
1728,7b6cba54-0603-4c29-9fdb-6f759bb857a2,105,15454.35,credit,card,Torres-Lewis,posted,2026-09-10 08:21:20.314246
1729,1c407326-a978-4ead-9f02-e6e720211ec4,28,15501.50,credit,ussd,"Anderson, Stephens and Oneill",posted,2026-09-10 08:21:20.316411
1730,c14fa777-683c-4542-803b-22838c9c1b70,179,9977.92,debit,transfer,"Carr, Miranda and Baker",posted,2026-09-10 08:21:20.31848
1731,96d4b4c8-5c38-462e-bca7-eedf3007c6e4,1,18183.36,credit,card,Morales-Blevins,posted,2026-09-10 08:21:20.320423
1732,43bcc068-0888-4fe1-b855-ddee67f77d4f,178,7509.28,credit,card,Stephenson-Pena,posted,2026-09-10 08:21:20.322422
1733,082777a9-0645-4619-9b96-d460e1e2403e,41,14469.07,credit,card,"Johnson, Romero and Nelson",posted,2026-09-10 08:21:20.324563
1734,4da8c90f-df1e-4400-96f4-a5ab439250c8,69,8164.53,debit,card,"Foley, Rogers and Brown",posted,2026-09-10 08:21:20.325737
1735,9951ee9f-8642-47e2-bd6b-4fdc4058c52f,144,12633.36,credit,ussd,Ferguson Inc,posted,2026-09-10 08:21:20.327591
1736,4ec3129d-0a1f-45aa-aa0f-8fec0fe9e66f,133,14995.48,credit,ussd,Potts Group,posted,2026-09-10 08:21:20.329503
1737,495ff24a-9b8a-4ea2-af8f-b5e446a655aa,8,5029.88,debit,transfer,Shaw LLC,posted,2026-09-10 08:21:20.331163
1738,062c4238-60fa-40ec-bab2-8546fe9f7b2f,195,18330.52,debit,card,"Stark, Olson and Lee",posted,2026-09-10 08:21:20.333267
1739,28d4b9ae-9cf2-492c-981c-4810e9bc93aa,185,16165.58,debit,transfer,Crawford-Mayo,posted,2026-09-10 08:21:20.33517
1740,f74d6e41-939e-4322-b0c5-0863afd39a8f,1,4122.44,debit,transfer,"Boyd, Moore and Jones",posted,2026-09-10 08:21:20.337276
1741,424450fc-cc88-41b4-ab8a-02a858edad99,97,12939.78,credit,card,Jimenez-Gomez,posted,2026-09-10 08:21:20.339321
1742,41056cc0-fe0d-43f8-b234-dfa4de0d3062,8,14948.27,debit,transfer,West-Ferguson,posted,2026-09-10 08:21:20.341181
1743,c09e2276-98ff-4548-9b77-fd99f9baa5bd,126,13198.01,credit,card,"Craig, Lewis and Gibson",posted,2026-09-10 08:21:20.343319
1744,08aa1c5c-d0a9-4e1a-ab4d-cfaef245280e,120,16152.67,debit,card,Parsons Ltd,posted,2026-09-10 08:21:20.345163
1745,52780936-661f-418a-a943-1677230d9517,140,2644.03,debit,ussd,Jordan Ltd,posted,2026-09-10 08:21:20.346937
1746,05d84d60-0b33-4d23-b00a-3058f1bc9552,120,15824.62,debit,transfer,"Duncan, Meyer and Washington",posted,2026-09-10 08:21:20.348998
1747,cd963f0e-c4c5-4a15-9921-a68492c7d212,85,4858.28,debit,pos,"Rasmussen, Duran and Parker",posted,2026-09-10 08:21:20.351123
1748,620f6e21-7908-4b70-84f9-800d962ed03c,74,17530.42,debit,transfer,"Hansen, Morgan and Murphy",posted,2026-09-10 08:21:20.353219
1749,9185da2e-7678-4b44-bc35-00bc22f02ab1,19,14336.04,credit,card,Adkins-Barker,posted,2026-09-10 08:21:20.355244
1750,9d6016dc-0750-42c0-b004-3bb8de8bffdf,186,14335.21,credit,card,"Cherry, Gould and Morris",posted,2026-09-10 08:21:20.357364
1751,bbfb93ae-8dff-4ec2-b33c-fc6b780649a6,46,18577.77,debit,pos,"Edwards, Small and Cordova",posted,2026-09-10 08:21:20.359503
1752,e1fa5b94-904d-48a9-a21d-dcc9c1dadf56,147,15690.71,credit,ussd,"Skinner, Wright and Mitchell",posted,2026-09-10 08:21:20.361662
1753,fd180af6-31e1-4835-8448-92821525f7eb,91,17294.36,debit,pos,Small-Hines,posted,2026-09-10 08:21:20.363831
1754,e162f95a-c0eb-4f9e-8aea-a63f053bfa9e,102,12346.68,debit,pos,Velazquez-Boyd,posted,2026-09-10 08:21:20.365742
1755,edbcfe24-3834-49ab-96e4-c858ea135b1a,115,2258.80,credit,ussd,Carter Ltd,posted,2026-09-10 08:21:20.367905
1756,7d42019f-9b48-40ab-9169-79af97edc2d3,181,8218.46,credit,ussd,Anderson-Ingram,posted,2026-09-10 08:21:20.369891
1757,7271646f-2053-45dd-8a3c-b80d73b176d8,175,794.48,credit,ussd,Evans PLC,posted,2026-09-10 08:21:20.371702
1758,bb785020-89d4-49a9-a074-cbc31a4f2789,75,5001.68,credit,ussd,Osborne-Smith,posted,2026-09-10 08:21:20.373783
1759,2ddd5133-32d3-4b85-bac0-9ee4a53a70b9,157,18438.52,debit,transfer,"Baker, Edwards and Robinson",posted,2026-09-10 08:21:20.375928
1760,e6b48c9b-bb88-462d-89d3-fcd58ab96ffc,146,12859.53,debit,transfer,Atkinson PLC,posted,2026-09-10 08:21:20.377881
1761,2bcccee8-26c5-44a5-9e51-4968a4cb8390,85,3398.22,credit,card,"Moore, Li and Clayton",posted,2026-09-10 08:21:20.379971
1762,25580025-3a7d-4312-9137-97d80283ed76,15,5484.63,debit,ussd,Rollins Group,posted,2026-09-10 08:21:20.381835
1763,c1e30f04-f7c7-4247-a3a5-b8245f9310ad,7,1037.09,credit,transfer,Savage PLC,posted,2026-09-10 08:21:20.383645
1764,cb47f874-1bb9-41e1-ac56-4977c994bca7,42,17017.02,debit,pos,Frazier Inc,posted,2026-09-10 08:21:20.385529
1765,6df8085d-a804-480f-8987-7d9b9bd104ad,41,17965.73,debit,transfer,Dillon-Strickland,posted,2026-09-10 08:21:20.387431
1766,5c974f70-94b9-44ae-9463-3ab0426dba14,89,13804.63,debit,ussd,"Patel, Taylor and Smith",posted,2026-09-10 08:21:20.389457
1767,9007db02-9fdd-461f-b6bb-41d35be5c759,35,2303.43,credit,card,Williams Group,posted,2026-09-10 08:21:20.391324
1768,8a509f8f-52ea-4116-ad74-797265d3461b,97,5008.51,debit,transfer,"Mack, Maddox and Bell",posted,2026-09-10 08:21:20.39401
1769,12e7345f-cd2b-4ce9-9e73-85f1e8918247,98,1579.24,credit,ussd,"Murphy, Wilson and Smith",posted,2026-09-10 08:21:20.396194
1770,6f7ef728-cd0d-4ddd-a364-8e3247da45ec,3,6892.03,credit,pos,Conway-Kelley,posted,2026-09-10 08:21:20.398132
1771,931272bf-e16c-4f6b-986d-1af0ef1651f1,74,4038.38,credit,pos,Flowers-Dalton,posted,2026-09-10 08:21:20.400064
1772,27894a5f-56ee-4d91-a02a-3f6eb820b776,156,13986.23,debit,transfer,"Richards, Miller and Lee",posted,2026-09-10 08:21:20.402249
1773,d00f072c-fcc6-4ffc-bed1-281d8c3da871,22,1376.95,debit,transfer,Williams-Wagner,posted,2026-09-10 08:21:20.404209
1774,7c219e3a-0293-438c-b066-2b7c41604d4b,170,7759.41,debit,ussd,York PLC,posted,2026-09-10 08:21:20.406109
1775,a7a05398-0c61-48f7-869b-1dc01256cc64,88,14631.94,credit,pos,Beasley-Wolf,posted,2026-09-10 08:21:20.407206
1776,1ea0cc86-e692-4c62-92b0-930a49d085f4,64,19466.68,debit,pos,Thomas LLC,posted,2026-09-10 08:21:20.409039
1777,cd92353c-5be1-4329-91dd-e8def8526d81,57,858.01,debit,card,Torres Inc,posted,2026-09-10 08:21:20.410878
1778,acb266da-69b7-4148-8ef8-399290452ec1,74,1699.92,debit,ussd,Stark-Welch,posted,2026-09-10 08:21:20.412748
1779,287c2113-b2da-4484-82ab-75f9b2be096a,39,16997.43,debit,ussd,Clark-Willis,posted,2026-09-10 08:21:20.41466
1780,f2926003-190c-41de-8cfe-7e522780cfb3,136,7690.25,credit,transfer,Beltran and Sons,posted,2026-09-10 08:21:20.416523
1781,f22ba5d2-8844-4aa0-8b19-d6bc87201bfd,32,2611.22,debit,card,"Turner, Thomas and Davenport",posted,2026-09-10 08:21:20.418501
1782,6ecebd6a-6cfd-4190-9fe5-8a36e7a2ed1f,90,13925.63,debit,transfer,Williams-Silva,posted,2026-09-10 08:21:20.42037
1783,fc431c20-84cf-4e59-a250-ee28a3862d72,58,7459.99,debit,transfer,Morris Inc,posted,2026-09-10 08:21:20.422284
1784,1a0fa54c-a7f2-45ef-b3d3-8abffd16cd43,37,11856.17,debit,transfer,Johnson and Sons,posted,2026-09-10 08:21:20.424306
1785,3679ec5f-426c-4907-a364-39489b053fba,106,3368.24,credit,card,Sanchez LLC,posted,2026-09-10 08:21:20.426343
1786,af09187e-5152-4514-bedf-cd3793bd0059,176,7546.14,debit,pos,"Manning, Brown and Cummings",posted,2026-09-10 08:21:20.4286
1787,5278d872-5939-4727-aaff-46dd3c2a654c,109,8581.75,credit,ussd,Hodges-Weaver,posted,2026-09-10 08:21:20.430522
1788,aa9a60ec-3a3b-427d-b788-138dc140ea79,102,10609.76,debit,ussd,"Contreras, Ware and Hampton",posted,2026-09-10 08:21:20.432638
1789,29c9e1cf-2f65-4b04-a79f-ed293a10f960,142,6140.58,debit,ussd,Wade and Sons,posted,2026-09-10 08:21:20.434521
1790,43250421-2591-40fc-be9e-fafe66723361,21,12368.27,credit,transfer,Jennings-Knight,posted,2026-09-10 08:21:20.436544
1791,8094f9aa-5c96-4339-bebe-59b7f00a428c,196,11433.58,debit,transfer,"Johnson, Carpenter and Dodson",posted,2026-09-10 08:21:20.438644
1792,87d1594f-a3c8-4cfb-a6e0-1c2334aade41,190,13519.92,debit,transfer,Jones-Moon,posted,2026-09-10 08:21:20.440682
1793,d3d0e447-02f2-486e-969f-7918672cdc8d,133,3158.49,credit,transfer,Horton Group,posted,2026-09-10 08:21:20.442627
1794,02ddbecb-0e4b-406c-b1a5-a8af633830ff,160,12433.53,credit,ussd,"Ortiz, Smith and Diaz",posted,2026-09-10 08:21:20.444758
1795,47bd0388-f915-4fc8-bd82-a1df6fbc7fe2,121,5555.57,credit,card,"Wise, Hubbard and Figueroa",posted,2026-09-10 08:21:20.446804
1796,4af1c222-4dcd-4f0f-9b4e-4b119452bd2e,56,9684.96,credit,transfer,"James, Rivas and Jones",posted,2026-09-10 08:21:20.448942
1797,14150a67-6fc6-40d5-937b-30335acb9fca,58,125.52,debit,pos,Williams-Brown,posted,2026-09-10 08:21:20.450853
1798,628d6abf-0a27-4104-81c6-7c901d27afe4,98,14425.73,credit,card,Santiago and Sons,posted,2026-09-10 08:21:20.452757
1799,45e20fb7-4f56-4d27-a9e3-2052db44357e,57,19366.38,credit,card,Chandler-Stone,posted,2026-09-10 08:21:20.454959
1800,b6a0eee0-316d-472a-be51-8b5cca1e85ca,25,18193.85,credit,card,Gonzales Group,posted,2026-09-10 08:21:20.456867
1801,28060e96-7e0d-4bb7-9c87-b9e20563673f,144,16209.47,credit,transfer,Bowman Group,posted,2026-09-10 08:21:20.458893
1802,15176007-a1fd-4642-ba80-fbc7cc2c8405,89,12934.63,debit,card,Hamilton PLC,posted,2026-09-10 08:21:20.460942
1803,5202e860-643b-42fd-9425-e660478d300c,11,9119.31,credit,card,"Robertson, Watkins and Morton",posted,2026-09-10 08:21:20.463235
1804,9a5688ff-8076-48f9-98b4-8f76ad5aa8d1,182,1246.10,debit,transfer,Lawrence LLC,posted,2026-09-10 08:21:20.465094
1805,4e78efae-c5b3-444d-933c-ce5865ce4ef4,51,10243.84,debit,ussd,Morris-Lewis,posted,2026-09-10 08:21:20.467393
1806,74026951-aa5b-4ee4-b0ad-119a17ba4e9a,24,4146.88,credit,transfer,Rodriguez-Jackson,posted,2026-09-10 08:21:20.469402
1807,7d3a137c-898b-4a80-a931-3c39e8701b69,161,11356.15,credit,pos,"Stone, Foster and Nguyen",posted,2026-09-10 08:21:20.471547
1808,6b38ebea-c0bf-4e3a-8ad5-3e114791bf3e,111,9637.93,credit,card,Manning and Sons,posted,2026-09-10 08:21:20.473469
1809,8f2bf484-b42c-4165-8c12-cd817c6420d0,22,15029.83,debit,transfer,Lee PLC,posted,2026-09-10 08:21:20.475414
1810,2865863e-d775-4301-ab0c-dfac5329d3a8,73,12823.90,debit,pos,"Lopez, Bennett and Russell",posted,2026-09-10 08:21:20.477639
1811,d2b502db-e8a6-4cf3-8107-3278eea85c55,13,14600.93,credit,card,"Myers, Beck and Ramsey",posted,2026-09-10 08:21:20.479747
1812,ce83f465-7689-4fb2-b990-8b7e2443be1d,111,5114.64,credit,ussd,Miller-Reeves,posted,2026-09-10 08:21:20.481751
1813,a3de01a7-95a7-49ad-a036-5140f7de15fb,188,13797.52,debit,ussd,"Pierce, Jones and Rice",posted,2026-09-10 08:21:20.483857
1814,9edb32be-8fe9-42fd-94b6-13ee4ef04010,136,14532.44,debit,card,"Ferguson, Bennett and Mayo",posted,2026-09-10 08:21:20.485914
1815,b6b28cb4-e683-4bc9-bf67-bdd11bd49457,102,6082.37,credit,ussd,May-Wong,posted,2026-09-10 08:21:20.487776
1816,5324ffd7-e2e5-4c3d-8176-959caace8bc5,61,19955.73,debit,pos,"Smith, Taylor and Thomas",posted,2026-09-10 08:21:20.489865
1817,31532175-7f08-417f-ba6c-473e0e278214,164,8645.86,credit,transfer,Cruz and Sons,posted,2026-09-10 08:21:20.492277
1818,77dae156-35f7-4109-acc1-a4f10f7b5d08,182,19143.39,credit,card,"Morales, Kelly and Curtis",posted,2026-09-10 08:21:20.494374
1819,0a467dd9-27ba-4a16-b996-5ed5cf94a010,131,3062.62,credit,ussd,Atkinson-Nicholson,posted,2026-09-10 08:21:20.496416
1820,3c5cdbf1-ffc2-4e3e-b5d5-3579c9719fe3,128,2068.72,credit,card,"Freeman, Martinez and Ramsey",posted,2026-09-10 08:21:20.498485
1821,081d9a78-80cc-4bc1-85bb-f6ceadb1f67b,195,592.20,credit,card,Dixon-Johnson,posted,2026-09-10 08:21:20.500605
1822,b3f3733b-2939-47b7-a318-c73e83b3715a,30,13241.33,credit,card,Haley-Hartman,posted,2026-09-10 08:21:20.502594
1823,df0fda3c-74f1-4c64-9e59-28a742844348,132,2415.00,credit,ussd,Phillips PLC,posted,2026-09-10 08:21:20.504413
1824,a5ac2e1e-538c-4b8a-8a70-e16db930cded,48,16085.59,credit,pos,Salas LLC,posted,2026-09-10 08:21:20.50638
1825,10cf36d6-2452-4030-aca2-8e502d3084cc,14,9380.07,debit,pos,Gomez and Sons,posted,2026-09-10 08:21:20.508298
1826,379e5bca-325d-4048-a988-cf72f5499c69,181,14640.20,credit,ussd,"Hart, Flowers and Wright",posted,2026-09-10 08:21:20.510264
1827,5accd34a-6e5d-4f4b-bb6d-fbe9c67ac281,140,7352.32,credit,ussd,Petty and Sons,posted,2026-09-10 08:21:20.51123
1828,59411f04-6303-48ac-b32e-9b6dd00fc513,82,12936.10,debit,transfer,Jenkins and Sons,posted,2026-09-10 08:21:20.513029
1829,837890af-93a6-48f8-b10f-254d5655d5e1,126,11013.32,credit,transfer,"Rangel, Pineda and Long",posted,2026-09-10 08:21:20.515323
1830,c7309fb7-5e3b-4822-bcd6-5fee0269a009,145,2695.49,debit,ussd,Hernandez-Reynolds,posted,2026-09-10 08:21:20.517261
1831,301c4c25-601e-4106-afec-73b29836ae0d,138,1001.60,credit,ussd,Long-Jenkins,posted,2026-09-10 08:21:20.519165
1832,96dce439-4e72-4e66-a66b-405a74f5665d,33,12902.50,debit,card,Jordan-Franco,posted,2026-09-10 08:21:20.521137
1833,2fd39b7d-cfe9-4d4e-8311-399024b6ec08,84,2004.81,credit,pos,"Hansen, Kelly and Frazier",posted,2026-09-10 08:21:20.523193
1834,3e81627d-8939-4a77-a650-cd1ac6a77da4,83,1103.51,credit,ussd,Peterson Inc,posted,2026-09-10 08:21:20.525269
1835,3d77428f-9008-4d1c-886f-1c80705dc44d,106,3258.29,debit,ussd,"Warren, Castillo and Ramirez",posted,2026-09-10 08:21:20.527344
1836,85cd194d-be04-4fca-aa02-97134491692b,171,6816.91,debit,ussd,"Roberts, Sawyer and Wilson",posted,2026-09-10 08:21:20.529341
1837,6267e731-b56f-4fa7-9914-e4697d22dbd7,155,9264.55,debit,ussd,"Smith, Lawson and Wong",posted,2026-09-10 08:21:20.531411
1838,b2ffe28c-a4d7-44d5-9d3e-b35b06f1c8d7,50,2350.41,credit,card,"Wilson, Cross and Haney",posted,2026-09-10 08:21:20.533432
1839,96689491-fed3-480b-aed3-7bab19ad967b,53,15641.15,debit,ussd,Flores LLC,posted,2026-09-10 08:21:20.535237
1840,516f494c-f378-4bca-abd3-6216a74954b3,186,10053.46,credit,transfer,Perry Group,posted,2026-09-10 08:21:20.537165
1841,467dc877-4898-4335-8688-3c6884445a95,74,18935.14,debit,card,"Hahn, Clayton and Stewart",posted,2026-09-10 08:21:20.539394
1842,719a4756-1f75-4b31-9f0b-01dbf894fdf0,47,9441.10,debit,transfer,"Grimes, Drake and Hays",posted,2026-09-10 08:21:20.541501
1843,5a3221d4-72fa-450e-ba2b-ff18fc58d84c,191,7487.72,credit,transfer,Holland Group,posted,2026-09-10 08:21:20.543358
1844,e5486070-f685-4602-bdf9-ce3706302351,58,1152.66,debit,card,Jones Ltd,posted,2026-09-10 08:21:20.545195
1845,0993f5c5-e3d4-4ef0-88ee-f09b2fe50bde,49,10362.65,credit,ussd,Munoz Group,posted,2026-09-10 08:21:20.547046
1846,9433ba6d-3cc3-4b6d-8df0-92acec6ca384,129,13477.27,debit,ussd,"Ward, Butler and Hoover",posted,2026-09-10 08:21:20.549236
1847,8f62206f-ea89-44cd-ba33-2f68ded38e4d,140,14429.42,debit,card,Woods PLC,posted,2026-09-10 08:21:20.551081
1848,d8c470f5-9884-4c66-a231-ccd002beed67,154,18936.95,credit,ussd,Brown LLC,posted,2026-09-10 08:21:20.552821
1849,14dd0973-7024-449f-8dc4-897aa1c08b96,111,10567.15,credit,transfer,"Montgomery, Alvarez and Warren",posted,2026-09-10 08:21:20.554995
1850,2a512769-f326-4666-85cb-46a94508a704,191,1136.42,credit,card,White-Jacobson,posted,2026-09-10 08:21:20.55688
1851,c6a7a03b-5d3c-4596-876d-a2727444e2d4,98,14323.85,debit,ussd,Chapman LLC,posted,2026-09-10 08:21:20.558805
1852,fd0ef66a-2816-4048-a73c-da692fe3dd90,146,8939.48,debit,transfer,Robinson and Sons,posted,2026-09-10 08:21:20.560688
1853,f40ec104-a778-4cae-98b7-2a6937de5cac,88,10853.54,credit,card,"Chambers, Herrera and Cooper",posted,2026-09-10 08:21:20.563192
1854,1e2327ad-d605-481d-8a0c-b48f1ecd3c7f,179,8039.66,credit,pos,"Cooper, Long and Colon",posted,2026-09-10 08:21:20.565218
1855,9c806afc-780c-4678-aece-a5142078b0e7,40,11541.32,credit,card,Pierce Group,posted,2026-09-10 08:21:20.567087
1856,21eb5a32-f8cc-46bc-9262-69b2e6dc74c3,186,15702.96,credit,card,Hart-Ellis,posted,2026-09-10 08:21:20.569233
1857,26959994-f688-4b3e-9eab-432c72f303a4,58,11082.27,debit,card,"Reynolds, Hughes and Anderson",posted,2026-09-10 08:21:20.571308
1858,20388f2a-28c3-450c-98cb-d47102d2f245,31,17301.66,credit,card,"Hurst, Perez and Rubio",posted,2026-09-10 08:21:20.573314
1859,b7936f25-e314-4053-823d-4f208bc2b7c6,81,11782.35,debit,transfer,Gibson-Alexander,posted,2026-09-10 08:21:20.575314
1860,c50c2835-a39a-4364-809a-9a9abb4bab03,31,11098.53,credit,transfer,"Smith, Miles and Collins",posted,2026-09-10 08:21:20.577321
1861,52d0af34-31d9-4405-81e5-89c70178cd38,196,1460.40,credit,card,Mills LLC,posted,2026-09-10 08:21:20.579056
1862,0e18ac2a-0cfe-4740-82f8-f8dc621ca5f2,84,19311.54,debit,card,"Wells, Cook and Jimenez",posted,2026-09-10 08:21:20.581075
1863,54603355-caff-45b8-a3a2-e8c3d4180a6e,71,14708.90,debit,pos,Moore-Moore,posted,2026-09-10 08:21:20.58305
1864,304174b7-b0ad-4449-b2de-72c0a06f0da1,196,10931.94,debit,card,Smith Group,posted,2026-09-10 08:21:20.58473
1865,aff25a58-0991-421d-8129-4e28222cf99f,55,10209.31,credit,transfer,Anthony and Sons,posted,2026-09-10 08:21:20.586651
1866,8acb6334-fcb6-47fb-9600-8c7d8113f529,3,4642.35,credit,transfer,"Phillips, Martin and Lin",posted,2026-09-10 08:21:20.588569
1867,427c678e-abf3-4bf2-b5ec-838c1330d68a,136,13956.96,credit,transfer,Snyder LLC,posted,2026-09-10 08:21:20.590426
1868,2651fb1f-7c2f-46c7-a9aa-206413df1f8d,7,19342.48,credit,ussd,Cunningham-Sosa,posted,2026-09-10 08:21:20.592984
1869,34389343-fadd-4bc8-918d-aebdbb03c9b2,158,12976.91,credit,transfer,"Burns, Hudson and Walters",posted,2026-09-10 08:21:20.594949
1870,c272f228-cd9b-42af-8c34-1279cc04d083,67,4059.13,debit,transfer,Aguilar PLC,posted,2026-09-10 08:21:20.59674
1871,a1c89c97-fd87-4f24-8128-4206f63ab3e9,109,1373.99,debit,card,Figueroa-Coleman,posted,2026-09-10 08:21:20.598598
1872,489d8a5f-95a4-4ad0-99b0-56654db069a6,25,14474.28,debit,transfer,Reid-Lang,posted,2026-09-10 08:21:20.600409
1873,aeade782-190d-40a8-8735-552786094f8a,93,19141.80,credit,transfer,Erickson Inc,posted,2026-09-10 08:21:20.603074
1874,95a76079-a3cc-45be-9eb5-82abb0d56eac,200,3361.99,credit,ussd,"Mullins, Williams and Bryant",posted,2026-09-10 08:21:20.605513
1875,2c23c1dd-ca29-484d-97f2-b6a7c3a8ab19,126,7571.52,credit,ussd,Chen Inc,posted,2026-09-10 08:21:20.607138
1876,44ce8d50-f60e-4384-86d6-2bef1d4db53f,83,11281.70,credit,card,Kelly and Sons,posted,2026-09-10 08:21:20.608706
1877,57e87199-da21-4453-856e-bff0405dbcb0,155,4583.98,debit,pos,Kelley Ltd,posted,2026-09-10 08:21:20.610508
1878,602a2455-5c0d-4c77-82be-71cd690e2a3f,85,10394.61,credit,card,"Jones, Hickman and Johnson",posted,2026-09-10 08:21:20.612367
1879,7b124e49-2745-4a78-9d3b-cb378a2986b6,167,17854.05,credit,transfer,Galvan LLC,posted,2026-09-10 08:21:20.613861
1880,5792b350-2b8c-4a51-9cbb-fc19f359b5cd,18,14141.50,debit,pos,Williamson-Ashley,posted,2026-09-10 08:21:20.615678
1881,501ecd2e-4a4a-403a-b363-383fff2df808,56,10846.22,credit,transfer,Brooks-Allen,posted,2026-09-10 08:21:20.617516
1882,ec5d2fb0-cce0-4fc5-aba5-7c72b12d865e,158,8748.72,debit,card,"Adkins, Williams and Miller",posted,2026-09-10 08:21:20.619134
1883,f8b23086-fd50-4fd0-8e9a-81374a8e1976,142,9580.88,credit,ussd,"Clark, Walls and Norris",posted,2026-09-10 08:21:20.620169
1884,ee152b18-0d96-45e7-8124-267d8c1f1f33,24,10270.19,credit,card,"Prince, Frederick and Fox",posted,2026-09-10 08:21:20.621792
1885,c17870e9-3cb0-4872-9801-e61940694787,125,1611.66,credit,pos,Shields-Wilson,posted,2026-09-10 08:21:20.623413
1886,0f29fac5-3cc3-4e15-899a-a94fc467c61c,103,2736.83,debit,pos,Newman-Roberts,posted,2026-09-10 08:21:20.625494
1887,ff994659-f050-4e84-af11-f51b13b11bc2,176,11227.27,debit,ussd,"Roman, Garcia and Carey",posted,2026-09-10 08:21:20.627384
1888,c1823f9f-004e-4c7e-a1fd-cb5454aee583,129,15444.60,credit,card,Medina Inc,posted,2026-09-10 08:21:20.629159
1889,98980fbb-128f-4037-8b85-62cb5de1cfdd,25,11865.70,credit,ussd,Maldonado-Richardson,posted,2026-09-10 08:21:20.631147
1890,5b3c5b33-54eb-4325-a209-05c839d5f987,4,7312.73,credit,transfer,"Matthews, Christian and Berg",posted,2026-09-10 08:21:20.633154
1891,68887340-a935-4a91-b94c-35cc7c2bed0e,191,8896.43,debit,transfer,"Thomas, Edwards and Pace",posted,2026-09-10 08:21:20.635157
1892,68f22f3a-4ac4-4deb-9a9d-4f9c1149c100,30,3104.65,credit,pos,Rivera Inc,posted,2026-09-10 08:21:20.636943
1893,0c94a539-6bb8-44ea-8cdc-76edf3215487,100,3847.29,credit,ussd,Atkins-Shea,posted,2026-09-10 08:21:20.638974
1894,3331fa07-50a4-4306-8f82-efdc29839594,133,15071.87,debit,transfer,"Lee, Ward and Haynes",posted,2026-09-10 08:21:20.641122
1895,c0bf2601-c1ca-4698-9f22-7ce637fede31,165,13075.06,credit,card,"Anderson, Wright and Collins",posted,2026-09-10 08:21:20.643137
1896,a86ad0e3-49f3-4d21-8111-3a368c1be0f5,132,8032.40,credit,pos,Hill-Manning,posted,2026-09-10 08:21:20.645108
1897,63e9cab8-12eb-4c01-ac83-cdc1d85f7ea5,81,16765.43,debit,transfer,Diaz-Allen,posted,2026-09-10 08:21:20.646296
1898,bc05389b-8eba-4e63-ad8c-e0a6d0467a30,185,17821.78,credit,ussd,"Williams, Luna and Austin",posted,2026-09-10 08:21:20.648558
1899,c416ada2-d94f-4872-a66b-08d05d265f8e,66,19754.58,credit,pos,Brown-Bell,posted,2026-09-10 08:21:20.650624
1900,365058f5-f4fc-4247-bab6-933815c32b99,185,12747.40,credit,transfer,"Mccormick, Rowland and Wallace",posted,2026-09-10 08:21:20.652624
1901,431e362b-d174-4901-9cf3-ffe536bdb452,41,11086.90,debit,ussd,Watkins PLC,posted,2026-09-10 08:21:20.654493
1902,b9d15091-d34d-4436-bc0c-8bf49ead2ab8,197,18296.39,debit,ussd,"Evans, Reyes and Evans",posted,2026-09-10 08:21:20.656663
1903,0a9ec8df-5219-4377-800c-0db8bea9b7d3,4,2335.83,credit,ussd,Leach-Diaz,posted,2026-09-10 08:21:20.658692
1904,f3cc9235-b6a4-4335-bf9e-f5267a8f8ef1,84,6502.06,credit,card,"Stanley, Woodard and Smith",posted,2026-09-10 08:21:20.661008
1905,703a26e2-b5d1-45fe-a6b4-8d0fd907f82f,117,7778.73,debit,pos,"Freeman, Mays and Hammond",posted,2026-09-10 08:21:20.663206
1906,e637b54f-862a-45be-a95f-73d01e47afed,166,16653.89,credit,pos,"Good, Nichols and Cooper",posted,2026-09-10 08:21:20.665202
1907,3bb59295-9c93-4c60-bdf9-966cf3a8b2ff,6,3249.60,debit,ussd,"Pratt, Johnston and Moran",posted,2026-09-10 08:21:20.667631
1908,26700078-7cb3-495b-93ac-9e0217202dc1,132,5303.01,debit,card,"Russell, Newton and Walton",posted,2026-09-10 08:21:20.669671
1909,8a78f528-6719-475b-81d9-44231a254d77,138,12535.65,credit,ussd,Peterson-Guzman,posted,2026-09-10 08:21:20.671667
1910,045b105d-2861-4a97-bdd1-b78f06433b0e,56,14951.39,debit,transfer,Lawson-Davis,posted,2026-09-10 08:21:20.673689
1911,5a459c5a-6cdc-4863-a0c7-545b9f69968f,190,10235.88,debit,transfer,Trevino-Soto,posted,2026-09-10 08:21:20.675584
1912,2a2849c7-9fb6-41db-914b-e524442b3a2a,152,9292.76,credit,pos,Cole-Weaver,posted,2026-09-10 08:21:20.677721
1913,a81a7153-735e-4854-9d2e-f839cd7934fc,147,6261.00,credit,pos,Espinoza-Campbell,posted,2026-09-10 08:21:20.67972
1914,fd30b721-4130-4a7b-85fe-e1606daac0b3,64,19279.02,debit,ussd,Kennedy and Sons,posted,2026-09-10 08:21:20.681624
1915,10880d45-aa29-449c-91f8-41ebb2380052,32,4149.50,debit,transfer,"Quinn, Rivera and Smith",posted,2026-09-10 08:21:20.683968
1916,05004a25-2e8c-4007-bafa-e564c1e002ad,96,1535.23,debit,card,Frank-Williams,posted,2026-09-10 08:21:20.685903
1917,49357a97-ded0-486c-9281-b0076fdd0fd7,45,997.74,credit,pos,Reed PLC,posted,2026-09-10 08:21:20.687676
1918,39e9ef41-1031-4f4b-b165-2a19c75a2b15,98,9773.76,credit,ussd,Smith Group,posted,2026-09-10 08:21:20.689718
1919,79dfde88-1160-4c8c-b006-bb71c65e681b,175,17222.57,debit,pos,"Briggs, Page and Cruz",posted,2026-09-10 08:21:20.692026
1920,7ed1480f-6a87-433e-9637-8d8c54101222,53,11918.64,debit,transfer,Allen-Torres,posted,2026-09-10 08:21:20.693962
1921,1ad40c32-e16c-4499-9eeb-56b248429d4f,3,2238.79,debit,card,Miller-Turner,posted,2026-09-10 08:21:20.69614
1922,1411d2b7-2c0e-4054-9a40-3438622d5f8a,85,4553.65,debit,transfer,Dean-Parker,posted,2026-09-10 08:21:20.6983
1923,6e95621d-b4db-4dca-b26c-afd14ed19762,117,4513.70,credit,pos,Woods Group,posted,2026-09-10 08:21:20.700134
1924,579605b6-bfef-4d59-b779-dbdabc6f90f6,102,15236.92,credit,ussd,"Adams, Bennett and Phillips",posted,2026-09-10 08:21:20.702245
1925,308549fd-993b-4f90-bcb7-a585d6c16d03,21,17907.76,credit,transfer,"Phillips, White and Rodriguez",posted,2026-09-10 08:21:20.704212
1926,5feed8bf-b1eb-478c-9170-1d06b0593921,24,7851.02,credit,pos,"Harris, Reese and Holloway",posted,2026-09-10 08:21:20.706123
1927,0f204485-f72e-44d3-84bc-2a796418e934,73,3773.43,credit,transfer,"Graham, Padilla and Johnston",posted,2026-09-10 08:21:20.708143
1928,57f8fb85-b1d7-4599-9c43-0335c28ee226,119,668.46,credit,transfer,Miller-Miller,posted,2026-09-10 08:21:20.710134
1929,465ab6c6-dc3e-44f0-8281-e3c40642f26f,165,8843.98,debit,card,Holder PLC,posted,2026-09-10 08:21:20.712007
1930,156b32cd-8787-4522-a0f8-592a5b066805,100,15467.90,credit,ussd,Villegas-Haley,posted,2026-09-10 08:21:20.714038
1931,b4c74fcc-e48f-4d5c-9b7c-8378e7dcd0de,178,10423.86,credit,card,"Gentry, Johnson and Booth",posted,2026-09-10 08:21:20.716228
1932,4dc7f006-b1cb-4969-bc5a-ab11ae863027,59,18863.40,credit,card,"Bennett, Rowe and Sellers",posted,2026-09-10 08:21:20.718286
1933,f03277ab-895f-4be4-a0a9-8b9bdd230666,196,11555.26,credit,card,"Lopez, Welch and Burnett",posted,2026-09-10 08:21:20.720209
1934,68f19f1d-1749-4c95-abc3-404bae687441,87,11212.77,debit,pos,"Lawson, Smith and Park",posted,2026-09-10 08:21:20.722226
1935,e9340996-6254-4029-81aa-7cedc44a2600,84,6720.35,credit,ussd,Taylor LLC,posted,2026-09-10 08:21:20.724027
1936,ce174aa9-a6fc-422c-905d-77c53a1f53f7,122,15314.42,debit,pos,"Hess, Acosta and Patterson",posted,2026-09-10 08:21:20.726249
1937,b17f8950-c8f1-431c-943b-b859e7b64508,124,12670.24,credit,card,"Taylor, Cohen and Bush",posted,2026-09-10 08:21:20.728226
1938,a9370982-64dc-42cf-9211-b6dc764af66b,121,6407.87,credit,ussd,"Higgins, Booth and Malone",posted,2026-09-10 08:21:20.730235
1939,aa8be660-2f56-4202-aee9-5778c6f6bce5,71,4547.51,debit,card,"Wise, Payne and Juarez",posted,2026-09-10 08:21:20.732186
1940,fffbd98e-05a8-4d32-bd90-c817f3bf3d85,187,6152.09,credit,pos,Neal-Smith,posted,2026-09-10 08:21:20.734149
1941,fec60187-974c-4a04-8712-e2fc4e9b09ed,71,13077.51,debit,pos,Hendricks Inc,posted,2026-09-10 08:21:20.736013
1942,42532f6c-6f6a-4329-8b6f-d739c02dd6a0,138,3044.11,debit,card,"Garcia, Mckinney and Williams",posted,2026-09-10 08:21:20.738117
1943,0df6918b-cc16-4207-a784-745338b92277,127,4021.20,credit,transfer,Brooks Inc,posted,2026-09-10 08:21:20.740006
1944,dc201bf1-24a1-4d8a-9772-1332d3eddbcc,82,19979.36,debit,ussd,Marshall-Dixon,posted,2026-09-10 08:21:20.742122
1945,77e159b2-e641-4ad0-92fb-e63bc5822a74,168,13935.17,debit,transfer,"Mays, Grant and Bell",posted,2026-09-10 08:21:20.744208
1946,6a47b00f-1df7-4057-9762-4cac126e5da7,61,11179.36,debit,ussd,Thompson Group,posted,2026-09-10 08:21:20.746093
1947,e710d260-621b-4cb7-9d58-36f6e2cb7381,193,6456.32,debit,card,"Woods, Delgado and Woods",posted,2026-09-10 08:21:20.748216
1948,b470e5ec-b0bc-4717-bbf1-f2a306f104e6,93,10769.20,credit,ussd,"Gonzalez, Bond and Franco",posted,2026-09-10 08:21:20.750266
1949,93dab145-46e7-4c65-8c8e-ae1060df7f83,159,12443.28,debit,transfer,Arias PLC,posted,2026-09-10 08:21:20.75214
1950,30d559f6-24df-4767-874d-cc89ff4ca51f,16,10617.15,debit,ussd,Fry Group,posted,2026-09-10 08:21:20.754084
1951,0f7b228c-ee18-4100-9739-e33bc941451c,23,1942.38,debit,ussd,Fernandez-Sellers,posted,2026-09-10 08:21:20.756327
1952,454afb17-40a4-41cd-acb5-25358ef14a2b,76,10932.25,debit,ussd,"Hodges, Francis and Church",posted,2026-09-10 08:21:20.758421
1953,491c785d-b6a5-4c17-b103-645ef0817abb,4,2716.60,debit,transfer,Melendez and Sons,posted,2026-09-10 08:21:20.760329
1954,8e2393ea-6a85-4be0-b31b-1c1bd06a2274,59,107.01,debit,card,"Weaver, Nelson and Santos",posted,2026-09-10 08:21:20.762465
1955,3892c493-9cca-4f1f-a581-7b21ca818d12,80,10292.81,debit,transfer,Dickson-Wyatt,posted,2026-09-10 08:21:20.764391
1956,2eccd324-8a0b-4ce1-abe8-170f4959798f,43,9129.83,credit,card,Collins-Morris,posted,2026-09-10 08:21:20.766374
1957,1282f95a-c78c-4e09-ad40-236e01a0e2f8,8,3411.50,debit,pos,Frost-White,posted,2026-09-10 08:21:20.768292
1958,71339f53-6f50-43de-b689-bd0217b18917,199,12480.18,debit,pos,Roberts Group,posted,2026-09-10 08:21:20.770937
1959,4dfd09a8-945c-4a30-bfe5-0a737214dfee,77,8128.52,debit,transfer,"Garcia, Hale and Taylor",posted,2026-09-10 08:21:20.773262
1960,fc7d02f6-6d88-4054-beaf-f187149df328,38,5772.20,credit,card,Brown Group,posted,2026-09-10 08:21:20.775067
1961,aebfacea-52bf-4ff4-8f9c-1df9451e031d,13,19892.75,credit,ussd,"Sanders, Howard and Gonzalez",posted,2026-09-10 08:21:20.777235
2085,8c19b613-2dc5-4b77-81cd-e648929eddd7,190,2670.02,debit,card,Boone LLC,posted,2026-09-10 08:21:21.02121
1962,0c8bae0a-e98a-4a6a-bb09-71a50dba3c81,149,17366.31,credit,ussd,"Hayes, Richardson and Brandt",posted,2026-09-10 08:21:20.779459
1963,770c65e0-d7cd-4443-af27-331b3f45dfbe,59,1787.40,credit,transfer,Johnson-King,posted,2026-09-10 08:21:20.781655
1964,f16b4f2a-9b5c-441a-9b17-b413b1bede51,120,6625.06,debit,pos,"Figueroa, Harrison and Brown",posted,2026-09-10 08:21:20.783712
1965,315e244f-3f46-474b-95e4-e32061d67982,58,2772.21,debit,pos,Campos PLC,posted,2026-09-10 08:21:20.785469
1966,757eaa8b-f49c-4f6c-8ff6-e917d2658c29,93,13215.37,credit,ussd,Holloway-Benson,posted,2026-09-10 08:21:20.787455
1967,e85d1b83-936d-49f3-9f6f-223237603858,42,16892.60,debit,card,"Nelson, Fisher and Lewis",posted,2026-09-10 08:21:20.789275
1968,5d8a2179-ad2d-42b2-9c0c-46032397d86f,106,13385.15,credit,transfer,Smith Group,posted,2026-09-10 08:21:20.791247
1969,60bc4a06-2fad-44bf-b650-ca42b4ab8bfe,69,19219.16,credit,card,"Mills, Miller and Freeman",posted,2026-09-10 08:21:20.793271
1970,f4c1fb03-f5de-47ec-8f4c-e56f9af15540,96,2052.12,debit,pos,"Morton, Reed and Moyer",posted,2026-09-10 08:21:20.795285
1971,21279293-48e5-45ce-ae56-4dbe9f85bb66,129,11558.82,debit,card,Page LLC,posted,2026-09-10 08:21:20.79713
1972,b2eec9bf-ee52-41ae-bf0a-b998a1483b67,190,10944.15,credit,pos,Davis Group,posted,2026-09-10 08:21:20.799007
1973,45574d21-21b2-4475-be23-47ebad4e7c00,66,12489.92,debit,card,Wilson LLC,posted,2026-09-10 08:21:20.80015
1974,214ce27d-ad86-432e-b6e8-86e9e8103b40,103,5435.73,credit,transfer,Carlson-Hall,posted,2026-09-10 08:21:20.802146
1975,9b99cff6-9327-44bf-898a-ef9d3ac27d85,176,10885.43,debit,transfer,Perez-Armstrong,posted,2026-09-10 08:21:20.80428
1976,8e215ab2-3a4b-4c2c-bfff-7531bd7cb261,127,14739.84,credit,ussd,Krueger-Rogers,posted,2026-09-10 08:21:20.806349
1977,9d67b7c4-7fbc-4580-a5ba-81ab7de6d430,88,11225.29,credit,card,"Morgan, Hogan and Farrell",posted,2026-09-10 08:21:20.808405
1978,0511824f-fe88-4d77-8751-0e869194ae6a,43,14313.06,credit,ussd,Cannon LLC,posted,2026-09-10 08:21:20.810163
1979,5a56ccec-cfe8-40c1-8064-8295fb9febc6,59,6183.53,debit,transfer,Davis and Sons,posted,2026-09-10 08:21:20.812018
1980,0a04b1d1-89ec-4557-a410-b339160b0dcc,196,1350.19,debit,card,"Ford, Best and Dawson",posted,2026-09-10 08:21:20.814172
1981,acf886af-ab4f-44b8-acf4-45330cd449d9,163,771.14,debit,transfer,"Palmer, Delgado and Obrien",posted,2026-09-10 08:21:20.816377
1982,a9662e4f-df4f-4a2b-833d-d10e8a83b63c,21,19613.84,credit,ussd,Jones-Padilla,posted,2026-09-10 08:21:20.818312
1983,ff2cdfa3-3ad3-41d5-b702-2efd6d510e30,29,16195.67,debit,card,Underwood-Ellis,posted,2026-09-10 08:21:20.820258
1984,a68002b5-bfc4-452f-8623-3bad2c35fd5a,117,16163.66,debit,pos,Adams-Watkins,posted,2026-09-10 08:21:20.822257
1985,6c9ec0e5-a58d-4c0b-9868-3caefac3c23a,86,11510.50,debit,transfer,Hanna Group,posted,2026-09-10 08:21:20.824113
1986,d7b3921f-2356-433b-9217-ec9d129ca343,156,15889.19,credit,transfer,"Trevino, Thompson and Wilson",posted,2026-09-10 08:21:20.82628
1987,fecae4ff-7792-40ab-bb54-aa9d26fbcea4,36,13868.26,credit,card,Wolfe Group,posted,2026-09-10 08:21:20.828226
1988,23ca5595-3d3f-4517-8f72-8f2f32ec22bc,145,7709.47,debit,ussd,Hunter and Sons,posted,2026-09-10 08:21:20.830066
1989,b289d8b4-8a29-4eec-a98b-42187ea49381,146,4838.11,debit,card,"Garcia, Cohen and Johnson",posted,2026-09-10 08:21:20.831987
1990,13bb75e5-f1d5-4e86-9f39-01969808456e,24,18759.28,credit,pos,Joyce-Wright,posted,2026-09-10 08:21:20.83391
1991,5d88c52d-5a79-4a3e-a9a5-fa4baa8cb57e,124,3150.20,debit,ussd,Finley Ltd,posted,2026-09-10 08:21:20.835772
1992,178062d4-c9f1-40ff-b559-d8cc16c55953,39,11171.79,credit,transfer,Manning and Sons,posted,2026-09-10 08:21:20.83755
1993,f08418e9-869d-48d5-9690-efafadae2e2e,112,2756.20,debit,pos,Beck and Sons,posted,2026-09-10 08:21:20.839344
1994,461e76b7-3724-4098-8c99-0782766f0774,13,14469.20,credit,ussd,Crosby-Mendoza,posted,2026-09-10 08:21:20.841389
1995,1f892153-27bd-4f27-9f08-038c251a7f39,157,9500.73,debit,pos,"Mills, Grant and White",posted,2026-09-10 08:21:20.843315
1996,783dea66-5358-4857-8154-936cf5b4a7e0,23,6587.00,credit,ussd,"Fry, Smith and Hickman",posted,2026-09-10 08:21:20.845413
1997,f5ea9287-dedd-4076-b747-c30185163080,153,4308.53,debit,pos,"Anderson, Hudson and Vazquez",posted,2026-09-10 08:21:20.847757
1998,6364be4d-c3c0-4650-8886-0d5b66d367aa,107,12855.88,credit,card,"Gonzales, Diaz and Martin",posted,2026-09-10 08:21:20.849783
1999,5bcb260b-6c5c-47c3-b25b-5de03873c928,105,19969.30,credit,card,"Thompson, Howard and Smith",posted,2026-09-10 08:21:20.851956
2000,74216cdf-060a-4bd3-bae5-bca9c0cba83d,2,19925.68,credit,pos,"Dickerson, Rodriguez and Brown",posted,2026-09-10 08:21:20.853913
2001,6c3aef9d-11f1-4cca-a263-a7efffc4d0ae,144,8484.69,credit,pos,Allen-Stout,posted,2026-09-10 08:21:20.855852
2002,bf9606ee-09f3-4577-9d3e-47f7482851c7,22,9528.90,debit,ussd,Jimenez and Sons,posted,2026-09-10 08:21:20.85762
2003,28360b51-18ce-4b07-96db-b732243f0620,67,10341.78,credit,ussd,"Golden, Singleton and Berry",posted,2026-09-10 08:21:20.859665
2004,0b0d81e3-f88b-4a6e-9836-3eaa07b135b4,54,1961.02,credit,transfer,Jackson-Ochoa,posted,2026-09-10 08:21:20.86155
2005,41cb8ce4-bd02-4e87-964f-d9e26469b484,8,5608.22,credit,ussd,"Pugh, Elliott and Williams",posted,2026-09-10 08:21:20.863487
2006,5fb1924f-7f31-4b57-b6f9-37ad58d06a22,41,4799.02,debit,pos,Holden-Miller,posted,2026-09-10 08:21:20.865363
2007,eac8ef0f-25d0-46ae-8e61-fb669f7dc08f,22,6943.14,debit,transfer,Clark PLC,posted,2026-09-10 08:21:20.867604
2008,916dbae3-204b-45af-b16e-9e1c82005f19,152,10966.56,debit,card,Gaines-Wallace,posted,2026-09-10 08:21:20.869537
2009,a4e24ca3-989a-4e06-961b-e3e69c544c1b,162,8786.06,debit,ussd,Mendoza-Murray,posted,2026-09-10 08:21:20.871361
2010,635682b1-7680-45bf-9e97-6c0f625c2160,121,9945.30,credit,ussd,"Avery, Harris and Smith",posted,2026-09-10 08:21:20.873388
2011,ef1e4ad0-8c4f-4aaa-b01e-7fc39517ef9d,95,9011.90,debit,pos,Benton PLC,posted,2026-09-10 08:21:20.875146
2012,454088a9-36ea-4cb1-896d-d611bc82df02,44,14243.81,debit,pos,Lane PLC,posted,2026-09-10 08:21:20.877045
2013,c1c4b0c7-4c16-4317-b66f-5d828fede3ec,106,9268.61,debit,transfer,Smith Inc,posted,2026-09-10 08:21:20.878954
2014,f5ccd021-e67e-467f-97ca-158ae48ae5a8,161,7132.02,credit,pos,Washington LLC,posted,2026-09-10 08:21:20.880732
2015,72e17967-ab5f-4308-8317-470f1f541ea5,71,17304.35,debit,pos,"Davis, Williams and Brooks",posted,2026-09-10 08:21:20.882957
2016,f6029e0f-2f66-4f97-ab88-a19e29e30166,128,1324.31,credit,pos,"Klein, Vazquez and Thompson",posted,2026-09-10 08:21:20.885445
2017,ac9601ae-933d-4ff1-b41c-373aff464e65,131,11588.14,debit,transfer,Davis PLC,posted,2026-09-10 08:21:20.887318
2018,5b1a8a9e-6a63-40b4-9143-2de52665cf63,74,3342.55,credit,transfer,Clayton PLC,posted,2026-09-10 08:21:20.889624
2019,957af8ab-1192-4bb7-95cb-e60a82c3d30d,16,7135.51,credit,ussd,"Baker, Parsons and Berger",posted,2026-09-10 08:21:20.892341
2020,b030c074-2519-4b21-919a-160b3ad7abd5,13,1899.51,credit,card,"Bryant, Braun and Anderson",posted,2026-09-10 08:21:20.894537
2021,ebd1a5b0-fdd2-4e37-a193-b2c83a27a15f,65,7687.02,debit,pos,"Berry, Harris and Jimenez",posted,2026-09-10 08:21:20.896566
2022,06334964-f871-4285-90b7-2c825e415a6f,185,19959.57,credit,pos,Murphy-Peterson,posted,2026-09-10 08:21:20.897634
2023,9cf31e50-37c9-4500-82bb-62026143a3ec,152,19737.56,debit,ussd,"Jones, Crawford and Porter",posted,2026-09-10 08:21:20.89959
2024,2f0b5d24-af51-4db0-914d-cb8cd475a9b0,82,450.14,debit,card,"Roberts, Boone and Thompson",posted,2026-09-10 08:21:20.901571
2025,f68e8097-8021-4437-892c-c8a115b80e61,112,51.13,debit,card,Smith Ltd,posted,2026-09-10 08:21:20.903429
2026,33673433-b8cf-446d-a431-d9649b2898b3,1,17747.35,credit,transfer,"Mueller, Lopez and Jackson",posted,2026-09-10 08:21:20.905371
2027,24a372db-c975-45c7-944a-71b6104f5a17,110,5971.30,credit,pos,Pineda PLC,posted,2026-09-10 08:21:20.907265
2028,249c9e9f-d4c5-44f6-ac39-902d7bd865ef,171,11913.44,debit,transfer,Gallegos-Pittman,posted,2026-09-10 08:21:20.909334
2029,88d14782-625a-41c9-9de3-b76d375e1382,7,12212.56,credit,card,"Morales, Thompson and Rivera",posted,2026-09-10 08:21:20.911367
2030,8b9725c9-ef81-48ca-a413-d1f79b4cfe6c,65,16397.22,credit,transfer,"Pena, Wood and Luna",posted,2026-09-10 08:21:20.913357
2031,3fd8d244-5739-4e35-ad78-44b62fbb7493,152,6227.76,credit,ussd,"Solis, Griffin and Cox",posted,2026-09-10 08:21:20.91545
2032,349040be-691a-4156-b083-202efa970c51,180,10698.87,debit,ussd,"Johnson, Henderson and Allen",posted,2026-09-10 08:21:20.91744
2033,e14c557d-04e1-4621-b457-b510eb1cca06,51,13484.87,debit,pos,Vang Group,posted,2026-09-10 08:21:20.919415
2034,717268ff-a2c0-407a-961a-47528f422225,177,9315.09,debit,ussd,Hill PLC,posted,2026-09-10 08:21:20.921399
2035,b2bcaa17-cc00-4169-95c4-7e0bef2dc868,22,17534.48,credit,pos,Gibson-Li,posted,2026-09-10 08:21:20.923345
2036,390b059b-3883-4b4c-b5b8-433aa4b07ec9,41,15422.21,credit,transfer,Ellis-Mccullough,posted,2026-09-10 08:21:20.925209
2037,18199698-6d90-44b5-8826-56e3cc406679,155,1201.69,debit,ussd,"Mcmillan, Allen and Mendoza",posted,2026-09-10 08:21:20.92743
2038,1c5e9e22-b50c-4e9e-896e-fd28c36e2ab8,137,4070.08,debit,pos,Anderson-Levine,posted,2026-09-10 08:21:20.929266
2039,11d654a2-fb1c-4674-af9a-61dc4bd0feae,68,13122.79,credit,card,Howard and Sons,posted,2026-09-10 08:21:20.931344
2040,6085c955-29d6-4755-8d8f-beaf1ebcdb96,77,6768.02,debit,ussd,Gardner-Williams,posted,2026-09-10 08:21:20.933572
2041,9457f436-21f4-419a-90cd-50d534ef22b2,52,11178.29,credit,pos,"Bowen, Hunt and Coleman",posted,2026-09-10 08:21:20.935611
2042,b805cab9-03d2-4c6a-9cb3-b25c96d994ec,46,10980.38,debit,card,Beck LLC,posted,2026-09-10 08:21:20.937466
2043,f593e80e-6ff6-4259-b4bc-0cacf581fd04,130,7918.22,debit,transfer,Nguyen Ltd,posted,2026-09-10 08:21:20.939188
2044,0742bff0-1bf9-4941-a6be-dc14b20222d9,82,7872.97,debit,card,"Hernandez, Pierce and Vargas",posted,2026-09-10 08:21:20.941458
2045,10b80813-5c84-4f4f-90a0-358a3a88e22b,198,5491.88,credit,card,Scott Inc,posted,2026-09-10 08:21:20.943264
2046,1d5cdaa4-1a1a-45e8-bfad-491e49b42958,93,4246.45,debit,pos,"Strong, Nguyen and Nunez",posted,2026-09-10 08:21:20.945327
2047,7a2fa1ed-e8f1-4e6a-8bf9-f76452afc5be,146,1108.93,credit,ussd,Haley-Mcneil,posted,2026-09-10 08:21:20.947299
2048,0ed2ebde-abb0-4f72-b854-a438ec45ca0c,94,14550.93,credit,transfer,Castro PLC,posted,2026-09-10 08:21:20.949291
2049,c4be4516-d73a-47f2-ba6b-fc00f775b620,181,2162.43,debit,ussd,"Scott, Huang and Walton",posted,2026-09-10 08:21:20.95189
2050,43f231db-3f61-4a3f-959e-b7696dc7dfc2,57,19339.97,debit,ussd,Anderson-Fitzgerald,posted,2026-09-10 08:21:20.953867
2051,f5a8cd33-824b-4bbd-bf83-02e352a8c945,82,10437.92,debit,transfer,Lucas and Sons,posted,2026-09-10 08:21:20.955835
2052,01d1d7a0-9506-4a9e-b53c-aab3cfe6f887,37,1155.55,debit,transfer,Sanders PLC,posted,2026-09-10 08:21:20.957907
2053,c3b41219-27ca-43c7-9553-d741e1aaafee,101,13884.48,debit,pos,Murphy-Nash,posted,2026-09-10 08:21:20.959951
2054,665fe025-6910-49c4-a4ca-7e3eb0a1f7b8,108,8852.39,credit,ussd,"Wilson, Ellis and Olson",posted,2026-09-10 08:21:20.962458
2055,e2238afc-504e-484f-af90-4023868aced3,197,10116.07,debit,ussd,Cuevas-Kelly,posted,2026-09-10 08:21:20.964481
2056,4baba027-0bd5-4cfc-a4f8-d357fd8b894e,89,279.04,debit,transfer,Brown Inc,posted,2026-09-10 08:21:20.966351
2057,74af777c-3e1c-429f-94e2-5e2c81448c54,72,9856.21,credit,card,Jackson-Garcia,posted,2026-09-10 08:21:20.968214
2058,91f4bb68-bcd6-40ba-84c8-9ed6eab8df68,33,9213.52,credit,pos,Henry-Campbell,posted,2026-09-10 08:21:20.970094
2059,61d32c10-1862-4cd4-ac9c-0e6b92f0d494,191,4159.51,debit,card,"Becker, Turner and Bentley",posted,2026-09-10 08:21:20.972144
2060,0d746b8c-49f6-4a4c-b0ee-2a554efd643b,160,8683.63,debit,ussd,Ramos and Sons,posted,2026-09-10 08:21:20.974018
2061,e192aa1e-b420-43ea-a6b1-0e548b57c81e,1,12067.05,debit,card,Carey PLC,posted,2026-09-10 08:21:20.976014
2062,a32a1e19-e5b8-4ee7-a827-5d0f954b4b50,149,14093.18,credit,card,"Joyce, Smith and Hart",posted,2026-09-10 08:21:20.977189
2063,f35a5735-857f-4a3f-b430-f87b32a5fb32,84,18049.50,credit,card,Watson LLC,posted,2026-09-10 08:21:20.978975
2064,69fd6553-68e6-4156-a873-41166148080b,199,11441.11,debit,card,Moreno-Bryant,posted,2026-09-10 08:21:20.980885
2065,6d813b45-b18d-450f-9dd3-18fd381ebf2a,17,7737.05,credit,card,Schmidt PLC,posted,2026-09-10 08:21:20.982865
2066,ac36dd0a-d8e0-4596-879c-dcd70095044d,86,14015.67,debit,card,Moran and Sons,posted,2026-09-10 08:21:20.984664
2067,a300fa68-dd38-46c3-95dd-87bf02cb45a8,193,15824.57,credit,transfer,Robinson Group,posted,2026-09-10 08:21:20.986541
2068,0688d341-81ea-403d-b31a-69aa7f5fcc71,191,10734.09,credit,pos,Cross-Jensen,posted,2026-09-10 08:21:20.988468
2069,f8ab2a1b-5e7a-44c2-b026-53f3d4ec459c,131,2945.14,debit,card,Brown Inc,posted,2026-09-10 08:21:20.990336
2070,95e73e47-a39e-43cc-bb8c-725868374ae1,3,9905.27,debit,ussd,Cole-Arnold,posted,2026-09-10 08:21:20.992312
2071,aab39fdb-e172-4cde-b263-01d5a5e2b577,95,7126.71,debit,pos,Patterson Group,posted,2026-09-10 08:21:20.994238
2072,28ca7780-e161-4266-b94b-817a63a3e6c2,66,1871.05,credit,card,Daniels-Lee,posted,2026-09-10 08:21:20.996158
2073,b52ac7c2-9974-4831-b51f-2ffb36eed47e,63,10121.76,credit,ussd,"Gould, Thomas and Johnson",posted,2026-09-10 08:21:20.998216
2074,0fdbfd9d-87e4-4ac5-b094-f0d417dc9de8,102,13800.14,debit,card,Nolan-Byrd,posted,2026-09-10 08:21:21.000111
2075,dad9aa8a-15d2-4f04-9781-44cdc9fcf533,90,15708.29,debit,ussd,"Morgan, Todd and Smith",posted,2026-09-10 08:21:21.001917
2076,620c2e5a-d785-445a-9bc9-8400138bd109,44,17241.73,credit,card,Martinez-Mcclain,posted,2026-09-10 08:21:21.003787
2077,7c35f2b0-2336-49bd-aad0-6f7df94f268c,2,19654.26,credit,pos,Bailey and Sons,posted,2026-09-10 08:21:21.005476
2078,9f957483-5d46-440e-9413-9ece3de8f1d0,44,6044.24,credit,pos,"Butler, Rose and Rivera",posted,2026-09-10 08:21:21.007515
2079,3586fdab-f7fa-4d05-94a5-c1ced889001c,166,10429.80,credit,pos,Ware-Patton,posted,2026-09-10 08:21:21.009434
2080,c5573a32-8f34-4bf8-82d7-65469997e51d,139,16551.76,debit,card,Mccullough Ltd,posted,2026-09-10 08:21:21.011417
2081,b3ec33ef-c22e-4b60-b174-e3a7af301b9d,178,1538.82,debit,card,"Pollard, Carson and Maxwell",posted,2026-09-10 08:21:21.013504
2082,0e9842df-c93c-4794-9459-0be1e72482d3,91,10665.10,credit,pos,Smith-Murray,posted,2026-09-10 08:21:21.015419
2083,88a0cc52-7fa4-4142-ae5a-804e4f7ba711,135,15275.68,debit,pos,"Mayo, Hernandez and Andrade",posted,2026-09-10 08:21:21.017514
2084,186c0228-b173-40e2-b80d-c6e716158750,39,15633.75,credit,card,Smith-Baldwin,posted,2026-09-10 08:21:21.019407
2086,94a96ea8-1806-45f2-982f-01ff11f46492,4,10482.87,debit,card,"Collins, Whitney and Ortiz",posted,2026-09-10 08:21:21.023205
2087,8eb39432-1679-4fcf-a234-58336085a933,7,19286.47,credit,transfer,Anderson-Larsen,posted,2026-09-10 08:21:21.025097
2088,1cf805dd-b19a-4208-a2bb-3bfb0f9536a5,35,6464.23,debit,ussd,"Webb, Griffith and Jensen",posted,2026-09-10 08:21:21.027324
2089,fc40dd1a-7911-459e-95a6-1bc70e7062d9,106,6573.40,debit,ussd,Allen-Johnson,posted,2026-09-10 08:21:21.029411
2090,98bf69bb-c597-4a72-8147-a0d1d0a58126,44,17607.54,credit,transfer,Martin-Wilkinson,posted,2026-09-10 08:21:21.031288
2091,4e2619ec-c8f0-4124-9091-366754dd0f2d,143,4988.24,credit,pos,"Murphy, Potter and Jackson",posted,2026-09-10 08:21:21.033264
2092,44680adc-b805-4366-b97f-1cdc4752b80f,195,11861.16,debit,card,Day LLC,posted,2026-09-10 08:21:21.03508
2093,1ba9babe-faea-49c7-9bab-832bc53ac617,23,10620.54,debit,pos,Howell-Anderson,posted,2026-09-10 08:21:21.037065
2094,be9dcc04-728a-4925-9217-06f86a16e67e,158,15201.39,credit,ussd,Jones Ltd,posted,2026-09-10 08:21:21.038971
2095,358563e8-7802-4a33-a86c-953aee9baa24,47,12660.20,credit,card,Rodriguez Ltd,posted,2026-09-10 08:21:21.040988
2096,c3a97e18-1455-49b3-9e27-2d75ee96c4cc,191,11649.29,debit,card,Collins Ltd,posted,2026-09-10 08:21:21.042845
2097,d67de5bd-b140-4611-804e-ee1cbd8fdbc4,34,4044.45,debit,transfer,Dean-Evans,posted,2026-09-10 08:21:21.044873
2098,d320ded8-93bf-4c88-ab83-d33749dd8131,137,1487.88,debit,transfer,"Mason, Li and Jones",posted,2026-09-10 08:21:21.046905
2099,72bf15f5-9b74-4c87-8aa5-1da87bee5140,22,5036.99,credit,ussd,Boone-Carter,posted,2026-09-10 08:21:21.048709
2100,62a701e0-994e-44fc-bc10-57398a04ed3b,50,8944.77,debit,ussd,Ballard LLC,posted,2026-09-10 08:21:21.050531
2101,8722ea0b-bcc9-4912-896c-e0b0872bcd38,165,10607.24,debit,ussd,Miller-Burton,posted,2026-09-10 08:21:21.052559
2102,24f369a6-0748-4685-8ab1-024af578452f,132,8582.68,debit,pos,"Nolan, Harris and Herrera",posted,2026-09-10 08:21:21.054518
2103,b47309f2-86ad-4baa-acd4-5af5196c9bdd,110,15721.45,credit,ussd,Pacheco-Hayes,posted,2026-09-10 08:21:21.056453
2104,df54ab1b-d01a-4899-80ec-eda6bee11974,154,12347.66,debit,card,Mcfarland and Sons,posted,2026-09-10 08:21:21.058275
2105,d3f1a33e-d570-4bab-87ef-cd5d1e4a616e,76,5433.10,credit,transfer,"Yates, Taylor and Thompson",posted,2026-09-10 08:21:21.060338
2106,8f359833-ddd0-404a-b8f6-81b756ab83f5,83,3806.87,debit,pos,Cervantes LLC,posted,2026-09-10 08:21:21.06217
2107,130709ad-06d9-4ec4-9736-cf83e7164895,107,18219.03,debit,ussd,Bell LLC,posted,2026-09-10 08:21:21.063989
2108,655410e6-5e3f-492f-bb1f-33b2c20df629,93,9257.83,credit,transfer,"Mcguire, James and Tran",posted,2026-09-10 08:21:21.065914
2109,adedb4dd-557b-487e-a7b7-9dd5d00bd0a1,104,18714.21,debit,pos,"Morrison, Pierce and Aguilar",posted,2026-09-10 08:21:21.067912
2110,a0840af5-fb7d-4b32-8904-843438453003,151,8956.41,credit,card,"Mcpherson, Olson and Roy",posted,2026-09-10 08:21:21.069953
2111,0a3378cf-d35d-462a-87c9-303dce95b896,122,9179.50,debit,card,Cain and Sons,posted,2026-09-10 08:21:21.071778
2112,17ecb017-819d-42cf-8fcb-6bb483267afe,43,5194.83,debit,card,"Stephens, Trujillo and Hickman",posted,2026-09-10 08:21:21.073709
2113,48ed1649-162c-427e-9fa4-8757562f930e,113,6826.99,credit,card,Clark Group,posted,2026-09-10 08:21:21.075584
2114,9237a60a-0d5b-4e91-83a3-9a603404774d,60,12899.39,credit,card,Reynolds-Cole,posted,2026-09-10 08:21:21.077405
2115,4a417def-c3c5-4849-9406-013385e1f38e,158,12385.41,credit,transfer,Clark-Walter,posted,2026-09-10 08:21:21.079535
2116,5a4f32b3-ab7d-4c5e-a009-c5ec298ebdfc,42,14065.14,debit,transfer,Henry-Anthony,posted,2026-09-10 08:21:21.081408
2117,1a640a6f-1fe6-4f47-bda0-4baf75f7e96d,53,197.71,debit,ussd,Avila Group,posted,2026-09-10 08:21:21.083255
2118,4e46cbf7-bd32-4412-a09e-580f94256673,129,14279.62,credit,card,Lawson-Butler,posted,2026-09-10 08:21:21.085205
2119,ca4573da-6c47-4186-806f-e1fd330ca6ad,27,17652.03,credit,transfer,Sloan-Smith,posted,2026-09-10 08:21:21.08726
2120,20b9da54-d9b5-4cac-82da-3449afb01f1c,43,7095.05,debit,ussd,Booker Inc,posted,2026-09-10 08:21:21.089034
2121,17fdc2c7-749f-4728-8d29-02eacf7aed9b,66,7144.91,credit,pos,Hooper-Walters,posted,2026-09-10 08:21:21.091302
2122,1f79f7cd-d58b-49f6-adbf-47a7c27c2c37,33,5906.90,credit,pos,Obrien PLC,posted,2026-09-10 08:21:21.093134
2123,6aace97a-c690-427f-9663-46b798be8124,150,6912.20,debit,transfer,"Mayo, Gilbert and Rios",posted,2026-09-10 08:21:21.095315
2124,71ff9518-085a-43fc-bc08-ccb6a9d244c6,144,6731.63,credit,ussd,Sanford-Torres,posted,2026-09-10 08:21:21.097264
2125,5beefd93-0117-4a74-814c-6ce6f49dae54,38,6526.44,credit,card,"Turner, Joseph and Mccoy",posted,2026-09-10 08:21:21.099373
2126,979a7fcf-37b8-4d4c-b0ce-44d8e90cb68f,83,8748.18,credit,card,"Watson, Charles and Olson",posted,2026-09-10 08:21:21.101415
2127,d7f53e84-372d-4b06-84e2-29f35ceb77ad,32,4947.25,debit,ussd,Clark Group,posted,2026-09-10 08:21:21.10321
2128,b118e0d8-126f-4f53-87eb-8c98ba55fcea,64,5163.53,credit,card,"Shepherd, Riley and Swanson",posted,2026-09-10 08:21:21.105345
2129,e06ebf4c-5a2c-40b2-b85e-a4565d97470b,48,2479.56,debit,ussd,"Curtis, Hickman and Rios",posted,2026-09-10 08:21:21.107426
2130,0f29c1bb-15e8-4021-ab28-6eb57e37e3ae,194,15558.29,credit,pos,Booth-Graham,posted,2026-09-10 08:21:21.10937
2131,46b1f215-476e-48a9-9c65-2695e69e4f73,190,16154.87,credit,card,Williams-Perry,posted,2026-09-10 08:21:21.111418
2132,a6dabb5c-0138-44c1-8d6a-1ee9ccd865f6,46,10893.46,debit,pos,Ray Inc,posted,2026-09-10 08:21:21.11328
2133,892a70e4-6cf8-4dd5-b8de-1ad4c2234663,39,3247.57,debit,card,"Torres, Herrera and Kent",posted,2026-09-10 08:21:21.115314
2134,1a6017ca-658d-4907-9e47-321c798daa6a,71,5534.54,debit,pos,Nelson LLC,posted,2026-09-10 08:21:21.117163
2135,7f2ea0c8-a99d-44e9-9003-0ab66bd46e53,97,14068.41,debit,transfer,"Miller, Green and Carter",posted,2026-09-10 08:21:21.119152
2136,53987f31-ff8c-4740-b714-0e89cacabeb5,137,6936.16,debit,ussd,Yoder Ltd,posted,2026-09-10 08:21:21.121248
2137,1b3315f2-beea-4a7b-82e3-6fbacd70818c,190,11949.35,credit,pos,Ferguson PLC,posted,2026-09-10 08:21:21.123563
2138,2f1db753-d9b7-4a54-9665-c0486c53c967,109,3725.90,debit,ussd,"Reed, Torres and Holland",posted,2026-09-10 08:21:21.125284
2139,0b4b316e-bafe-4c51-ac1e-3b20ed0b0ebd,82,3660.85,debit,transfer,Anderson Inc,posted,2026-09-10 08:21:21.12792
2140,6d01e1c4-8c9d-4cb1-97b1-c718c1ff80c3,152,904.93,credit,card,Pierce Ltd,posted,2026-09-10 08:21:21.129588
2141,dcbe2f15-9b17-40ad-a7ff-9342a893740b,22,14498.13,debit,transfer,Norman-Ritter,posted,2026-09-10 08:21:21.131719
2142,e7cbd3a4-49ef-40f8-8677-260f79b45020,200,6172.71,debit,pos,"Russell, Molina and Huff",posted,2026-09-10 08:21:21.133833
2143,ff5da066-9b7c-4bb6-bfa5-e317d311a50c,145,4728.32,debit,pos,Villanueva-Nguyen,posted,2026-09-10 08:21:21.135752
2144,6eee5a8a-7839-4fa0-a197-0316f035ab48,87,10560.08,debit,ussd,Bailey and Sons,posted,2026-09-10 08:21:21.137587
2145,337d184c-5f27-44ff-9b6f-f124a2f7dad1,73,17972.63,debit,transfer,Leblanc Ltd,posted,2026-09-10 08:21:21.139084
2146,c6bfaf83-b47a-43f2-a5a1-2884dfd68781,161,12481.11,credit,pos,Garcia-Melendez,posted,2026-09-10 08:21:21.141429
2147,170e5863-51f7-4fdd-bb4c-755c513a595d,191,7241.07,debit,card,"Schmidt, Woods and Blackwell",posted,2026-09-10 08:21:21.143191
2148,865153c4-9a9f-4208-aa30-e8b6269df49f,7,7091.73,credit,ussd,Hill and Sons,posted,2026-09-10 08:21:21.145332
2149,fd921cc1-3859-463e-a706-5ae670005f5b,41,7586.14,debit,pos,Watkins PLC,posted,2026-09-10 08:21:21.14709
2150,81dda211-7861-4263-a99a-a5e6e12816ed,35,1670.23,credit,card,"Anderson, Mccormick and Oneal",posted,2026-09-10 08:21:21.148762
2151,191d800b-bec8-4e5f-a799-b36e59144fca,93,10159.63,debit,pos,Hurley LLC,posted,2026-09-10 08:21:21.150843
2152,302b4492-6c8d-401c-8514-4f9d43507988,159,5468.67,credit,ussd,"Mosley, Collins and Salazar",posted,2026-09-10 08:21:21.152802
2153,e9d2beff-fae8-4051-9c70-6fb90198f625,178,18994.78,debit,transfer,"Brown, Miller and Johnson",posted,2026-09-10 08:21:21.154856
2154,b14c1f39-c971-4d1f-9fdd-9ec64253f1eb,128,4438.08,credit,card,Mueller-Ellis,posted,2026-09-10 08:21:21.15688
2155,3b3e78fc-73c8-475f-8197-2ebb0db0dad3,66,2382.69,debit,ussd,Snyder Inc,posted,2026-09-10 08:21:21.158684
2156,86355791-b34d-4b6c-9d53-da4fe1856915,34,453.10,debit,ussd,Williams Ltd,posted,2026-09-10 08:21:21.160571
2157,ec7cc631-436d-4591-9a9a-68efc8975f85,99,9210.31,credit,transfer,Alvarez PLC,posted,2026-09-10 08:21:21.162444
2158,c13e39d3-637f-4e66-97db-437353fab833,5,19375.47,debit,card,Moore-Salas,posted,2026-09-10 08:21:21.164429
2159,2f9a75f9-6ebb-4894-b557-ceb2cd642597,95,5652.65,debit,transfer,Smith-Hill,posted,2026-09-10 08:21:21.166324
2160,fa49f181-a8d1-4efe-b095-cbdd597f6a1f,44,9242.40,debit,pos,Flores Group,posted,2026-09-10 08:21:21.168253
2161,dc05ef7e-2f9e-4d78-865b-3c7c16324191,90,11356.12,credit,card,"Aguilar, Robles and Carson",posted,2026-09-10 08:21:21.17043
2162,dfff557d-d6ec-4146-b7b4-ab0a0b222438,97,14075.60,credit,ussd,Jones-Page,posted,2026-09-10 08:21:21.172347
2163,053dba49-395e-4dcd-ab26-8ca7707d1822,105,8455.73,credit,card,"Baker, Mason and Barnes",posted,2026-09-10 08:21:21.17452
2164,4c450ac8-59bd-4da1-a98d-a2f258ad5f92,99,7626.86,credit,transfer,Campbell-Leach,posted,2026-09-10 08:21:21.176394
2165,eeb31e94-bde4-4ecb-a45b-515d38f53d84,27,2865.82,debit,pos,Hanson-Miller,posted,2026-09-10 08:21:21.178361
2166,7294380f-7619-424d-bb34-fcc275b142ff,162,10982.98,credit,ussd,Hatfield PLC,posted,2026-09-10 08:21:21.180163
2167,234a3711-50ed-4726-b95f-5cd780968df1,174,10177.57,credit,transfer,Mcpherson-Fernandez,posted,2026-09-10 08:21:21.182153
2168,bfe40d85-8ee0-4f85-99df-86323e53415c,116,9687.85,debit,ussd,"Bailey, Jones and Smith",posted,2026-09-10 08:21:21.184141
2169,a54ea2d6-6760-4931-98c4-d0c9719cbee4,171,1534.39,credit,transfer,Moore Ltd,posted,2026-09-10 08:21:21.185895
2170,c36898f0-d1ec-4580-bdbc-edb4b9530517,98,158.89,debit,card,Rogers-Castillo,posted,2026-09-10 08:21:21.188104
2171,84a3d9ef-d489-4bcf-a8aa-b22d60fc3a39,118,15210.40,debit,card,Davis-Curry,posted,2026-09-10 08:21:21.190085
2172,c96c55db-aa26-4c8e-97c0-1ffabc5897af,66,1533.86,debit,pos,Cox and Sons,posted,2026-09-10 08:21:21.191956
2173,88ba5cb3-fcd1-4579-8ca1-649bcc9d3168,44,6868.52,debit,ussd,"Armstrong, Gonzalez and Hernandez",posted,2026-09-10 08:21:21.193928
2174,33a8d37b-f4e5-4bb0-81a0-0ff8fa3828a7,9,3259.26,credit,ussd,Gonzalez-Strong,posted,2026-09-10 08:21:21.195908
2175,c4f8d44a-77ee-4db5-988f-44a1c07cd36a,58,14160.91,debit,ussd,Tapia Group,posted,2026-09-10 08:21:21.197679
2176,14b7a989-7034-454b-b22e-344db9ba62c0,116,1652.10,debit,transfer,Johnson-Warner,posted,2026-09-10 08:21:21.199596
2177,e8c074b6-7d9e-45bc-a576-e8e65d60b680,80,18605.85,credit,pos,Williams Group,posted,2026-09-10 08:21:21.201538
2178,9610295e-af75-44c9-a7e8-33eea4adc3d2,41,9260.18,debit,pos,"Beck, Navarro and Wallace",posted,2026-09-10 08:21:21.203608
2179,63d3a8a5-9cc9-4585-bafd-4df30916931e,159,7026.82,credit,pos,"Mendez, Romero and Ingram",posted,2026-09-10 08:21:21.205694
2180,b98d3561-3a65-419c-af90-6fb9b44b3863,29,15128.00,credit,ussd,"Jackson, Harris and Hanson",posted,2026-09-10 08:21:21.207657
2181,68983052-397d-4e53-80cd-d75e45099111,118,13895.11,credit,pos,"Berry, Bowers and Schmidt",posted,2026-09-10 08:21:21.209632
2182,76c6f4ec-9577-4496-bf9c-cf3d44636ea0,92,16242.41,debit,card,Bryan-Harris,posted,2026-09-10 08:21:21.211589
2183,2c783bb5-71a2-46f9-bb05-840c2c6f9d16,6,155.26,debit,pos,Willis Group,posted,2026-09-10 08:21:21.21354
2184,4363af90-c5e4-45ba-8ae4-00535dd54cbf,132,3366.06,debit,transfer,Silva-Kim,posted,2026-09-10 08:21:21.215499
2185,ddf54704-ddb2-4612-a9fa-49d1dd34a587,89,1160.11,debit,pos,"Hoover, Forbes and Potter",posted,2026-09-10 08:21:21.217536
2186,5ab26496-36b8-4384-82bd-e026ae384dfb,199,11469.39,debit,transfer,"Mendoza, Avery and Henderson",posted,2026-09-10 08:21:21.219595
2187,85676dba-5853-4507-96a5-6af9be75a076,136,12249.85,credit,transfer,"Perkins, Webb and Rice",posted,2026-09-10 08:21:21.221635
2188,f96cb02c-e835-467f-a236-4a5e62a22fc7,50,18361.59,credit,ussd,Carr-James,posted,2026-09-10 08:21:21.22349
2189,8ccb2254-f180-401e-936c-ba2b0fb855e5,65,13425.65,credit,card,Berry-Oneal,posted,2026-09-10 08:21:21.225466
2190,ea7d20cc-3054-4319-9063-59e30018372a,16,11743.94,credit,pos,Mullen PLC,posted,2026-09-10 08:21:21.227292
2191,947a8bf5-61fa-4053-8326-ca29658f2c95,155,5685.21,debit,ussd,"Norris, Richardson and Cardenas",posted,2026-09-10 08:21:21.229469
2192,25ef0c2d-bac3-4f38-bc14-7f30b1a3e8cb,136,2153.56,debit,transfer,"Martin, Green and Daniels",posted,2026-09-10 08:21:21.231521
2193,e252e2de-9fc7-4392-9474-6bc70478dddb,199,13082.59,debit,transfer,Clark and Sons,posted,2026-09-10 08:21:21.233451
2194,c5a3c541-2c2e-4a2f-abff-f7c2b9fedf7d,6,6257.13,credit,pos,"Berry, Turner and Mcconnell",posted,2026-09-10 08:21:21.235892
2195,120a4108-eef4-468d-9fd1-1ca8d5fb95b7,180,735.97,debit,pos,Hobbs-Gates,posted,2026-09-10 08:21:21.237877
2196,0a13c428-29bf-4db3-8dc5-6abec25cd5ba,164,8829.40,debit,transfer,Holland Group,posted,2026-09-10 08:21:21.239818
2197,23a47d60-8ef2-421a-b032-5c5f60f96f00,5,15932.59,debit,transfer,Coleman-Perkins,posted,2026-09-10 08:21:21.241736
2198,8829d7a9-b111-42ae-9320-af94fb18a6f4,193,9231.40,credit,ussd,Hansen and Sons,posted,2026-09-10 08:21:21.243594
2199,7a62447f-7a82-45d3-953b-19e99b36d96e,79,459.21,debit,transfer,Simmons-Stone,posted,2026-09-10 08:21:21.245515
2200,8e86aa3d-0b3c-4be5-b8d8-0442653c1fbe,34,14387.30,debit,card,"Cochran, Jones and Stevens",posted,2026-09-10 08:21:21.247513
2201,a4bf927d-1e56-4fc6-9ea8-d9f2cfe24d8a,173,18658.23,credit,card,"King, Collins and Clark",posted,2026-09-10 08:21:21.249744
2202,ced46cfd-3869-4f29-8c06-f0856dabd6aa,118,16251.17,credit,pos,Guzman LLC,posted,2026-09-10 08:21:21.251552
2203,f83a6a9f-c9c3-419c-b642-f190fcf4f673,171,6206.30,debit,ussd,Stewart and Sons,posted,2026-09-10 08:21:21.253435
2204,5598f1f4-3446-4ad0-811e-c18ef79eb390,68,219.84,debit,card,Cooper and Sons,posted,2026-09-10 08:21:21.25533
2205,74958887-91b6-4fcd-9f39-091a55043a73,50,15495.77,debit,pos,Wright-Stewart,posted,2026-09-10 08:21:21.257169
2206,be7201fd-cf33-47cb-b6ec-3973e2f5d3bd,190,726.70,debit,transfer,Herman and Sons,posted,2026-09-10 08:21:21.259174
2207,d83374cc-b13a-4d1f-9e22-3a239c2240f1,162,2170.07,debit,ussd,"Smith, Wilson and Gordon",posted,2026-09-10 08:21:21.261219
2208,9622c47e-9932-44c8-8a5b-471070662313,151,17281.19,debit,ussd,Gates Inc,posted,2026-09-10 08:21:21.263004
2209,9971615f-e035-471c-9f6f-e1f1d417987b,138,17396.35,credit,pos,Morris-Johnson,posted,2026-09-10 08:21:21.264984
2210,c1a4b38b-b6cb-42b7-ba13-ccc28382fd85,61,19546.98,credit,card,Howard Group,posted,2026-09-10 08:21:21.266814
2211,9e1e7fd7-3254-48fd-a9be-c46abd6fd2e8,33,10220.14,debit,ussd,Lane-Wagner,posted,2026-09-10 08:21:21.26884
2212,02c2be34-f33b-476f-9745-586464a2ceb1,91,16933.42,credit,transfer,Hopkins-Sutton,posted,2026-09-10 08:21:21.270853
2213,0c19768e-9f25-4daf-acbb-9dd73f23353a,85,17027.59,debit,card,"Perkins, Ortiz and Rogers",posted,2026-09-10 08:21:21.272852
2214,1b8aba5d-d8a6-4e8a-96fa-c8ac69d43991,119,1104.26,debit,card,Stevenson-Hall,posted,2026-09-10 08:21:21.274864
2215,3b7fe73d-08a9-4513-9fa3-327aee1c2492,10,7634.09,debit,ussd,"Mccoy, Gentry and Morales",posted,2026-09-10 08:21:21.276906
2216,f78c1310-d421-45ad-b298-0814596a4ccd,88,4287.00,credit,transfer,Jordan-Ritter,posted,2026-09-10 08:21:21.278734
2217,10f74201-ac8f-4b6e-9b75-06fa9f08aa54,25,11986.48,credit,transfer,Morales-Brown,posted,2026-09-10 08:21:21.280817
2218,f216b68f-9fcf-487c-bda2-948f5443296f,136,14063.62,debit,pos,Williams-Hansen,posted,2026-09-10 08:21:21.282836
2219,3db87146-7b4d-4cca-9d2a-a07da94bdecd,55,13521.64,credit,card,Evans Ltd,posted,2026-09-10 08:21:21.284645
2220,8c5eb159-26c2-4df0-9c75-f6319b6445f7,15,5950.13,credit,transfer,"Patel, Maldonado and Knight",posted,2026-09-10 08:21:21.286746
2221,369ae9b0-72a0-489b-bad8-a9a5c8e3ac23,117,16979.31,debit,card,"Reynolds, Valdez and Cook",posted,2026-09-10 08:21:21.288731
2222,04938f87-f2e7-4826-b657-08bfdf323308,19,15625.41,credit,card,Delgado PLC,posted,2026-09-10 08:21:21.290672
2223,0b4cf814-b1c6-429f-8442-87ed69562979,49,10600.31,debit,ussd,Carson PLC,posted,2026-09-10 08:21:21.292497
2224,02d8f20d-9092-4dd4-82e8-1c8d1f71270a,26,17061.82,credit,transfer,"Hill, Morgan and Robinson",posted,2026-09-10 08:21:21.294481
2225,ac63ca54-f3a4-4e5d-9cec-d300540da476,27,4571.38,debit,ussd,Cannon-Moreno,posted,2026-09-10 08:21:21.296402
2226,caf15567-814a-49a8-b420-f62727bc1da8,159,11046.62,credit,pos,Summers Inc,posted,2026-09-10 08:21:21.298581
2227,f4a11ba1-15a8-4fb2-8f07-3408f45a2f25,7,2950.74,debit,ussd,Levine and Sons,posted,2026-09-10 08:21:21.300475
2228,3c7e0dfa-d1be-4d30-9c72-b55636339ab8,181,8687.94,debit,transfer,"Houston, Thomas and Cole",posted,2026-09-10 08:21:21.30246
2229,9cbe89a0-f07e-4733-84e9-5e14c404e5f4,43,8870.93,credit,ussd,Robertson-Martin,posted,2026-09-10 08:21:21.304359
2230,b8b8d3b7-21f6-433b-8669-21c72c9c99df,173,11617.03,credit,card,Davis LLC,posted,2026-09-10 08:21:21.306225
2231,4adc31d2-24b8-43fe-915b-81c50c12c031,173,3383.61,debit,transfer,Barron Ltd,posted,2026-09-10 08:21:21.308079
2232,f3a8c97d-d4d1-4d9b-8cca-9ff0dbe7204d,67,14884.59,debit,pos,Moore and Sons,posted,2026-09-10 08:21:21.310045
2233,7ac1e395-e2d5-4fa5-9256-48768dc7066f,39,8986.04,credit,ussd,Campos Ltd,posted,2026-09-10 08:21:21.311973
2234,772d0827-c6da-4de6-9b28-739595e75037,164,9209.38,debit,pos,"Ramirez, Woods and Pollard",posted,2026-09-10 08:21:21.314045
2235,e5e00af4-b6ea-423d-9627-6fb448d553c7,4,12093.87,debit,card,"Gaines, Peterson and Chandler",posted,2026-09-10 08:21:21.316123
2236,c75d084e-942e-44c2-8506-29ccdf39d46a,108,13160.86,debit,pos,Erickson Group,posted,2026-09-10 08:21:21.317993
2237,098a17dc-8e36-411f-b0a7-181ca816bc80,74,2249.69,debit,pos,Luna and Sons,posted,2026-09-10 08:21:21.319968
2238,de3cee91-50f0-4adf-9183-5a4b3e9177dc,62,14657.72,debit,card,Rogers Inc,posted,2026-09-10 08:21:21.321758
2239,bae1b75f-004c-4700-a698-89b52a482ee1,37,7144.23,debit,card,Mcclure-Wood,posted,2026-09-10 08:21:21.3238
2240,af801238-f94a-4a67-b673-66cc920420d0,63,12113.84,debit,ussd,Maynard Group,posted,2026-09-10 08:21:21.325661
2241,1f218e12-7024-4c27-92a5-5d8e77829bc8,67,16124.96,debit,transfer,Mcfarland-Figueroa,posted,2026-09-10 08:21:21.327717
2242,224db80e-7055-45e8-9441-6dd995844ad2,84,237.06,debit,pos,Ho PLC,posted,2026-09-10 08:21:21.329566
2243,1b73c56e-44ee-4207-b371-a60c9e052f84,32,15033.53,debit,pos,"Hansen, Sloan and Butler",posted,2026-09-10 08:21:21.331919
2244,5d2f3020-2407-4f4e-acce-3f84c12d28f8,155,8297.92,credit,pos,"Pitts, Skinner and Harris",posted,2026-09-10 08:21:21.333929
2245,a5ae167e-f3e0-4123-8491-d23ea3ce8d00,193,17061.05,credit,ussd,Hayes-Murillo,posted,2026-09-10 08:21:21.335831
2246,7afcae9c-6155-40d5-9b38-31acd88de868,70,425.38,debit,ussd,"Collins, Fisher and Benson",posted,2026-09-10 08:21:21.337868
2247,7f98fa39-cc40-43c5-9a2d-7993ff657786,50,8698.38,credit,ussd,"Powers, Martinez and Young",posted,2026-09-10 08:21:21.339859
2248,90b3300e-74cc-4d42-8185-03f9092e8bc3,90,18292.44,debit,card,"Hill, Herman and Hughes",posted,2026-09-10 08:21:21.341954
2249,0ee130fe-7eb2-40eb-8adc-852da5c84c61,66,2908.42,debit,ussd,"Holloway, Carpenter and King",posted,2026-09-10 08:21:21.343991
2250,c25f3854-2d8e-43da-9378-178be1be006f,127,19620.20,credit,transfer,"Rodriguez, Baker and Shepherd",posted,2026-09-10 08:21:21.346009
2251,01ec70fd-73c9-494d-bfca-43878442a46a,147,10707.88,debit,transfer,Miller-Cobb,posted,2026-09-10 08:21:21.347899
2252,71f1ee05-8398-4178-bda6-47990f508fad,83,9701.43,credit,transfer,Nelson-Evans,posted,2026-09-10 08:21:21.349819
2253,a1bc1ad2-a955-49a3-95d3-48595c239791,187,16624.26,debit,transfer,Novak-Tucker,posted,2026-09-10 08:21:21.35175
2254,f91fb35e-456a-49aa-8bce-5c4a299d58df,75,2412.75,credit,card,"Davis, Garrett and Burke",posted,2026-09-10 08:21:21.353845
2255,e824d9ff-5637-4484-a5ce-33202465054d,148,8243.98,credit,card,Barber-Ryan,posted,2026-09-10 08:21:21.355687
2256,37188116-3fff-4a74-b09f-b2a24010f8db,198,11174.12,debit,transfer,Holmes-Clements,posted,2026-09-10 08:21:21.357823
2257,307b36c8-3d2f-4862-b57c-4049732ed577,164,8862.12,credit,transfer,"Drake, Leach and Marquez",posted,2026-09-10 08:21:21.360043
2258,2c73d7a4-bf25-4567-a1ec-071a05ee72aa,50,9560.99,debit,card,Henry-Nguyen,posted,2026-09-10 08:21:21.362459
2259,24128b35-eac8-4092-baa6-7e14598a5d32,140,7416.43,debit,transfer,Francis-Coleman,posted,2026-09-10 08:21:21.364393
2260,04423b35-18d8-41b0-b007-e16d9582ad14,193,1918.67,debit,transfer,"Simpson, Park and Coleman",posted,2026-09-10 08:21:21.366419
2261,36c6805e-c126-41b8-82e3-055ba58a21b0,29,12564.68,debit,transfer,Alvarado Ltd,posted,2026-09-10 08:21:21.36826
2262,752b224d-a2ee-4f11-92a7-eff1518c60ce,121,712.12,debit,transfer,Tyler-Holmes,posted,2026-09-10 08:21:21.370109
2263,23acbf9e-63fb-4e16-9b72-341766494ae9,46,12532.12,debit,pos,Lewis Group,posted,2026-09-10 08:21:21.37193
2264,819b4fc6-37af-4056-8f5f-939ab7a1fd52,7,10233.08,debit,ussd,"White, White and Hall",posted,2026-09-10 08:21:21.373944
2265,b540da12-1604-447d-8df9-72aabab77097,24,1833.34,credit,transfer,Williams-Garcia,posted,2026-09-10 08:21:21.37593
2266,eb485b37-987a-4617-b2b9-102caa29007f,157,11425.55,debit,pos,"Lara, Grant and Murray",posted,2026-09-10 08:21:21.378118
2267,2d669ea0-0e4d-4063-920c-7b634944e2db,20,9029.88,debit,transfer,"Wells, Brown and Horton",posted,2026-09-10 08:21:21.380137
2268,cc6f5f2c-f207-4226-90e2-753e00ab9212,62,5693.13,debit,card,"Johnson, Huffman and Miller",posted,2026-09-10 08:21:21.382107
2269,b8ddbf78-e0d9-48e0-a445-9d74ffa80353,61,1879.11,debit,pos,Garner and Sons,posted,2026-09-10 08:21:21.384089
2270,fc2f6251-22ca-421c-8bcd-68d54792506d,156,12950.04,debit,transfer,Singh-Robertson,posted,2026-09-10 08:21:21.386066
2271,a960a0e6-bba3-4b51-b51f-75693f16e65b,44,5977.45,debit,pos,Reyes Ltd,posted,2026-09-10 08:21:21.387856
2272,e3f7064a-eed9-4c76-913f-051e45cd74f5,170,3664.40,credit,pos,"Harris, Moore and Walsh",posted,2026-09-10 08:21:21.389944
2273,14178d3e-27ea-41d2-8dd9-ab12eca9e091,15,16604.88,debit,transfer,"Petersen, Marshall and Morris",posted,2026-09-10 08:21:21.392124
2274,20b5c4d0-7c12-4b2f-b0ea-7e291bb0bf01,197,16730.71,debit,card,Wall-Mckenzie,posted,2026-09-10 08:21:21.394169
2275,919b494f-5d3e-49a0-a28d-46ad14ad8f27,37,13692.22,debit,ussd,Martin-Spencer,posted,2026-09-10 08:21:21.396001
2276,bfb86566-3da1-47b3-a891-c6975d084cc2,115,9557.60,debit,card,Alvarez Group,posted,2026-09-10 08:21:21.39784
2277,bdc83c30-b39a-4cb3-8c40-6f9f3a98709a,40,10479.45,debit,card,Jones PLC,posted,2026-09-10 08:21:21.399946
2278,d5b7f4d3-fd26-45c2-909f-cab7a5d4ec9e,16,8156.25,debit,pos,Wilson-Smith,posted,2026-09-10 08:21:21.401897
2279,031352c7-f532-4039-8ffe-af270a7fcd5c,28,18755.06,debit,card,Steele-Todd,posted,2026-09-10 08:21:21.403784
2280,0c5f312f-8e8b-44b4-82de-d2dee0d7fd6f,45,7126.47,debit,transfer,"Wright, Rivera and Benjamin",posted,2026-09-10 08:21:21.405866
2281,cfe60269-7aab-4bd1-9f85-ef9de6138ed0,35,11187.75,credit,pos,Bennett-Baker,posted,2026-09-10 08:21:21.407868
2282,eb5cb225-b15f-4082-9ab0-859af2d475ae,109,6857.45,debit,ussd,"Hernandez, Brown and White",posted,2026-09-10 08:21:21.409888
2283,4185982a-0b00-4ab6-bf26-a54977fb9aea,28,7697.72,debit,pos,Rodriguez-Wright,posted,2026-09-10 08:21:21.411802
2284,0dd3cb50-5cb7-4372-b864-959eb57f52b5,124,112.97,debit,ussd,Cross-Fowler,posted,2026-09-10 08:21:21.413797
2285,be37e232-cd16-45b8-a5d7-53ac16afe262,166,5284.52,credit,ussd,"Patel, Alexander and Allen",posted,2026-09-10 08:21:21.415864
2286,aca3f7eb-24fa-41ae-a2e1-29554822f00d,152,11633.18,credit,pos,Sullivan-Sanders,posted,2026-09-10 08:21:21.417747
2287,05bd7044-8400-4a81-b319-1e1d9a98afea,65,18485.24,credit,pos,House and Sons,posted,2026-09-10 08:21:21.419596
2288,0df854aa-00b9-4391-9f68-1b958c1b5d25,67,16052.82,credit,ussd,"Bell, Esparza and Moore",posted,2026-09-10 08:21:21.421517
2289,abbfc7c1-c117-4f8c-b4b5-03cf097e9160,9,11227.30,debit,pos,Tran Ltd,posted,2026-09-10 08:21:21.423625
2290,117b6de6-1ec6-4109-b877-f405cdd68c43,81,4021.88,credit,pos,"Morgan, Deleon and Meyer",posted,2026-09-10 08:21:21.425827
2291,da446d4c-40e7-480c-b548-6bfebd872ad0,142,5671.56,debit,card,Hunt Group,posted,2026-09-10 08:21:21.427627
2292,ba11a719-1bfa-4b9e-86c8-2b89fb9eeb8d,24,6759.41,credit,pos,Williams and Sons,posted,2026-09-10 08:21:21.429504
2293,02129fe0-019e-46f6-81d0-f26d4290a3c6,180,3685.08,debit,ussd,Callahan-Curry,posted,2026-09-10 08:21:21.431517
2294,f02601b1-4a0c-4f75-882e-5e0b159821d6,97,3988.37,credit,transfer,Graham-Alvarez,posted,2026-09-10 08:21:21.433579
2295,623a0c73-1b2f-4936-b408-287498a47aa6,90,6908.91,credit,pos,"Smith, Berry and Rodriguez",posted,2026-09-10 08:21:21.435551
2296,75865aa4-999c-40e6-96c1-dfb3bcb03561,115,12174.87,debit,transfer,Garcia-Wise,posted,2026-09-10 08:21:21.437513
2297,0b5e90dd-3013-4ed2-8895-6a40696cb2bb,99,19174.08,credit,ussd,Harrison-Ellison,posted,2026-09-10 08:21:21.439441
2298,49dc61cb-71df-4895-9b64-f726f5bb829e,117,3002.39,debit,transfer,"Miller, Spencer and Rodriguez",posted,2026-09-10 08:21:21.441509
2299,e426b9e8-4f23-4db6-a1e0-033d73910cca,34,3677.62,credit,transfer,"Wilson, Pham and Johnson",posted,2026-09-10 08:21:21.443506
2300,85232662-ef96-48cc-87f2-1a8e2a02b4e1,186,4325.98,credit,ussd,Sheppard-Bell,posted,2026-09-10 08:21:21.445533
2301,90968941-762d-4b4c-8123-472914c24e63,149,17331.83,debit,ussd,Harris Ltd,posted,2026-09-10 08:21:21.447257
2302,8c5e104a-bd58-480c-9179-2ae22d71d8a1,67,4759.90,credit,transfer,"Tucker, Martinez and Wood",posted,2026-09-10 08:21:21.449469
2303,07053dac-2f24-4067-b6ca-d7a0e5f6cef0,190,4644.97,credit,pos,Peterson-Anderson,posted,2026-09-10 08:21:21.451481
2304,867a9d5f-8eda-4b52-b815-6aad833b8111,112,9749.48,debit,card,Morris PLC,posted,2026-09-10 08:21:21.453367
2305,14140c4a-44f7-4894-9604-50a9ffc31ef1,15,5275.52,debit,card,Lloyd-Jordan,posted,2026-09-10 08:21:21.455667
2306,0f9898c5-39ae-40a2-b70e-10376e0e3ec6,65,3153.35,credit,card,Johnson-Barry,posted,2026-09-10 08:21:21.457828
2307,7aaec366-2371-4c76-a809-570da7bc548e,7,11153.89,credit,pos,George and Sons,posted,2026-09-10 08:21:21.459857
2308,56cf9849-8f4a-4264-8e8a-17024d7b5444,149,3211.57,debit,card,Quinn LLC,posted,2026-09-10 08:21:21.461678
2309,868b469f-8907-49a0-8e16-72f3e3da2b26,186,15293.74,credit,ussd,Brown-Sanchez,posted,2026-09-10 08:21:21.463782
2310,90465a72-e14d-45d6-a72d-570c36acf5d5,77,7064.11,credit,ussd,"Joseph, Avila and Butler",posted,2026-09-10 08:21:21.465805
2311,034d87d0-737b-4839-ab12-191251156537,127,13422.11,credit,transfer,"Clay, Shah and Clark",posted,2026-09-10 08:21:21.467795
2312,d1d17ddd-ce7f-446d-bc1a-3f43daac0408,138,6532.08,credit,ussd,"George, Bright and Myers",posted,2026-09-10 08:21:21.470206
2313,d92419f4-43ab-4bd3-a8ad-1b64b4c76d4a,129,3881.48,credit,card,Armstrong-Gordon,posted,2026-09-10 08:21:21.472142
2314,09407882-ccdc-49cb-a733-47957a7a9dfc,82,10407.06,debit,card,Lewis LLC,posted,2026-09-10 08:21:21.474114
2315,95d81cb8-170f-4dee-a21a-4480b8cc0127,91,4398.81,debit,pos,"Green, White and Mcclure",posted,2026-09-10 08:21:21.476262
2316,441aa3d5-6889-475b-9f38-c020650a6c2f,69,4052.23,debit,transfer,Atkinson-Yoder,posted,2026-09-10 08:21:21.478189
2317,2bdea79a-19f4-4351-a2fb-5b40d9400d49,129,14306.84,debit,card,Norton-Maldonado,posted,2026-09-10 08:21:21.480099
2318,4c5c75fa-21b2-41b2-ad59-61d9ac8cf70b,117,15152.37,credit,ussd,White-Green,posted,2026-09-10 08:21:21.482016
2319,fa7de3ca-6827-4931-83c4-86a5a87b683a,2,13492.22,debit,transfer,"Allen, Wilson and Fischer",posted,2026-09-10 08:21:21.484104
2320,2f24676b-10f0-4485-9337-03108ee9566e,153,17507.22,credit,card,Randolph-Berger,posted,2026-09-10 08:21:21.486217
2321,c69d8358-b4d3-4e54-92a9-04ee0084a3f6,127,4942.52,debit,ussd,Rogers-Collins,posted,2026-09-10 08:21:21.488294
2322,dd3b1184-e783-465e-8608-706ae985157f,98,19390.92,debit,card,Perez-Eaton,posted,2026-09-10 08:21:21.49033
2323,75efdd18-ce30-4d60-b0c1-38682e7da4ca,122,16110.04,debit,ussd,"Heath, Dudley and Barnes",posted,2026-09-10 08:21:21.492387
2324,dfc01c26-7437-4f36-ab67-ab0c1ac5a1d4,83,5717.47,debit,transfer,Campos-Leon,posted,2026-09-10 08:21:21.494418
2325,77988869-d01a-43ca-99a7-dd8ec3fd6280,18,10466.04,credit,transfer,Hawkins-Ross,posted,2026-09-10 08:21:21.496512
2326,daf2193d-e062-4ce4-b019-7feca7289ce8,98,13898.43,credit,card,"Cruz, Rubio and King",posted,2026-09-10 08:21:21.498743
2327,0940f065-0690-42ed-a397-275e36ea9ee5,59,1453.56,credit,transfer,Lyons PLC,posted,2026-09-10 08:21:21.500494
2328,55f7c3ea-6beb-49b8-ab0e-f6ab9ffa9512,118,18823.80,debit,card,Peters-Garcia,posted,2026-09-10 08:21:21.502411
2329,af67a1f0-7ac9-49e4-8f79-1f615992794b,87,7430.61,credit,pos,Johnson LLC,posted,2026-09-10 08:21:21.504237
2330,0b508b3a-b8e7-43a9-91fa-1bc6152303cd,130,16692.07,debit,card,Mendez-Snow,posted,2026-09-10 08:21:21.506274
2331,c89d447f-5cd7-44c6-b127-8fbc0c3429c0,122,11349.67,credit,card,"Brown, Scott and Drake",posted,2026-09-10 08:21:21.508357
2332,2f48bfb0-06ab-48a4-869f-cb4d66ef2107,42,423.68,debit,card,Edwards Inc,posted,2026-09-10 08:21:21.51018
2333,966dd6cf-0341-47cb-98e3-a476b884c1ab,101,3220.13,credit,pos,Myers-Jackson,posted,2026-09-10 08:21:21.512156
2334,cc1ba769-76f3-468d-9bf7-0fde65f65ae6,166,15349.57,credit,ussd,Ramirez and Sons,posted,2026-09-10 08:21:21.514417
2335,b251152b-e2de-48db-b74e-bfd1cbf357fd,12,10844.10,credit,pos,Green-Knight,posted,2026-09-10 08:21:21.516437
2336,ffc25c19-ba7f-4348-94c3-359ea463143f,194,8019.62,debit,card,"Parrish, Holland and Robertson",posted,2026-09-10 08:21:21.518527
2337,892a2b3b-0b64-49fd-8052-a0633063537a,10,13896.15,credit,card,Robertson Group,posted,2026-09-10 08:21:21.520429
2338,71a738d7-6a13-4fdb-bfb4-a2d9fd2e3dc3,71,16389.84,debit,transfer,Palmer PLC,posted,2026-09-10 08:21:21.52235
2339,f57cbd4e-0dc5-466b-97fd-03f3a3b4180c,29,5560.05,credit,card,"Davis, Lee and Mcclure",posted,2026-09-10 08:21:21.524534
2340,bde18c03-8874-4f59-aeec-60868d454353,83,1708.92,debit,pos,"Parrish, Nielsen and Gutierrez",posted,2026-09-10 08:21:21.52656
2341,2f711686-b5a2-459f-85b0-78435accdc6a,132,18543.35,credit,ussd,Rojas Ltd,posted,2026-09-10 08:21:21.528519
2342,98a5d362-6c81-4be7-9833-a741cc287f76,82,8907.37,credit,transfer,"Smith, Lane and Houston",posted,2026-09-10 08:21:21.530539
2343,49b58c2a-9ac9-4494-9723-61f460bfbf54,98,9075.46,debit,card,"Kelly, Joseph and Haney",posted,2026-09-10 08:21:21.532574
2344,adcd694c-ccab-48f0-acb3-cdf79e321eb1,97,2235.52,debit,pos,Holmes Ltd,posted,2026-09-10 08:21:21.534564
2345,70783087-6b55-40e9-9500-f06a2b52a49a,172,18269.09,debit,pos,"Garcia, Ayers and Smith",posted,2026-09-10 08:21:21.536833
2346,dafb3fc5-5fe8-46e9-bcfb-82114c4fc346,164,2871.05,credit,pos,"Paul, Parrish and Howard",posted,2026-09-10 08:21:21.53884
2347,99b885ec-0146-4b19-8fef-0fdc9397117f,41,15937.20,debit,card,Moon Group,posted,2026-09-10 08:21:21.54032
2348,5a166595-d7fb-4b57-9285-1db9cc0f61b7,114,7872.47,credit,transfer,"Matthews, Byrd and Bennett",posted,2026-09-10 08:21:21.542458
2349,92080ed3-b670-4140-a17d-0a6d259c0a81,78,14524.64,debit,card,Wood Group,posted,2026-09-10 08:21:21.544128
2350,45bcb1da-71b2-47ce-9fdd-e18e591f3024,142,14055.68,debit,pos,Chandler-Jones,posted,2026-09-10 08:21:21.546145
2351,0be8224a-ad5b-443d-b642-54ab27946d4d,196,3329.69,debit,card,Valentine PLC,posted,2026-09-10 08:21:21.547996
2352,d4c81843-aad0-4fb6-bde1-033e0ddea4d2,28,1064.76,credit,ussd,Miller-Franco,posted,2026-09-10 08:21:21.550012
2353,0f1342ae-cdb0-4e1d-a9ed-99a3c54d9bee,73,16714.43,debit,ussd,"Cooper, Berry and Lee",posted,2026-09-10 08:21:21.552069
2354,bba1f88f-2e9b-467b-800d-09607f228a91,7,5194.49,debit,ussd,Smith Group,posted,2026-09-10 08:21:21.553887
2355,0542a5f3-b497-40d2-af36-86450b792132,52,18935.14,credit,pos,Bennett-Morris,posted,2026-09-10 08:21:21.555793
2356,98f9208e-9c7f-44be-bfa8-be1f0fef5b3b,11,19763.87,debit,card,Page-Whitehead,posted,2026-09-10 08:21:21.557746
2357,4025d4d5-d22e-4d4c-85af-09482791fff8,15,16062.00,credit,card,Griffin-Cordova,posted,2026-09-10 08:21:21.55961
2358,89b29155-9f34-4555-92cc-7978aaf723df,70,13889.13,debit,transfer,Phillips-Peters,posted,2026-09-10 08:21:21.561587
2359,688bf256-2ed8-4642-83ed-ef6e86d8a36b,103,13261.28,debit,ussd,Rojas-King,posted,2026-09-10 08:21:21.563464
2360,e88f43bf-4863-4626-b0c4-5af26fdb2e20,121,289.52,debit,ussd,"Howard, Moore and Davis",posted,2026-09-10 08:21:21.565784
2361,3a95a6e4-feb6-469c-8852-f05290f47d39,179,3915.72,credit,ussd,"Watson, Hopkins and Perez",posted,2026-09-10 08:21:21.567745
2362,ffd49a5e-99f4-40b1-b9ed-1d7c521c5295,136,1220.69,debit,ussd,Gonzales Inc,posted,2026-09-10 08:21:21.569624
2363,721f0821-be9d-433b-9b62-aff496a5448a,51,3503.20,debit,pos,"Kelley, Mendez and Todd",posted,2026-09-10 08:21:21.571591
2364,140ba18d-f35e-4f66-b5a1-4c0a279b47cc,12,2529.31,debit,pos,"Williams, Rios and Flynn",posted,2026-09-10 08:21:21.573675
2365,0ac235f7-621b-4f58-b43e-3dfe7ce8bafc,144,6158.18,credit,card,Wilkerson-Huerta,posted,2026-09-10 08:21:21.576051
2366,16a618e8-c5f9-48eb-b7ff-5e1aa4708132,19,5725.52,debit,card,"Hernandez, Simmons and Bowman",posted,2026-09-10 08:21:21.578092
2367,283a97fd-9909-43da-8e9f-a6600d48841f,160,15699.12,debit,ussd,Guerrero-Caldwell,posted,2026-09-10 08:21:21.58007
2368,bb2681f8-f3f5-432a-ae1c-85ee07b7884b,107,2074.46,debit,card,Murphy and Sons,posted,2026-09-10 08:21:21.581781
2369,a5966338-cbc9-4e8c-aac7-72e97a2a9ac5,86,17322.69,debit,card,Williamson-Poole,posted,2026-09-10 08:21:21.58392
2370,6b9c24e7-1102-4e06-9b6a-6356b273a7f4,22,9716.07,credit,transfer,"Escobar, Hines and Sanders",posted,2026-09-10 08:21:21.585224
2371,d3ec4151-47d2-4bfb-a9c0-70477974d133,169,1159.64,debit,pos,"Morrison, Pittman and Velez",posted,2026-09-10 08:21:21.587281
2372,81ef4fc1-99ee-4b81-837f-8261b34390a0,174,5606.71,credit,card,"Moyer, Williams and Nichols",posted,2026-09-10 08:21:21.589322
2373,9964dadd-f04c-4cc5-a73f-c6b576a8b6e6,196,1505.28,credit,card,"Gonzalez, Carson and Martinez",posted,2026-09-10 08:21:21.591443
2374,5785cfd8-9157-4046-bf8a-12d285640080,172,15700.16,debit,transfer,Smith-Joseph,posted,2026-09-10 08:21:21.593368
2375,5478ae61-00c7-42c5-8816-05f10f3606a4,109,8783.38,credit,pos,Morrison Group,posted,2026-09-10 08:21:21.595114
2376,8bb76a32-58e6-4571-b69e-ba8d097467b9,80,8965.45,debit,transfer,"Torres, Willis and Delgado",posted,2026-09-10 08:21:21.597246
2377,473a7624-b32e-456a-a581-ddcafd95064c,110,4323.12,credit,pos,"Pennington, Henderson and Richardson",posted,2026-09-10 08:21:21.599492
2378,bc9ee4a6-d2c8-4019-ab5c-e2146ee8bc13,99,4877.36,credit,ussd,Harper-Butler,posted,2026-09-10 08:21:21.601356
2379,185b3d79-e5a2-428c-bc62-201612e5c00b,136,7070.43,debit,pos,Miller Group,posted,2026-09-10 08:21:21.603202
2380,ab948ad4-38e6-4f69-beee-5bd92283e2df,133,2386.05,debit,pos,Stewart Inc,posted,2026-09-10 08:21:21.605131
2381,199d0f80-71f5-43f0-8a9d-885d16b9b540,184,4072.22,debit,transfer,Jensen-Arellano,posted,2026-09-10 08:21:21.607045
2382,4786fe41-0463-46c4-a342-d77d882bf47a,33,15410.77,debit,pos,Sanchez-Smith,posted,2026-09-10 08:21:21.608906
2383,c8d8ddcc-58c4-47c4-a60e-8fbcd78ce1a9,190,10921.91,credit,ussd,King-Dunn,posted,2026-09-10 08:21:21.610049
2384,1f78bd2f-b787-47b1-9b40-0c372e87c735,155,5280.73,credit,pos,"Gardner, Pratt and Ward",posted,2026-09-10 08:21:21.612143
2385,29e59817-6bc5-4c1d-8b20-9d092929ef78,11,11788.61,debit,ussd,"Gonzalez, Davis and James",posted,2026-09-10 08:21:21.614302
2386,2712b4f1-3423-4f6d-a1d7-4d8e380ebe9e,95,13746.53,debit,transfer,"Johnson, Key and Baxter",posted,2026-09-10 08:21:21.616453
2387,f8cc962c-3012-4fda-a7c3-6e0c19c7d08a,90,16918.77,credit,ussd,Sanders and Sons,posted,2026-09-10 08:21:21.618297
2388,cf5c9da9-fcba-472d-b936-3674f7a00c39,114,18710.64,credit,card,Crawford Ltd,posted,2026-09-10 08:21:21.620332
2389,bcb0df81-1fdb-4fa0-9a74-928cf171a3a8,163,11795.18,credit,card,Lawrence-Wall,posted,2026-09-10 08:21:21.622231
2390,a238e973-1265-4185-9957-6d7ff2b4980b,46,19543.89,credit,pos,"Ray, Carlson and Davenport",posted,2026-09-10 08:21:21.624365
2391,44fee83d-3747-4489-bd32-60a8e8dfb0ff,99,1055.88,debit,card,Bell and Sons,posted,2026-09-10 08:21:21.626226
2392,c611fc82-2525-403d-800a-9d8dc5359a55,145,9307.29,credit,card,"Cook, Carter and Jacobs",posted,2026-09-10 08:21:21.628462
2393,40d10450-a5ae-4ee9-8873-a1057b84791c,27,2947.04,credit,ussd,Richardson-Weber,posted,2026-09-10 08:21:21.630425
2394,40d07501-d959-4351-82d9-ea4b8126344e,68,15031.44,credit,transfer,Reyes-Nelson,posted,2026-09-10 08:21:21.632303
2395,ade319e5-c281-4540-bc69-2b7419b163df,132,19257.70,debit,card,"Reyes, Lopez and Smith",posted,2026-09-10 08:21:21.634307
2396,9e0e5aed-f193-4e80-8e0d-f5103785a9a2,78,4811.59,credit,transfer,"James, Clark and Johnson",posted,2026-09-10 08:21:21.636385
2397,74733177-47d3-4ed9-aee3-8289c603de59,180,12891.53,credit,transfer,"Ball, Howell and Brown",posted,2026-09-10 08:21:21.638417
2398,25ae6e40-a626-4aed-a784-f5f36422322b,56,4505.31,credit,card,Caldwell-Walsh,posted,2026-09-10 08:21:21.640316
2399,e0d2f5c4-15fa-4bdc-b02a-6e24eb047322,22,11634.09,credit,ussd,Farley PLC,posted,2026-09-10 08:21:21.642204
2400,e6c3b65f-79d7-4eca-8f78-febc85f2a27a,34,1217.09,debit,pos,Mayer Group,posted,2026-09-10 08:21:21.643973
2401,52f4d1ea-7ddf-486f-9806-f23a912651e7,42,2925.59,debit,transfer,"Morris, Baker and Garcia",posted,2026-09-10 08:21:21.647109
2402,23df5b41-37f1-47b7-a5fc-f40166973098,170,11885.12,credit,card,"Martinez, Tanner and Martinez",posted,2026-09-10 08:21:21.649599
2403,1021d460-bb7b-4124-861e-9125dae50054,6,2901.57,credit,card,Chavez-Allen,posted,2026-09-10 08:21:21.650999
2404,aab2741f-2df0-4333-acf9-306d00d82eec,88,2090.50,debit,transfer,Jones PLC,posted,2026-09-10 08:21:21.652956
2405,d956b3fb-6f46-4f2c-bbcd-c7aedcde9f37,173,6442.03,credit,ussd,Stafford LLC,posted,2026-09-10 08:21:21.65487
2406,558112ec-0540-4e57-bc5d-ebb1f54093b9,80,14371.75,credit,pos,Thomas-Rodriguez,posted,2026-09-10 08:21:21.65735
2407,9ff9ab95-f28d-48cb-bbc9-8794a474dec0,103,19906.71,credit,transfer,"Valentine, Harris and Douglas",posted,2026-09-10 08:21:21.660026
2408,9e3b8041-958c-42ce-8591-3132adc8a943,122,10479.99,debit,ussd,Walker-Dawson,posted,2026-09-10 08:21:21.66244
2409,fd622751-5001-4e01-9dcb-cd1c63f9ab24,155,16832.15,debit,transfer,Johnson Ltd,posted,2026-09-10 08:21:21.664391
2410,a7f35494-5f54-4e67-a62d-d513f8d03619,164,14578.05,credit,card,Brown-Pittman,posted,2026-09-10 08:21:21.666041
2411,d1e1398d-85f2-4e9b-a89b-b09596e4a892,173,10683.16,debit,card,"Nichols, Hodges and Roberts",posted,2026-09-10 08:21:21.667743
2412,3a0a9618-ab23-4654-a6de-866bc6ad4e91,14,2879.51,debit,ussd,Cook-Davidson,posted,2026-09-10 08:21:21.669311
2413,f9a4a131-2713-45f1-b584-5baabdfbe916,22,1273.29,credit,ussd,"Patterson, Ramirez and Taylor",posted,2026-09-10 08:21:21.671329
2414,4c18df16-dbcf-4b5a-b805-31048937edff,192,10194.68,credit,ussd,Davis Ltd,posted,2026-09-10 08:21:21.673597
2415,0a4ce18c-b1ff-4d59-9186-0450c5a4fe1c,50,13739.94,debit,pos,Buchanan LLC,posted,2026-09-10 08:21:21.675486
2416,95e4d568-5ba2-4dde-a8fc-6239b10b488e,108,10580.43,debit,ussd,Davidson LLC,posted,2026-09-10 08:21:21.677549
2417,a2929237-e57f-4246-9ccd-e1b9b97f149e,42,5297.78,credit,pos,Jones and Sons,posted,2026-09-10 08:21:21.67956
2418,fb9435e4-0b96-40c3-b125-c3599400c0fe,43,8513.76,credit,transfer,"Griffin, Dorsey and Garcia",posted,2026-09-10 08:21:21.68185
2419,3f4c58af-bd75-4fec-ad36-33b0d03c614d,69,15579.82,debit,card,Neal-Boyer,posted,2026-09-10 08:21:21.683916
2420,80384fea-916a-40ae-a3db-8edf8c15facc,101,6841.26,debit,pos,"Cruz, Nichols and James",posted,2026-09-10 08:21:21.686034
2421,58c08e3f-abb9-4449-82fd-7713599304c6,59,10721.10,debit,card,Cardenas Ltd,posted,2026-09-10 08:21:21.687904
2422,42ec38e6-28bc-47b6-8fcb-856d74253cee,10,10409.70,debit,card,Russell-Archer,posted,2026-09-10 08:21:21.689464
2423,49f0fa38-81c0-4b3d-b47e-6c499435e388,50,17370.06,credit,card,"Cole, Vazquez and Grimes",posted,2026-09-10 08:21:21.691855
2424,771dd9e2-8081-47f6-9fc0-8eb45d6eda76,146,9684.12,credit,ussd,Tapia Ltd,posted,2026-09-10 08:21:21.694082
2425,34772e1e-b550-4613-b408-b4b4ed5236c9,47,19258.82,debit,card,Chapman-Jones,posted,2026-09-10 08:21:21.696318
2426,4fae380a-78af-4d1c-8662-507b14810b8e,149,18180.82,credit,card,"Alvarez, May and Mendoza",posted,2026-09-10 08:21:21.698723
2427,d20ce4cc-0035-4c4b-b03f-b8b05386d8d3,53,6680.54,credit,ussd,Green LLC,posted,2026-09-10 08:21:21.70073
2428,cabd7646-36b5-4ec1-80d1-09a504f65fcc,153,1770.57,debit,card,"Owens, Johnson and Johnson",posted,2026-09-10 08:21:21.703079
2429,25ccb101-d7c7-4887-947f-fb9238f2f7e8,160,9534.63,debit,pos,Harris Ltd,posted,2026-09-10 08:21:21.704149
2430,02621dee-3705-4650-8230-617026793762,125,4414.24,debit,card,Williams-Stuart,posted,2026-09-10 08:21:21.706004
2431,783ad9bc-15e2-4451-81f4-28c6149a9041,193,9783.84,debit,card,"Buchanan, Jones and Mcdaniel",posted,2026-09-10 08:21:21.708467
2432,efbff10f-54cc-4870-b63f-4b396231c0ba,128,14245.61,credit,pos,Freeman Ltd,posted,2026-09-10 08:21:21.710069
2433,210b55b8-c5ee-47cc-a389-e8516a7e8512,153,5087.88,debit,ussd,Crawford-Carter,posted,2026-09-10 08:21:21.71171
2434,1b3891e2-ae9c-4ec5-aa02-65fc0e584dee,65,14478.91,debit,card,"Davis, Stewart and Tucker",posted,2026-09-10 08:21:21.713493
2435,c84bddc9-09b9-4bfd-baa2-78af1bc541bf,16,7582.48,debit,pos,Parker LLC,posted,2026-09-10 08:21:21.714476
2436,85333512-eedb-4153-be18-88516bfd2c2f,166,11234.46,credit,pos,"Hartman, Perez and Cisneros",posted,2026-09-10 08:21:21.716307
2437,be6b3674-08b3-4d37-9a25-2c887d463eef,197,336.25,debit,pos,"Cooper, Bailey and Smith",posted,2026-09-10 08:21:21.717968
2438,81849c30-86d4-45a8-a82a-e769c464a1bc,119,3881.96,credit,ussd,Lewis Ltd,posted,2026-09-10 08:21:21.719569
2439,50cff0dc-d00b-471b-a697-cc360346b484,111,14609.22,credit,card,Hickman Ltd,posted,2026-09-10 08:21:21.721079
2440,beb56095-67c6-4e39-afe4-510925175fea,79,16981.02,credit,transfer,Reed-Davis,posted,2026-09-10 08:21:21.722919
2441,bcb01ccd-c349-4c99-9407-8ed0ae8bb9b8,196,4237.17,credit,ussd,Cook-Rodriguez,posted,2026-09-10 08:21:21.72483
2442,df42f81b-d73c-4be5-808a-6adb08ac4ded,93,819.40,debit,ussd,"Martinez, Wilson and Lynch",posted,2026-09-10 08:21:21.727065
2443,87fb5f46-e74b-4a69-a8db-002ac3266a11,128,590.45,debit,pos,Perez-Cruz,posted,2026-09-10 08:21:21.728841
2444,4ac8d0ad-99ac-418c-93d1-c82a81cdf26f,63,5824.41,debit,pos,Hudson and Sons,posted,2026-09-10 08:21:21.730407
2445,ad1ab0ef-e53f-4037-89c3-fe529d30c058,167,1009.94,debit,pos,"Figueroa, Lane and Rivera",posted,2026-09-10 08:21:21.732462
2446,0408bdd8-0023-484b-970c-af1127d9d67b,48,2529.99,debit,transfer,Marshall Inc,posted,2026-09-10 08:21:21.734143
2447,bd9e6f54-041d-481d-a907-87848d396ddb,22,6743.42,debit,card,Campos-Burns,posted,2026-09-10 08:21:21.736113
2448,d649aaca-a712-448e-98df-2b794d590021,184,16306.96,debit,ussd,Reeves-Simpson,posted,2026-09-10 08:21:21.737994
2449,780cf6cd-0e14-4c27-8a85-d274a23431ed,18,17127.08,credit,transfer,Hicks Inc,posted,2026-09-10 08:21:21.739941
2450,47550c7f-3735-4deb-a587-f4911a3557b2,87,89.99,debit,card,"Clark, Hunt and Green",posted,2026-09-10 08:21:21.741685
2451,f452b64a-e2b9-49b2-8025-4c9a5fa83f84,109,1644.41,debit,card,"Huff, Mendez and Garrett",posted,2026-09-10 08:21:21.743744
2452,d8fcfbdf-0c5e-45c8-9e4a-b77807746e3b,168,14987.90,credit,ussd,Drake-Smith,posted,2026-09-10 08:21:21.745737
2453,41ac5208-40dc-4f0f-affc-86e4269cde69,114,12666.57,debit,pos,Miles PLC,posted,2026-09-10 08:21:21.747597
2454,cc9fcc6d-9428-4d44-81ef-2492a8c82936,188,667.25,credit,pos,Charles-Lewis,posted,2026-09-10 08:21:21.749849
2455,56973aae-e5f8-4392-b7ed-a85b8107998e,57,2072.10,credit,pos,"Powell, Pham and Scott",posted,2026-09-10 08:21:21.752455
2456,676bd7a3-28f0-4496-b0ed-94cf9a642c6b,129,10402.34,debit,pos,Lawrence-Collins,posted,2026-09-10 08:21:21.754533
2457,17ce73ba-3fe8-4d6b-becf-d97c956eafb9,77,19463.53,credit,transfer,"Schultz, Harvey and Johnston",posted,2026-09-10 08:21:21.756355
2458,e1bfb383-95a1-49e3-ab5b-d615718a8032,140,4582.52,debit,transfer,Jones-Morris,posted,2026-09-10 08:21:21.758483
2459,a3d97a14-a441-48d7-a262-7f7060480440,10,10515.07,credit,transfer,Gomez-Nunez,posted,2026-09-10 08:21:21.760471
2460,3d1072d9-d541-4662-971d-9c301350b9e3,141,15984.00,debit,pos,Daniels-Hall,posted,2026-09-10 08:21:21.762365
2461,e785e9ea-f4ea-42ec-a002-2a9070116d67,85,14984.36,credit,card,"Watson, Smith and Mitchell",posted,2026-09-10 08:21:21.764333
2462,edb8b8e5-264e-4e56-9fd1-fa6cac174ab5,161,6818.89,debit,pos,Haynes Group,posted,2026-09-10 08:21:21.766133
2463,7a9cbde3-31d8-45ec-b616-d5301f860d84,159,5057.79,credit,card,Reynolds LLC,posted,2026-09-10 08:21:21.768085
2464,cdff711e-fc8c-42da-a0ad-e995fd3bbabe,161,8405.82,debit,ussd,Graham Ltd,posted,2026-09-10 08:21:21.770025
2465,3bfe3983-448c-4f13-a259-01c86102a7d1,189,2035.42,credit,card,Ross Group,posted,2026-09-10 08:21:21.771828
2466,27c50862-36c8-41da-9a42-0a92adf6ac46,20,2363.29,credit,transfer,Adams-Davis,posted,2026-09-10 08:21:21.773361
2467,7ffc7e3e-10d4-4e96-95bf-830b28c5f128,163,19105.41,debit,ussd,Kane-Cross,posted,2026-09-10 08:21:21.774849
2468,e17affc4-688c-4a44-a797-16af534b6844,160,10925.47,debit,ussd,King PLC,posted,2026-09-10 08:21:21.776182
2469,a53f0bc4-6adb-4f5b-a48d-f4bd020427af,11,2606.19,credit,card,Farmer-Jackson,posted,2026-09-10 08:21:21.777618
2470,e4ded66f-bf94-411f-94dc-d25692e5307c,180,16264.84,credit,card,"Ward, Rollins and Li",posted,2026-09-10 08:21:21.778621
2471,54a6259b-0eae-4cc4-bea9-043de3de0c02,138,5677.12,credit,ussd,"Riley, Fields and Hernandez",posted,2026-09-10 08:21:21.780188
2472,e22321fd-bee6-4d21-8a4b-bf24872ed5f2,28,5270.35,credit,ussd,Whitaker-Webb,posted,2026-09-10 08:21:21.781851
2473,b1ac8db1-3523-4e15-bdfe-61350dd9e6b2,10,1279.20,credit,card,"Harris, Young and Thompson",posted,2026-09-10 08:21:21.783538
2474,47b8b107-93b0-4f9f-bd3b-74b7b3a41e54,181,7069.04,credit,card,Clark-Smith,posted,2026-09-10 08:21:21.785392
2475,b2e0acf1-8062-4887-a74d-4a22aea22a31,125,7771.06,debit,pos,Williams-Olson,posted,2026-09-10 08:21:21.787349
2476,236585d2-2864-4732-b051-34ba147ab5b9,32,13388.94,debit,transfer,"Pearson, Wood and Lee",posted,2026-09-10 08:21:21.789108
2477,6897c122-c875-4e96-9c41-2585d726cf93,196,6410.52,credit,ussd,Lester Group,posted,2026-09-10 08:21:21.790892
2478,f3d7a461-33f6-48a1-8028-b7c834162801,78,15270.31,debit,transfer,Cook Group,posted,2026-09-10 08:21:21.792742
2479,ce7c3cee-4cef-4723-bebd-c0cfef8ff2cc,167,13435.12,debit,pos,Eaton LLC,posted,2026-09-10 08:21:21.793666
2480,991322b1-fcd3-4365-b83a-e937ee8cc111,133,12266.74,debit,pos,Collins-Miranda,posted,2026-09-10 08:21:21.795415
2481,98d12e8c-dbd7-4b4e-83ff-c8a6e0482fc9,125,11521.89,credit,pos,"Alexander, Pollard and Short",posted,2026-09-10 08:21:21.797348
2482,91816691-4647-4929-bde2-da0213857d83,54,80.13,debit,transfer,"Gomez, Jackson and Coffey",posted,2026-09-10 08:21:21.799215
2483,3a47c3df-38b0-4ec7-a1b7-9499344abd3c,36,10260.94,credit,pos,Johnston Group,posted,2026-09-10 08:21:21.800873
2484,e96aacf0-f937-4b06-bbf0-34474d4c564f,126,18909.34,credit,card,"Sherman, Mitchell and Williams",posted,2026-09-10 08:21:21.802707
2485,4464bd74-f44e-4dd2-bab2-598307410e02,90,10877.33,credit,transfer,Davis-Miller,posted,2026-09-10 08:21:21.804297
2486,49273da6-c2a5-462e-97aa-c07eec27cec3,50,2072.42,debit,transfer,Hunt-Edwards,posted,2026-09-10 08:21:21.805929
2487,f5f94c54-3d42-4b00-9b42-6ab274d33bb7,126,804.10,credit,card,Hughes Group,posted,2026-09-10 08:21:21.807342
2488,6973fcd7-9c18-4c87-8d4d-ab9478e5a9c8,103,7225.49,credit,card,Kim-Ferguson,posted,2026-09-10 08:21:21.809199
2489,471758cc-b8a0-4392-84c0-73404dac88f7,130,8043.70,credit,pos,Solis-Miller,posted,2026-09-10 08:21:21.811133
2490,6f74cb5f-5f8e-4126-8b8d-131e2c3f3cc4,35,13563.55,debit,ussd,Buck Ltd,posted,2026-09-10 08:21:21.813192
2491,b16f0136-a3f2-4073-816a-6fd55748b163,105,14029.05,credit,pos,Underwood-Howard,posted,2026-09-10 08:21:21.815812
2492,3454d3b2-2b2d-4095-adab-bde23acbe593,171,10743.36,credit,transfer,Garner PLC,posted,2026-09-10 08:21:21.817523
2493,1341c689-6908-4ce9-a652-82c2d221ecdc,36,8880.22,debit,ussd,Callahan PLC,posted,2026-09-10 08:21:21.819018
2494,07c2392e-dcec-4b2a-b87a-ea8de2fa5023,110,9676.24,credit,ussd,Hunter Ltd,posted,2026-09-10 08:21:21.820367
2495,6c29c58f-c32e-4433-a813-5acdb23270c5,178,372.38,debit,pos,Hughes-Johnson,posted,2026-09-10 08:21:21.821981
2496,86e55883-82a8-4596-a453-b8962a3352bb,170,17370.01,credit,transfer,Miranda and Sons,posted,2026-09-10 08:21:21.823333
2497,80b02890-b4ed-4a16-afca-e40e53d96e0b,97,11792.49,debit,ussd,Juarez-Kelly,posted,2026-09-10 08:21:21.824771
2498,d5530d68-e4a8-4e0e-b213-3ec03c07e191,84,14772.35,debit,ussd,"Boyd, Palmer and Curtis",posted,2026-09-10 08:21:21.826304
2499,823c8f53-e721-4dbb-b9df-3be9ce337e5e,60,6985.86,credit,transfer,Monroe-Lynn,posted,2026-09-10 08:21:21.82791
2500,133221b7-b2dd-489d-8ba1-4ce35940ad2b,71,9731.76,debit,ussd,Nelson Group,posted,2026-09-10 08:21:21.829607
2501,4d9b0a97-87aa-4093-a757-a4b483302f40,155,13229.03,debit,ussd,George-Larson,posted,2026-09-10 08:21:21.831209
2502,1d156b5d-b806-46f7-8877-1b169f0e03dc,98,5207.91,debit,card,Davis-Taylor,posted,2026-09-10 08:21:21.83302
2503,0fd9c4d6-68e7-4bb8-9c39-dfc5dc125d93,43,10222.28,credit,pos,Allen-Moore,posted,2026-09-10 08:21:21.834875
2504,e84046e3-edf7-44e9-8236-0f9ef06bfad7,82,5549.89,credit,transfer,"Johnson, Landry and Meyers",posted,2026-09-10 08:21:21.836874
2505,45564061-6ed5-40af-bf57-7b33f974135b,79,929.75,credit,ussd,"Miller, Fischer and Solis",posted,2026-09-10 08:21:21.838818
2506,7daf53c1-94d4-4883-9faf-eb5b1ad44905,12,11159.71,credit,card,Mclean Group,posted,2026-09-10 08:21:21.840696
2507,df639f96-7452-4656-b0d0-d1cc518cb4f2,181,16345.90,debit,ussd,Wallace-Austin,posted,2026-09-10 08:21:21.842623
2508,7732aba9-6dfd-4dd6-a483-74050afc4bed,71,10620.56,credit,card,Harris and Sons,posted,2026-09-10 08:21:21.844577
2509,d95bc4f7-9917-4849-9685-f6fff9283a98,177,4695.10,credit,ussd,Nash-Richardson,posted,2026-09-10 08:21:21.846824
2510,fe2b1643-5783-47cf-b66f-e9d47ed1a82b,78,3756.45,credit,pos,"Bennett, Green and Hardy",posted,2026-09-10 08:21:21.8481
2511,c961fe51-9693-4328-a6e2-8ea96776a13e,116,17502.86,debit,card,Johnson-Dorsey,posted,2026-09-10 08:21:21.849848
2512,4da97cf5-7391-45b6-8eca-a996757c4028,30,13872.51,credit,ussd,"Sutton, Roberts and Campbell",posted,2026-09-10 08:21:21.852072
2513,b1295106-19ae-452f-9b7e-bba2a120ccbd,120,15751.36,debit,pos,"Perez, Alvarado and Wilkerson",posted,2026-09-10 08:21:21.854985
2514,d1a747a9-811f-4fbc-af2f-8a96cec76002,103,11804.57,debit,card,Green and Sons,posted,2026-09-10 08:21:21.857217
2515,0d7b6ad1-5b63-44bd-9c60-3cf3947a48a3,186,14141.69,credit,ussd,"Keller, Walker and Duncan",posted,2026-09-10 08:21:21.859583
2516,d5fce83a-30e1-4677-bb8e-f2af216e3e06,26,15019.00,debit,ussd,"Wood, Alexander and Davis",posted,2026-09-10 08:21:21.862026
2517,54c90ba1-558e-4862-aa57-0eb7270ec23c,183,8985.41,credit,transfer,Mitchell-Rodriguez,posted,2026-09-10 08:21:21.864336
2518,30305d2e-f1b4-4f89-b83a-d75503d14f5f,145,11000.59,debit,ussd,Mcdaniel and Sons,posted,2026-09-10 08:21:21.866537
2519,be71ebc4-f0d8-4d08-9c51-bc6f58ea426f,41,4545.05,debit,ussd,Allen PLC,posted,2026-09-10 08:21:21.868398
2520,2f54ac0d-c7ae-4c65-a06a-300803fc715a,88,18484.42,debit,card,Taylor and Sons,posted,2026-09-10 08:21:21.870292
2521,1a0dacc2-c094-45e1-9951-bba34ec11097,14,19548.42,credit,ussd,"Johnson, Watson and Murillo",posted,2026-09-10 08:21:21.872757
2522,647b3b40-3cc9-4dc6-b8ac-f00009ae5556,109,7808.92,debit,pos,"Garcia, Scott and Collier",posted,2026-09-10 08:21:21.87557
2523,7691d131-f223-43a6-af03-798e60b8e7f4,63,6961.28,credit,ussd,"Chambers, Brennan and Singh",posted,2026-09-10 08:21:21.877991
2524,7e6cd0fc-1ddd-4f56-83fe-06157566e3d9,46,12197.90,credit,transfer,"Smith, Porter and Hampton",posted,2026-09-10 08:21:21.879871
2525,2f603f02-ff47-4640-93d6-cb920b47bb60,24,17971.82,credit,pos,Blevins-Barajas,posted,2026-09-10 08:21:21.881837
2526,36bf2310-26c4-4fff-8f79-6dc58c50a260,13,11429.42,debit,ussd,Stokes Inc,posted,2026-09-10 08:21:21.883947
2527,401ef481-dcea-4188-b9d4-b40de18a768c,175,13943.54,debit,pos,"Miller, Clarke and Arroyo",posted,2026-09-10 08:21:21.885977
2528,a9b88741-362d-4b22-8214-cd803e7f554a,70,2964.86,debit,pos,Osborn-Pollard,posted,2026-09-10 08:21:21.887765
2529,ff00cc93-f356-4f42-940b-a9a0f7f7cb50,94,3905.30,debit,transfer,Zimmerman-Howard,posted,2026-09-10 08:21:21.889473
2530,0efb5e7f-d824-470c-8727-3c178c90ead8,20,6038.79,debit,card,Gentry and Sons,posted,2026-09-10 08:21:21.891314
2531,28a82ae4-1d6a-447e-a2c1-c67ecdcb50cd,24,11091.01,debit,ussd,Terry-Rodriguez,posted,2026-09-10 08:21:21.893004
2532,063800df-6f49-4581-ab70-4b4d06d2538b,115,9663.03,credit,transfer,"Ponce, Hammond and Martinez",posted,2026-09-10 08:21:21.894862
2533,645360ef-663e-45ef-ae06-ba5f2e72963d,79,2911.38,debit,ussd,"Johnson, Delgado and Stone",posted,2026-09-10 08:21:21.896617
2534,a0a90c66-504d-4916-8992-ad36c914de91,174,15671.29,credit,card,Austin-Combs,posted,2026-09-10 08:21:21.898426
2535,3a2c2b1d-f49d-484b-b8b4-4f2023100766,20,2794.56,debit,card,"Carter, Murphy and King",posted,2026-09-10 08:21:21.900966
2536,7bfe38b5-e5ab-4119-9779-0bac23ae9477,89,16311.12,debit,ussd,Woods PLC,posted,2026-09-10 08:21:21.903101
2537,a52b1d3e-515a-4130-b914-9f5d7c7056a0,28,10699.24,debit,ussd,Gonzalez LLC,posted,2026-09-10 08:21:21.905191
2538,97ad7b0e-cc5c-40b9-9d5f-e1f62707cfd3,139,4020.27,debit,ussd,Beck and Sons,posted,2026-09-10 08:21:21.907081
2539,9c747f45-eaea-48b2-8cf7-5621443f1cd8,99,594.35,credit,ussd,Diaz-Thomas,posted,2026-09-10 08:21:21.909007
2540,1f6fdfb8-d8f2-4cac-af89-07b6b387563a,44,17843.40,debit,card,Boyle-Williams,posted,2026-09-10 08:21:21.911019
2541,71457f85-3f4c-4131-abb4-a140c55b2360,86,19558.79,credit,transfer,Bradford PLC,posted,2026-09-10 08:21:21.912552
2542,921ef9bd-19b8-45d7-90df-142ca3359295,60,18201.01,debit,transfer,"Miller, Vaughan and Nunez",posted,2026-09-10 08:21:21.914632
2543,02e447d9-8222-41ac-a77b-5f043add3a2d,98,16098.04,debit,transfer,Reyes LLC,posted,2026-09-10 08:21:21.916166
2544,edfd298d-a6a0-44d5-b631-7add063572ef,132,7287.80,credit,transfer,Roberts Inc,posted,2026-09-10 08:21:21.91786
2545,1daa5058-8bbf-4a00-97b3-3c424e108014,106,17240.15,credit,transfer,"Mclaughlin, Romero and Wiley",posted,2026-09-10 08:21:21.919744
2546,fb0dff6e-0002-487c-92a4-8e4b0bb13a6d,59,2440.13,debit,card,"Lindsey, Salinas and Cain",posted,2026-09-10 08:21:21.921828
2547,520e4469-ae77-4e4f-be9a-2fa8ab0b4951,60,9586.62,debit,pos,Benson-Walls,posted,2026-09-10 08:21:21.923778
2548,aa28792d-ec00-4a7b-95a6-4b70d62b2222,68,16555.67,credit,pos,Hernandez LLC,posted,2026-09-10 08:21:21.925341
2549,c57bd93d-806b-4510-b7ae-ae48d5dcb1bd,81,4987.63,credit,card,Hodges PLC,posted,2026-09-10 08:21:21.927351
2550,4d66dd40-8c2d-48c7-a97d-3e978b0239c5,88,11575.25,credit,pos,Weber-Brooks,posted,2026-09-10 08:21:21.929347
2551,d5f184ec-66da-4fab-b197-7ad3445cee3a,170,14902.60,debit,card,Brock Group,posted,2026-09-10 08:21:21.931242
2552,9d898a04-231b-4afa-aad1-d4c49a4c9121,57,3761.44,credit,pos,Vance-Harris,posted,2026-09-10 08:21:21.932999
2553,2c93a8c8-0bf8-40af-884f-fd55dfff41bd,183,12914.57,debit,card,Avila Group,posted,2026-09-10 08:21:21.934597
2554,6d9f75c7-9dc0-4ae0-9075-f471746c6e2f,14,10070.44,debit,ussd,Golden Group,posted,2026-09-10 08:21:21.936582
2555,a71d6658-b2ae-4118-9abb-9a76eeb4a4d1,71,9411.67,debit,transfer,Chaney Group,posted,2026-09-10 08:21:21.938366
2556,559589e4-8480-4a7c-94eb-ca45b052c28c,49,9436.89,credit,card,Tanner-Weiss,posted,2026-09-10 08:21:21.940557
2557,514e8b8f-5f73-4f44-af64-e3e3d5039457,171,124.61,debit,transfer,"Sutton, Phillips and Reyes",posted,2026-09-10 08:21:21.942538
2558,18d4dc8b-959f-4e00-8e6d-4f9d450ede0b,161,15330.90,credit,pos,Price-Miles,posted,2026-09-10 08:21:21.944333
2559,f56b5806-101d-401b-b590-b3ba9e6d38b4,91,846.71,debit,ussd,Cook Inc,posted,2026-09-10 08:21:21.946073
2560,5cba0086-b2db-457b-a773-bb42bfb537ec,63,19937.12,debit,ussd,"Payne, Moyer and Nunez",posted,2026-09-10 08:21:21.947949
2561,434233aa-8149-435d-8147-fd6777c7742b,95,84.35,debit,transfer,Lee-Larson,posted,2026-09-10 08:21:21.949716
2562,f47ade8c-503b-4707-a68d-458eca01b4ad,30,17096.17,debit,card,Knight-Davis,posted,2026-09-10 08:21:21.95174
2563,9d09f6e7-5bfc-41d2-a066-18a46f1133b2,126,2130.36,debit,pos,"Chapman, Rodriguez and Perez",posted,2026-09-10 08:21:21.953432
2564,e20a0318-39bc-4d76-9158-4f7e6998f094,31,6223.54,debit,card,Johnson-Villa,posted,2026-09-10 08:21:21.955156
2565,812496fb-a8ce-46d8-b137-43703bab96aa,189,17437.71,credit,pos,"Castillo, Chavez and Chandler",posted,2026-09-10 08:21:21.957484
2566,da964a74-0e84-4b87-a7e5-db41ef2525f2,174,17971.40,debit,ussd,"Flores, Powell and Anderson",posted,2026-09-10 08:21:21.959776
2567,b71e6b07-b016-4ec5-a933-b1b713e4d1e8,175,6697.75,debit,card,"Jackson, Rios and Brewer",posted,2026-09-10 08:21:21.961798
2568,ba1a9493-ea7f-4a6e-8edf-bdfc68323983,8,17874.04,credit,card,"Lester, Cobb and Stewart",posted,2026-09-10 08:21:21.964143
2569,3c8b6060-3dff-4485-a755-0276f7ab08f3,35,5751.56,debit,transfer,Hill Ltd,posted,2026-09-10 08:21:21.966181
2570,b2e98bbf-f759-43dd-b6da-32e3921f38c6,44,13971.35,credit,pos,Freeman Group,posted,2026-09-10 08:21:21.967985
2571,d9cb1738-8857-41cf-b6b7-f25c4d99c8d2,151,19316.99,debit,pos,"Robinson, Hull and Stewart",posted,2026-09-10 08:21:21.970388
2572,8827bfd1-f933-48ff-b5ba-30334c0d478c,106,19417.18,debit,ussd,Kim-Ellis,posted,2026-09-10 08:21:21.972712
2573,ea37e7d7-75cd-4276-b523-d4a02ceb2447,177,5233.52,debit,pos,"Page, Calhoun and Wade",posted,2026-09-10 08:21:21.975088
2574,41f75321-4213-4bfd-8bba-c24232416a34,51,215.95,debit,pos,Lee-Taylor,posted,2026-09-10 08:21:21.977053
2575,00c20040-65ca-4ac6-8229-86c5297f3a3c,171,12018.04,debit,pos,"Hess, Price and Ross",posted,2026-09-10 08:21:21.979519
2576,c62dd033-68f9-40c1-9216-64584d7cf767,154,5161.95,credit,pos,Randall Group,posted,2026-09-10 08:21:21.981387
2577,f517cf44-f037-4a97-8b07-9add8ff79de2,200,9758.32,credit,transfer,"Garner, Woodward and Valentine",posted,2026-09-10 08:21:21.983634
2578,9efd7436-efe7-40a8-8e74-0a836133de30,16,9303.16,credit,ussd,Hernandez-Monroe,posted,2026-09-10 08:21:21.985721
2579,cee0746a-801b-4c7d-b981-de0cda5c3f81,18,18304.19,debit,card,Robinson Group,posted,2026-09-10 08:21:21.987797
2580,cf36f26e-07f7-48da-9c82-611277e60938,145,3347.31,credit,transfer,Vincent and Sons,posted,2026-09-10 08:21:21.989719
2581,0fc52694-ec07-4203-bbf8-ed1ffccdd0f0,146,16238.97,debit,pos,Davis-Jones,posted,2026-09-10 08:21:21.991754
2582,c21aa2d4-0cf5-440c-8c32-eb1d80598900,29,18924.77,credit,pos,"Barber, Horne and Huber",posted,2026-09-10 08:21:21.993874
2583,d9acfd9e-c2bc-42e1-9003-69efaaa4d27f,158,4661.89,credit,card,Edwards LLC,posted,2026-09-10 08:21:21.995923
2584,8462c646-c7bf-43cb-aa5f-e6895a8e9273,51,9836.87,credit,ussd,"Gomez, Collins and Wagner",posted,2026-09-10 08:21:21.997793
2585,87815806-6049-4630-9fbf-4736b64ccac8,74,2983.73,credit,pos,Mcbride and Sons,posted,2026-09-10 08:21:21.999632
2586,429c5316-7e65-47f9-af5d-8522b3d76b9a,139,11571.34,credit,ussd,Velez PLC,posted,2026-09-10 08:21:22.001357
2587,30736321-f3b0-4587-a5a4-4535f38c73bd,115,18627.83,debit,pos,Duran Ltd,posted,2026-09-10 08:21:22.003322
2588,de5a9136-22ac-4ed5-8c3a-2b5879c16b5d,178,9837.75,debit,card,Edwards-Baker,posted,2026-09-10 08:21:22.00534
2589,98adf6af-1dd6-4eb8-b344-7f4de2e239c5,113,17931.55,credit,card,Mitchell Group,posted,2026-09-10 08:21:22.007261
2590,aeee00eb-2aca-4a94-b7a9-862babc9e57f,166,13822.69,credit,pos,Gutierrez-Walters,posted,2026-09-10 08:21:22.008995
2591,2f0c769c-0778-4ec0-aa80-aa5fe82d78b0,186,6553.75,credit,card,Howell PLC,posted,2026-09-10 08:21:22.010689
2592,ccd8838e-9c1e-4c49-a42b-4be93c28dd25,31,1347.99,debit,ussd,"Powell, Rivera and Brown",posted,2026-09-10 08:21:22.013275
2593,b0f3f670-42eb-4374-abf2-90e62eaae1cc,180,16493.03,credit,ussd,"Allen, Blackwell and Walker",posted,2026-09-10 08:21:22.01553
2594,299da2e6-a945-47b7-ac2c-467af3eef2fb,40,5695.80,debit,ussd,Torres-Rogers,posted,2026-09-10 08:21:22.017272
2595,a87429a9-ec99-4125-be8a-94b9c94ec2ff,102,13442.83,credit,ussd,"Skinner, Garcia and Carter",posted,2026-09-10 08:21:22.01914
2596,8b72ac5e-c8d4-4a0e-9b08-ed9b885aaf05,109,19513.61,debit,card,Smith PLC,posted,2026-09-10 08:21:22.020674
2597,9baede03-935f-4dff-b954-82d2e4701cf2,168,13531.21,debit,transfer,Cook Group,posted,2026-09-10 08:21:22.022509
2598,a87e6f95-8493-4c0e-84d6-054e0f2dc080,119,7624.48,debit,pos,Anderson-Sparks,posted,2026-09-10 08:21:22.024717
2599,d0a05b33-9530-4eae-8a4e-a7e6921a490c,132,17674.67,credit,transfer,Graham-Sharp,posted,2026-09-10 08:21:22.026838
2600,e08f01d0-07e6-40fd-87b3-9d51036c2985,100,5152.65,debit,pos,"Jones, Le and Simmons",posted,2026-09-10 08:21:22.028881
2601,ded2f662-2d65-40b2-a0c3-fda990e8c1c3,55,6138.74,debit,pos,"Fitzgerald, Buckley and Goodman",posted,2026-09-10 08:21:22.030908
2602,0fbd8770-594f-4297-89d7-61c27bbaffe6,60,3082.61,credit,pos,Martinez-Brown,posted,2026-09-10 08:21:22.032902
2603,8f42ee4e-4361-4253-962f-2dbe2a2ac085,191,7317.46,debit,transfer,"Wood, Patel and Sanchez",posted,2026-09-10 08:21:22.034887
2604,ed5ea532-a78c-4c64-8110-770e879a1cf7,107,121.44,debit,transfer,West LLC,posted,2026-09-10 08:21:22.036802
2605,8fa88fb4-2c12-47ea-9256-dd0e97f301ae,173,8594.66,credit,card,Collins Ltd,posted,2026-09-10 08:21:22.039015
2606,5290cf26-6a74-45ce-bf9f-6a7a8e57c2b5,129,8668.79,credit,transfer,"Fleming, Paul and Armstrong",posted,2026-09-10 08:21:22.041208
2607,305cf896-03c8-4be9-8989-84b9c7e50346,96,18872.32,debit,ussd,Lucero-Smith,posted,2026-09-10 08:21:22.042991
2608,3a72206d-7c31-45dc-b139-7a88d52b11d2,58,15905.92,credit,transfer,Baker-Aguirre,posted,2026-09-10 08:21:22.044929
2609,07c6caf2-358b-4d54-b208-f38c3cbe5db0,66,17480.80,credit,transfer,Martinez Inc,posted,2026-09-10 08:21:22.047049
2610,815abe8f-a8ed-4dc4-87a9-4f67874dcf35,14,450.53,debit,card,Kelly-Aguilar,posted,2026-09-10 08:21:22.048807
2611,0736336b-3b26-4a6c-987d-20b32e6ac5c9,170,11223.04,debit,pos,Mason-Hopkins,posted,2026-09-10 08:21:22.050603
2612,4eb353d4-104d-46b8-a635-b33c9166d285,107,16860.52,credit,ussd,"Martin, Serrano and Gutierrez",posted,2026-09-10 08:21:22.052448
2613,6b5d9c3d-b051-44fc-8ec9-5ca3984d4f5d,191,4455.15,debit,transfer,Dean Group,posted,2026-09-10 08:21:22.054143
2614,6b345e62-e935-449e-bef2-785526bb0f02,16,11270.73,credit,transfer,Lewis-Allen,posted,2026-09-10 08:21:22.055932
2615,d507a671-fa3c-45a7-99aa-d8239b214bde,180,18690.07,debit,ussd,Hughes-Mcdonald,posted,2026-09-10 08:21:22.058192
2616,5e2adb39-b8da-4341-849e-0157157a9dd9,43,8388.79,debit,ussd,"Cordova, Glass and Barron",posted,2026-09-10 08:21:22.060493
2617,d4583715-8d14-4db7-8c84-4e19106a1411,155,2634.26,credit,card,"Chapman, Weaver and Ball",posted,2026-09-10 08:21:22.062551
2618,98029866-c6f8-4553-bdde-ce3e5d7d0a73,121,12884.62,credit,pos,Mcdaniel-Villarreal,posted,2026-09-10 08:21:22.064542
2619,ba32c2b6-4441-4dbe-9cf8-9590c23f3f98,33,7441.49,credit,pos,Cummings-Hendricks,posted,2026-09-10 08:21:22.066301
2620,01fceec0-067e-4e9c-b45a-cd36ee3bb262,128,15696.75,debit,ussd,"Brewer, Rosales and Gallagher",posted,2026-09-10 08:21:22.068447
2621,cb9d462e-90c1-4113-bba0-3c0f111b1c46,98,16789.92,debit,card,Davis LLC,posted,2026-09-10 08:21:22.070275
2622,a424ca89-4196-4ba3-96d8-11cfecccf780,2,14995.45,credit,card,Cruz Group,posted,2026-09-10 08:21:22.071719
2623,d90de749-c5a8-498a-b544-584f6de9bb2a,36,11115.72,debit,ussd,Johnston Inc,posted,2026-09-10 08:21:22.073369
2624,80eaab25-d7b5-49fd-8a50-6dded5e198db,84,10755.65,credit,transfer,"Johnson, Villa and Wagner",posted,2026-09-10 08:21:22.075775
2625,222825e1-4a03-4054-b3b6-2fa5ca19fcb5,152,16038.33,credit,pos,Case Inc,posted,2026-09-10 08:21:22.078281
2626,a626ffe9-9694-4180-98b1-73f10945e119,105,11266.20,credit,transfer,Perez and Sons,posted,2026-09-10 08:21:22.079917
2627,d7ed4bdb-9821-4022-bbfd-0f38af877ab5,65,15803.36,credit,transfer,"Jackson, Lloyd and Prince",posted,2026-09-10 08:21:22.081691
2628,0c5a7f11-5720-48ad-9b4c-b3cf70eed14b,118,8624.60,debit,ussd,Anderson and Sons,posted,2026-09-10 08:21:22.083085
2629,b704b245-ed39-4e85-8832-f2c5b8360723,131,18942.28,credit,ussd,Walsh-Green,posted,2026-09-10 08:21:22.084556
2630,726769c3-438f-4555-b750-eceef02e64c8,71,14824.88,debit,pos,Casey Inc,posted,2026-09-10 08:21:22.085859
2631,b5e5c963-3f25-4009-b0a7-5a4736595e11,87,15969.85,debit,transfer,Collins Inc,posted,2026-09-10 08:21:22.087168
2632,4e824b71-c0a2-4d61-901e-f49ba3cb9223,158,6741.70,credit,ussd,Schaefer-Booker,posted,2026-09-10 08:21:22.088738
2633,9b86dd78-629d-419f-8de5-0e505aee084f,195,17020.18,debit,pos,Harper-Patterson,posted,2026-09-10 08:21:22.090422
2634,68cf51f8-410a-499c-8113-7e16e12d5aee,5,3273.95,credit,transfer,"Welch, Cameron and Cross",posted,2026-09-10 08:21:22.092187
2635,b9d6a89c-905c-4ad3-a220-41f91e1921f7,36,18335.01,credit,transfer,Ibarra-Dixon,posted,2026-09-10 08:21:22.093738
2636,98f1b70f-0012-4995-a474-84d4f5993a5f,113,12929.21,credit,card,Herrera Inc,posted,2026-09-10 08:21:22.095258
2637,d953ba63-6775-4528-a016-03e48a0a6ead,111,3534.61,credit,transfer,Armstrong-Luna,posted,2026-09-10 08:21:22.09707
2638,dd1d079a-8d3f-40f2-a952-3d29b50ed6d2,8,3742.33,debit,transfer,"Williams, Williams and Torres",posted,2026-09-10 08:21:22.098947
2639,3c980c51-e47a-4b4c-9d3c-efd1e0910e55,131,5813.62,debit,ussd,Vang-Lee,posted,2026-09-10 08:21:22.10086
2640,71436a2a-a52e-40d7-9ada-54563a32173b,161,2047.26,credit,ussd,"Thomas, Bennett and Wilson",posted,2026-09-10 08:21:22.10253
2641,2cfaa99e-7731-4f69-a1ad-1bbeb4401f7c,129,19847.79,credit,pos,Cooper LLC,posted,2026-09-10 08:21:22.104124
2642,48175280-1c0a-4dc2-8ab2-1ee5d7a78585,88,2605.57,credit,transfer,"Nelson, Dawson and Taylor",posted,2026-09-10 08:21:22.105786
2643,16d57915-84d9-4de2-9ad7-7cf2d9ef030e,197,11700.53,debit,card,Roberson Inc,posted,2026-09-10 08:21:22.107574
2644,a82abd06-06b6-45ec-ba05-ef1805fc35b6,158,615.31,debit,pos,Brown-Perkins,posted,2026-09-10 08:21:22.109215
2645,e2599885-96eb-4ee4-9b80-459e169d89b6,87,17749.32,credit,ussd,"Dennis, Hernandez and Stephens",posted,2026-09-10 08:21:22.110946
2646,653111b4-c6df-4090-b905-83e339db113e,51,9551.27,credit,card,"Cervantes, Gibson and Palmer",posted,2026-09-10 08:21:22.112648
2647,7dbf054f-3ee5-4b3b-bc93-17d28a59a1ff,27,18371.99,credit,ussd,Jackson-Taylor,posted,2026-09-10 08:21:22.114278
2648,03db9cdd-6d0c-4d05-a499-7e6aa246c4cf,164,10938.21,credit,transfer,Gray PLC,posted,2026-09-10 08:21:22.115788
2649,b1306600-c44b-4428-a05a-8ea89910a551,72,14076.24,debit,card,Duarte-Glover,posted,2026-09-10 08:21:22.117613
2650,ba0e9250-afa1-43d5-a2db-9900d2db08e9,107,10879.01,credit,ussd,Buck-Mahoney,posted,2026-09-10 08:21:22.119361
2651,bef1de6b-e957-4e5c-bb86-22c9645f6fb6,190,19134.36,debit,pos,"Nelson, Williams and Hill",posted,2026-09-10 08:21:22.124139
2652,6dfac99f-f253-4d49-8635-80b535d5c61e,147,4785.13,credit,pos,Allen and Sons,posted,2026-09-10 08:21:22.126055
2653,1b2821a1-0efb-451a-996c-edc6d98d84c1,70,3471.35,credit,card,Miller-Long,posted,2026-09-10 08:21:22.127781
2654,66340778-a3ab-4e01-a687-d7b31e017d91,102,17911.27,credit,card,"French, Soto and Williams",posted,2026-09-10 08:21:22.129504
2655,b5cff623-793e-46b2-b992-fa353c370710,92,12682.63,debit,card,Holt PLC,posted,2026-09-10 08:21:22.131079
2656,5bbf5b30-3d1d-4dd9-a7e9-35375805f0d7,111,10455.24,debit,transfer,Pittman-Brown,posted,2026-09-10 08:21:22.132678
2657,026fbe1b-e72d-48d8-a514-3458132fd678,178,1851.00,credit,pos,"Howard, Callahan and Bradford",posted,2026-09-10 08:21:22.134935
2658,63246251-f662-492e-a55d-705a9c456321,152,5455.08,debit,pos,Mendoza-Morgan,posted,2026-09-10 08:21:22.137063
2659,0b4acb42-c2ac-4da1-8cdb-01ef5b4a0260,102,15321.36,debit,pos,Travis-Powell,posted,2026-09-10 08:21:22.138895
2660,8db1c014-2d3d-4930-a035-4157c7c1e0ba,111,11086.86,debit,transfer,Harrison-Hamilton,posted,2026-09-10 08:21:22.14086
2661,01491b01-34dd-49f7-99dd-1a3aa2208905,128,11033.43,credit,pos,"Diaz, Gardner and Morgan",posted,2026-09-10 08:21:22.142674
2662,dbf9f72a-38ac-497a-bdf5-30f9708a90df,157,8529.17,credit,card,"Green, Sullivan and Edwards",posted,2026-09-10 08:21:22.144382
2663,e80f36c5-3cf8-47da-b01c-bd2f2fdda9e1,136,4289.19,debit,transfer,Wilson Inc,posted,2026-09-10 08:21:22.145904
2664,ef85b68b-ada2-4063-94cc-940d5b4c6a7c,64,682.35,debit,ussd,Weaver-Cross,posted,2026-09-10 08:21:22.147642
2665,3e5e1704-6cc5-4f9c-aa62-18a1758e2f78,149,8668.76,credit,transfer,Clark PLC,posted,2026-09-10 08:21:22.14938
2666,d78c8261-4f78-468d-ba35-99b253e46371,23,10036.79,debit,ussd,Murphy PLC,posted,2026-09-10 08:21:22.151015
2667,165ae508-4c2b-4399-af65-1657c2f3425c,165,7756.60,debit,ussd,Jackson-Calderon,posted,2026-09-10 08:21:22.153123
2668,e52e2471-3f97-4dfc-a4f2-d47d2d49aee8,115,2098.82,debit,pos,Miller-Levy,posted,2026-09-10 08:21:22.155236
2669,0466d6eb-2009-4f4c-9fc2-a97a1308e226,182,8930.11,debit,transfer,"Wilson, Brown and Francis",posted,2026-09-10 08:21:22.157689
2670,9b2f0725-2db4-41f6-9368-07fed00a87d9,34,6790.15,debit,pos,"Morgan, Sanchez and Williams",posted,2026-09-10 08:21:22.160111
2671,b9bb1d86-25fd-4a20-b41c-8979254be5bd,14,6442.20,credit,transfer,Johnson-Henderson,posted,2026-09-10 08:21:22.162162
2672,e3405d05-aabc-4604-8c6a-a89d4d48749f,120,14293.40,credit,ussd,Ferguson-Herrera,posted,2026-09-10 08:21:22.164616
2673,5f46f0d4-875b-4c95-b3dd-6fa71e1e6bff,193,18187.40,debit,ussd,Lee-Obrien,posted,2026-09-10 08:21:22.166767
2674,aa4ba888-2446-4a66-baa2-eb83c3f5fb71,126,5812.11,debit,ussd,Ramirez Inc,posted,2026-09-10 08:21:22.168719
2675,e06ead05-eb46-4f6c-9314-c87d8e4595ec,83,7144.62,debit,card,Hernandez-Acevedo,posted,2026-09-10 08:21:22.170583
2676,4cd279bc-d41c-4146-8ad1-a337c7bbccdf,129,6470.05,debit,pos,Benjamin-Jones,posted,2026-09-10 08:21:22.172524
2677,ba513300-1b15-42de-9bc3-5b11e04178e0,85,9537.90,credit,transfer,Chavez-Moore,posted,2026-09-10 08:21:22.174997
2678,5cf1a851-ce79-4e5c-893d-213208e1717e,176,9317.77,debit,pos,Davenport-Brandt,posted,2026-09-10 08:21:22.177287
2679,7fb489dc-f761-4a4e-96dc-00ec55467f4e,35,8792.44,credit,ussd,Joseph-Floyd,posted,2026-09-10 08:21:22.179408
2680,468bec19-f854-4e5c-905c-e85405465af5,127,5782.38,credit,pos,Holmes PLC,posted,2026-09-10 08:21:22.181486
2681,821bd476-fa7f-4648-acc1-00345da13792,163,13736.91,credit,pos,Gordon-Allen,posted,2026-09-10 08:21:22.183509
2682,c280787b-c994-4233-b415-a6d8b91fc7f4,3,14134.52,credit,pos,Kirby and Sons,posted,2026-09-10 08:21:22.185429
2683,6239e156-b373-48f0-9325-8258776499cc,59,11223.27,credit,card,"Johnson, Flores and Rose",posted,2026-09-10 08:21:22.187464
2684,12ccaebf-6918-4636-a192-429cb783acda,31,13322.08,debit,card,Knight-Wilson,posted,2026-09-10 08:21:22.18962
2685,61f2d0ab-8113-4e60-8957-aea6451f617c,150,10321.91,credit,pos,Howell-Kelly,posted,2026-09-10 08:21:22.191785
2686,28272a20-ed72-4b04-aaf1-d0dc1791c6ac,41,18411.29,credit,transfer,"Gates, Atkinson and Holloway",posted,2026-09-10 08:21:22.194103
2687,d7f1cb5d-182e-4fa9-80d5-06d28aa3829f,39,18539.16,debit,transfer,Martin-Henderson,posted,2026-09-10 08:21:22.195852
2688,a3fb033d-7355-4268-87fc-bf23ac541fd4,185,16442.27,credit,ussd,"Warren, Graham and Taylor",posted,2026-09-10 08:21:22.197645
2689,67f54981-c462-4a46-85e5-746a71d7d933,169,12047.34,credit,card,"Savage, George and Cervantes",posted,2026-09-10 08:21:22.19966
2690,b6709539-8ee4-48c4-810c-f1a78021c899,21,5027.76,debit,transfer,Hill-Gonzalez,posted,2026-09-10 08:21:22.201547
2691,e822a55a-c8fe-4f19-8b75-294b23885c6e,17,3435.53,credit,pos,"Morgan, Roberts and Prince",posted,2026-09-10 08:21:22.203453
2692,ebcff2e0-2c71-4f20-9766-a191d3616d03,97,12604.30,credit,card,Smith and Sons,posted,2026-09-10 08:21:22.205508
2693,139c5744-6ab3-41d5-8abb-47b318d29578,116,8927.79,debit,card,Farrell-Mayo,posted,2026-09-10 08:21:22.20733
2694,b060acd5-2f79-44b9-8999-84c291b808e1,133,10788.67,debit,ussd,Garza-Osborne,posted,2026-09-10 08:21:22.209128
2695,644479d2-c24c-43b7-98a8-228e37a48dd0,156,11627.55,debit,card,Turner-Paul,posted,2026-09-10 08:21:22.210877
2696,8e213064-f6a7-468b-b9f1-f163515e965f,113,19156.62,credit,ussd,Perry LLC,posted,2026-09-10 08:21:22.212772
2697,9f2f7c66-844f-44f2-a7ff-0b542fa40594,58,6970.72,debit,ussd,"Chen, Robertson and Lopez",posted,2026-09-10 08:21:22.214646
2698,21817149-bab8-4713-b201-59dc33109e86,118,16531.05,credit,pos,Mendoza-Anthony,posted,2026-09-10 08:21:22.216696
2699,1a65a87b-0206-43ae-9b7b-5f9b077fea9e,195,1386.25,debit,ussd,"Taylor, Tran and Thompson",posted,2026-09-10 08:21:22.218809
2700,c265ef50-788b-4c62-870f-b7bad337e18e,50,15346.04,debit,transfer,Hughes Inc,posted,2026-09-10 08:21:22.220489
2701,88bfb844-7c0a-4b61-a68e-002562334baa,158,1523.38,debit,ussd,"Williams, Olsen and Koch",posted,2026-09-10 08:21:22.222354
2702,53c6a132-1201-4d5a-afa7-679090ac521e,6,1830.27,credit,ussd,Lewis LLC,posted,2026-09-10 08:21:22.224131
2703,4a1d1b79-bda7-4969-93c9-46ed4dab2b71,187,10626.94,credit,transfer,Herring and Sons,posted,2026-09-10 08:21:22.225974
2704,46558db4-aef5-4e0c-ac49-9d2b37f35b03,76,17804.77,credit,transfer,"Perry, Jenkins and Smith",posted,2026-09-10 08:21:22.227905
2705,adc82487-c580-4c49-abdf-c0cdf09b9071,94,7869.45,credit,card,Brown Group,posted,2026-09-10 08:21:22.230006
2706,014967d6-7af4-4611-82f9-2e075435b659,25,11807.18,credit,transfer,"Berger, Guerrero and Snyder",posted,2026-09-10 08:21:22.232058
2707,19a6be23-1dc7-4fad-b064-dd5a86a7a6bb,163,18097.55,credit,card,Reeves and Sons,posted,2026-09-10 08:21:22.233923
2708,7db5fdab-43ec-4845-842b-293c6e728d30,117,10897.77,credit,pos,Chandler and Sons,posted,2026-09-10 08:21:22.236016
2709,40bb7db3-d327-47f3-959d-dcf3d46a427a,20,8833.31,credit,transfer,"Sullivan, Harding and Kelly",posted,2026-09-10 08:21:22.238197
2710,b79e3bde-225b-4280-b015-b2a07b2deca8,115,9587.44,credit,ussd,"Mayer, Nguyen and Harrington",posted,2026-09-10 08:21:22.24134
2711,482d7aa3-72e8-4013-9c81-5ad1a67f9ddf,43,5691.82,credit,ussd,"Lopez, Ford and Strickland",posted,2026-09-10 08:21:22.243453
2712,bfa3a77a-fc2f-43ab-8af7-754afcd7d87f,43,11232.64,credit,card,"Crosby, Ramirez and Ford",posted,2026-09-10 08:21:22.245416
2713,bfbd1a7d-0d86-41d8-8c3e-60f41f1a2d2d,71,18870.15,debit,transfer,"Webster, Jones and Hahn",posted,2026-09-10 08:21:22.247154
2714,1b8f8c82-0798-4203-89e9-af5d46c999a2,25,1129.61,credit,transfer,Evans PLC,posted,2026-09-10 08:21:22.248924
2715,76f75329-45cd-4e1b-ab26-3b43cfe33be9,72,8397.98,debit,card,Rasmussen Inc,posted,2026-09-10 08:21:22.250268
2716,c1c76c27-8978-405b-bc77-15c996eb639a,103,3439.68,credit,transfer,"Hughes, Torres and Crawford",posted,2026-09-10 08:21:22.252736
2717,3f00bbd7-9349-4f38-83eb-91f5fa7d4c29,80,17048.20,credit,pos,"Berry, Nelson and Pena",posted,2026-09-10 08:21:22.254921
2718,2ffc8538-6b39-413a-87fc-a7d9360e705b,70,12642.28,credit,card,Perez and Sons,posted,2026-09-10 08:21:22.25706
2719,352d3874-8773-4b8a-b263-44c3356c865d,63,13089.21,debit,transfer,"Rosario, Allen and Stokes",posted,2026-09-10 08:21:22.259432
2720,66cb2770-5852-4330-ad29-c7b789f1f198,50,13987.57,credit,card,"Barnett, Williams and Chapman",posted,2026-09-10 08:21:22.261408
2721,89ceefed-3edb-4886-9746-7d46345e4c7e,143,12905.03,debit,ussd,"Perry, Potts and Carter",posted,2026-09-10 08:21:22.263513
2722,e74d8135-0376-49ab-bea3-c240a99913aa,71,6524.51,debit,pos,Rodriguez and Sons,posted,2026-09-10 08:21:22.265289
2723,bd6ab756-d896-4e4e-9db3-159c6d4dffb4,136,3165.37,credit,pos,Hernandez LLC,posted,2026-09-10 08:21:22.267396
2724,b269045c-e86a-47fc-856b-bb4e5e698ea0,42,15407.55,debit,pos,Frey and Sons,posted,2026-09-10 08:21:22.269403
2725,de47fc24-fece-45f1-907c-3f6a2ee4186c,151,1219.93,credit,card,"Mills, Watson and Griffin",posted,2026-09-10 08:21:22.271365
2726,4e4a401a-6907-4250-85df-4a5da115edd2,128,6922.06,debit,card,Smith Group,posted,2026-09-10 08:21:22.273355
2727,c33b42ac-8c19-44fd-ba97-de6463097d7d,92,4257.51,credit,ussd,"Lutz, Jackson and Campbell",posted,2026-09-10 08:21:22.275404
2728,48a5b8b1-aac7-4e48-b3e0-4a16f385f2d1,46,7397.69,debit,pos,Sharp PLC,posted,2026-09-10 08:21:22.277378
2729,e8d6ded2-6889-4b36-ac9e-2cc4586a5658,33,4130.67,credit,card,"Craig, Mercer and Cook",posted,2026-09-10 08:21:22.279513
2730,c5bc300d-3935-44b2-bc90-08bef17e2d67,56,2134.70,debit,card,Yu-Cox,posted,2026-09-10 08:21:22.281461
2731,d9b8b644-2578-468f-9ff7-84c225ea3aa3,64,13528.56,credit,ussd,Wallace PLC,posted,2026-09-10 08:21:22.283311
2732,4c5eee6c-9e64-4822-b663-5a588e0db345,47,16322.17,credit,card,Odonnell-Hill,posted,2026-09-10 08:21:22.285125
2733,6269de60-5ef5-44ca-9e4c-46dc2f1d0880,141,8561.86,debit,transfer,"Andrews, Elliott and Collier",posted,2026-09-10 08:21:22.28725
2734,c6abea73-6241-4ca5-8917-0e3e5db84cdb,191,5618.51,credit,transfer,"Jones, Hood and Fox",posted,2026-09-10 08:21:22.28922
2735,93ad1035-6cf9-4076-ad6a-a430a5d78f16,153,18595.02,debit,card,"Hall, Neal and Moss",posted,2026-09-10 08:21:22.290722
2736,93d615b3-6d74-4bd7-99bd-2e05afe94f35,73,8744.56,credit,ussd,Moore-Perez,posted,2026-09-10 08:21:22.292498
2737,9b78e252-c247-409e-b4e8-eeaf7605b46e,125,4218.84,debit,card,Williams-Hernandez,posted,2026-09-10 08:21:22.294404
2738,00bf6afd-c9f9-41e3-938f-c2adaa0928b1,5,17405.28,credit,transfer,Hawkins Group,posted,2026-09-10 08:21:22.296162
2739,7a8281b1-82a5-4a7b-bf15-76f440f09c16,95,8733.75,credit,card,"Lyons, Howe and Knight",posted,2026-09-10 08:21:22.297815
2740,3a1ae3a4-bddf-42a0-b071-a7ff2d63a51d,153,15445.84,debit,transfer,James-Davis,posted,2026-09-10 08:21:22.299797
2741,dbe364e4-db81-4153-9226-0667cd088959,83,10839.03,credit,pos,"Williams, Smith and Jones",posted,2026-09-10 08:21:22.301564
2742,a6a6a7b4-60ac-498f-8671-87dd944205f5,158,16648.99,credit,transfer,Castaneda Group,posted,2026-09-10 08:21:22.303133
2743,cc4e0fea-7620-4513-8791-7366adcb7572,183,4125.40,credit,transfer,Tran Inc,posted,2026-09-10 08:21:22.304676
2744,b55c5153-444d-4f51-82c1-bc4b5377f475,112,17547.89,debit,card,Colon-Sanchez,posted,2026-09-10 08:21:22.306834
2745,ae025fd1-df24-4325-888e-4bada590cb7a,139,7469.78,credit,transfer,Navarro and Sons,posted,2026-09-10 08:21:22.308885
2746,99d76d91-1d9a-4831-9d7b-53a7bc71990a,74,7955.37,debit,card,"Morales, Harris and Smith",posted,2026-09-10 08:21:22.311455
2747,3be5cf60-a888-4745-894f-d732a0f9bfdc,182,5144.16,credit,ussd,Scott Group,posted,2026-09-10 08:21:22.313371
2748,61e76629-7c3b-4ce2-b224-680a4e11d01a,31,7524.57,debit,pos,"Sellers, Turner and Rodriguez",posted,2026-09-10 08:21:22.315486
2749,7bdd40f8-ab97-4cc8-936b-162c579310b2,37,13949.21,debit,ussd,"Deleon, Long and Perez",posted,2026-09-10 08:21:22.317834
2750,429dc0b1-eb5b-4a4a-a62d-2909b94a49c3,71,1817.25,credit,pos,Lewis Inc,posted,2026-09-10 08:21:22.31989
2751,f7edc59a-b203-4dfb-8c53-682195b99bb9,75,11374.24,debit,pos,Murphy Group,posted,2026-09-10 08:21:22.32199
2752,b4232469-72b5-4a06-8d8d-44619d54857f,117,10875.91,credit,ussd,Weber-Cox,posted,2026-09-10 08:21:22.323977
2753,ede10b51-0015-48b0-868c-22b332b17e6a,123,1306.60,credit,ussd,Johnson and Sons,posted,2026-09-10 08:21:22.326199
2754,cf525def-87d0-49c4-9ef7-a557a3c91b3a,184,2268.52,credit,ussd,"Sandoval, Miller and Sharp",posted,2026-09-10 08:21:22.328311
2755,3289b941-c0ed-469d-8330-442cd727da27,80,3226.55,credit,ussd,"Hall, Wilson and Perez",posted,2026-09-10 08:21:22.330543
2756,17f40296-ce8b-44fc-bc4c-0e048edeb35d,74,13104.16,credit,transfer,Brown LLC,posted,2026-09-10 08:21:22.332671
2757,5f1ee656-d8b5-4b08-84db-1156267af090,41,4558.77,credit,ussd,"Collins, Daniels and Weeks",posted,2026-09-10 08:21:22.334931
2758,7836b30a-4211-429d-af37-8995bc3aaae6,43,2137.33,credit,pos,Hill-Mullen,posted,2026-09-10 08:21:22.337379
2759,9ea90b33-77ad-43db-bac6-37e455efcf68,150,8533.08,credit,transfer,Santos PLC,posted,2026-09-10 08:21:22.339705
2760,97720cd5-b9f1-4d7e-b097-8e0fbfe4a62d,8,4608.97,debit,ussd,Rogers-Zavala,posted,2026-09-10 08:21:22.34216
2761,f029b793-d1b6-4532-a813-0f97b17a0899,116,3797.82,debit,ussd,Garza-Livingston,posted,2026-09-10 08:21:22.344858
2762,bf33d147-9576-4ccc-a135-e1b2c8a36e1b,69,1693.91,debit,transfer,"Myers, Smith and Price",posted,2026-09-10 08:21:22.347496
2763,b89abd6b-b455-440a-99df-27d3414a9c38,185,3804.19,credit,pos,"Harris, Clark and Smith",posted,2026-09-10 08:21:22.350274
2764,8db29678-966c-4367-81a2-e5dd669436ef,10,8127.42,credit,card,"Hansen, Cunningham and Mills",posted,2026-09-10 08:21:22.353406
2765,5d3f2b70-ca13-4180-8c59-34cf804a4134,60,17497.40,debit,ussd,Jones-Patrick,posted,2026-09-10 08:21:22.355938
2766,c271fe59-1e9f-4c62-8af3-b6999b074b73,66,9803.00,credit,pos,Guerrero LLC,posted,2026-09-10 08:21:22.358104
2767,dda0beab-f1a9-4a4e-b12b-f6f4423703e7,89,12245.66,credit,ussd,Horn-Murphy,posted,2026-09-10 08:21:22.360397
2768,5935e6b7-f5f3-4b70-a2d5-c918eb721aaa,88,7365.44,credit,pos,"Thomas, Stark and Nunez",posted,2026-09-10 08:21:22.362706
2769,e6842eb6-7c09-4583-9720-f2a9cb05ded5,166,4855.67,debit,transfer,King-Williams,posted,2026-09-10 08:21:22.365158
2770,1c008cef-8813-4845-973b-c0daabd995ab,164,11623.69,credit,ussd,Thompson-Chapman,posted,2026-09-10 08:21:22.367662
2771,7af58828-a913-4c21-b200-5e531783f014,11,10718.64,debit,card,Thomas-Taylor,posted,2026-09-10 08:21:22.369818
2772,89292df9-5a0d-4e4b-8a00-0c3ead5f7cbf,123,4434.25,credit,card,Garcia Inc,posted,2026-09-10 08:21:22.371785
2773,8221bdd0-b231-4bb7-a29d-5b80f5f2eb09,140,12238.81,credit,transfer,"Wolfe, Garcia and Moore",posted,2026-09-10 08:21:22.374165
2774,ab964000-3112-489c-a2d4-7e7e2fd6e7f1,188,19898.93,debit,ussd,White PLC,posted,2026-09-10 08:21:22.376203
2775,381c2924-ac30-43b5-8d34-8770345d6d80,26,6084.24,credit,pos,Padilla-Gay,posted,2026-09-10 08:21:22.37849
2776,43c6bb97-2511-4073-9aca-b16dd55fe4d4,37,4675.67,credit,ussd,Simmons and Sons,posted,2026-09-10 08:21:22.38047
2777,a5a42794-fbee-4ab2-a4f3-46d2ae639f45,30,4323.72,credit,transfer,Phillips-Brown,posted,2026-09-10 08:21:22.382744
2778,42710ee0-41bd-45bf-9214-2b827ee1f1a7,199,10923.41,credit,pos,Johnson-James,posted,2026-09-10 08:21:22.384806
2779,5e6e44ca-d8b1-4cd9-957e-177eebc93ae9,96,1939.93,debit,transfer,"Fletcher, Lane and Garrett",posted,2026-09-10 08:21:22.387618
2780,ba29df3d-41ad-4b24-bebc-f86e2706284a,197,8557.61,debit,pos,"Franco, Lee and Medina",posted,2026-09-10 08:21:22.390391
2781,2b6ccb8e-0de4-41b0-a908-155e45c1d962,137,8436.06,credit,transfer,Flores-Rice,posted,2026-09-10 08:21:22.392717
2782,581f7563-abde-4ee3-97ca-f41e08abee1c,107,5175.06,credit,card,Miller PLC,posted,2026-09-10 08:21:22.394715
2783,49850dff-4060-4303-89d6-9621b90d6e1d,38,18193.54,debit,card,"Nelson, Dean and Cole",posted,2026-09-10 08:21:22.396809
2784,7db2f920-cdad-46f5-8155-059cb42cef39,61,3625.13,credit,pos,"Mcmillan, Williams and Lamb",posted,2026-09-10 08:21:22.39934
2785,656e2e45-5435-449c-8d55-80f3871662ec,35,15301.17,credit,transfer,Lyons-Adams,posted,2026-09-10 08:21:22.401718
2786,2704709d-8792-4e09-a3bc-c9756033c320,163,14413.11,credit,transfer,"Mcclure, Price and Hill",posted,2026-09-10 08:21:22.404092
2787,5fa1aca7-8915-48e4-bd5a-6c52fe81959c,168,15846.20,debit,ussd,Mcbride-Burns,posted,2026-09-10 08:21:22.406269
2788,48a144aa-c976-480a-8cd4-7b2b3706f433,121,4795.57,credit,ussd,Taylor-Smith,posted,2026-09-10 08:21:22.408506
2789,2f06b3da-e9a6-4319-9ac5-7a152ebaeba6,44,15400.05,credit,transfer,Parker Inc,posted,2026-09-10 08:21:22.410842
2790,4d800ab8-8109-4156-86c6-61dd1cc17e68,32,10719.10,credit,card,Thomas and Sons,posted,2026-09-10 08:21:22.413137
2791,206771da-aa43-470d-bc8a-14bc9ee36ad5,179,1561.54,debit,pos,Barber LLC,posted,2026-09-10 08:21:22.415203
2792,e5be1642-2681-4548-975f-0cc65b84cb39,169,123.23,debit,card,Wilson-Holt,posted,2026-09-10 08:21:22.417253
2793,ecded978-3bcd-4e8b-b901-9c5ca2c2807c,165,15624.11,credit,transfer,Parker Ltd,posted,2026-09-10 08:21:22.41939
2794,3269be48-32f8-4f3e-8198-5672e89f082f,10,18252.52,debit,card,Garcia Ltd,posted,2026-09-10 08:21:22.421625
2795,409810c3-ac05-4a42-a49f-81a2764fb6ce,133,14161.49,debit,ussd,Mason and Sons,posted,2026-09-10 08:21:22.423829
2796,c2556927-ac61-4cb1-980f-73658cf19817,188,1077.19,credit,transfer,Johnson-Malone,posted,2026-09-10 08:21:22.425907
2797,19c83e1b-b620-4b08-84cc-a2a4c89639c6,127,12358.71,credit,pos,"Cantu, Lester and Moore",posted,2026-09-10 08:21:22.428375
2798,cd4bb6cf-e043-49e6-8ce4-052a28a129a5,12,16711.41,debit,ussd,Thompson-Moore,posted,2026-09-10 08:21:22.430635
2799,15cbeadb-48dd-4f6b-9d29-4bf3039fa765,108,3606.78,credit,card,Flowers-Gray,posted,2026-09-10 08:21:22.432649
2800,f6c83e7d-c9f6-47eb-b385-2a3e7f41c005,121,7869.52,credit,pos,Flores and Sons,posted,2026-09-10 08:21:22.434695
2801,58cfb8fc-93c7-429b-b952-0d137b42f2a3,45,4693.12,credit,transfer,"Burgess, White and Blair",posted,2026-09-10 08:21:22.437179
2802,0e7cce2a-9870-4325-a545-e9541242567c,34,863.36,debit,card,"Weaver, Russell and Mason",posted,2026-09-10 08:21:22.439768
2803,e0cce72e-b357-4d47-8019-d20fb7facf05,28,445.00,debit,pos,Davis and Sons,posted,2026-09-10 08:21:22.441964
2804,22a47fe9-a71e-49d4-8f60-4f7f6a4afe22,75,16853.01,debit,card,"King, Glass and Sanders",posted,2026-09-10 08:21:22.444118
2805,df63e8cd-8bf4-483e-a5cc-036d3113e019,99,6389.93,credit,pos,"Ryan, Robertson and Wade",posted,2026-09-10 08:21:22.446486
2806,cf20abc5-933d-41bc-a706-9967c9631fb0,100,7621.28,credit,transfer,Rosario Group,posted,2026-09-10 08:21:22.448518
2807,9af724e4-82a1-47fd-8487-be87d7fb5bf7,125,8044.45,debit,card,"Davidson, Davis and Marshall",posted,2026-09-10 08:21:22.450579
2808,5ceb647e-71f1-42a4-8677-10c5806498c6,2,6376.33,credit,transfer,Jones-Williams,posted,2026-09-10 08:21:22.452648
2809,a68686a9-70d5-4196-8e58-25d1ef5a4859,105,6217.95,credit,transfer,James-Hunter,posted,2026-09-10 08:21:22.454844
2810,f2e2e2db-0666-4c71-9e75-c745b9bc93b8,13,798.13,debit,card,"Garcia, Davis and Murray",posted,2026-09-10 08:21:22.45726
2811,5ea49f63-e828-4368-91c3-95def48e9335,139,12397.14,credit,transfer,"Mueller, Simmons and Moore",posted,2026-09-10 08:21:22.459592
2812,9ea5355b-3094-4361-996d-e5eea244cab8,101,10343.72,debit,transfer,"Allen, Fleming and Singh",posted,2026-09-10 08:21:22.461726
2813,8700c514-3af6-43c6-a073-8c2a0b3ab521,57,4866.90,credit,card,Brown LLC,posted,2026-09-10 08:21:22.463777
2814,2f2da05b-f89e-4f46-9881-28cd189b72cb,28,8419.24,debit,card,Clark-Taylor,posted,2026-09-10 08:21:22.465802
2815,8fabfe13-7641-4920-b4dc-83a54a332897,178,12695.06,debit,transfer,Carpenter-Ball,posted,2026-09-10 08:21:22.467963
2816,f3cad369-994f-411f-9673-1e91455e86db,130,19164.64,credit,transfer,Mcdaniel-Miranda,posted,2026-09-10 08:21:22.469838
2817,55e90b06-a53e-414e-9637-d1c1dc89aee8,60,5406.03,credit,card,"Ross, Sweeney and Peterson",posted,2026-09-10 08:21:22.472133
2818,6c9fea3c-1b26-4c31-b766-b75d85fdb218,199,18968.27,debit,transfer,Morris PLC,posted,2026-09-10 08:21:22.474217
2819,ef79d9fb-3ced-4bfc-b9f7-c0c695271638,188,9518.21,debit,pos,Gonzalez-Callahan,posted,2026-09-10 08:21:22.476272
2820,914f5e25-f37b-4dd0-b3c9-f0acf99095c9,146,289.69,debit,pos,"White, Burns and Gray",posted,2026-09-10 08:21:22.47872
2821,14e1c649-7ab5-400a-8af7-42838fcf8bca,152,2313.76,credit,ussd,"Cooper, House and Jones",posted,2026-09-10 08:21:22.481021
2822,4473ba67-fb7a-429a-99ba-432b05d1ff58,19,11131.17,debit,transfer,Floyd Ltd,posted,2026-09-10 08:21:22.482886
2823,c8f14bcb-83e8-46e1-abbe-b56405683ec8,109,10683.82,credit,card,Crawford LLC,posted,2026-09-10 08:21:22.484854
2824,5519e049-1059-44d8-a289-ef2de9b5929d,86,18841.18,credit,ussd,Anderson PLC,posted,2026-09-10 08:21:22.486717
2825,e898f88c-563d-4ed7-814e-b425444a40a5,100,12963.28,debit,pos,Mathews LLC,posted,2026-09-10 08:21:22.48864
2826,92dd8d1b-4001-49f0-b152-86c041667381,93,19368.66,credit,card,"Baker, Davis and Francis",posted,2026-09-10 08:21:22.490431
2827,fcbf5e52-b678-4b98-a791-7f5c98de7156,125,18556.09,credit,card,Gordon-Pratt,posted,2026-09-10 08:21:22.492592
2828,2c063e92-3dfb-4c66-bf2a-cafcac4d51f7,141,10690.18,credit,transfer,Cummings-Graham,posted,2026-09-10 08:21:22.494809
2829,aa7fce9e-0379-45e9-b33e-39fcfabc5f6f,58,19396.98,debit,pos,"Graham, Odonnell and Stein",posted,2026-09-10 08:21:22.497032
2830,1b68ec0e-e7bd-4f54-91e4-27f3cc701a27,153,18452.27,debit,card,Walker Inc,posted,2026-09-10 08:21:22.498531
2831,7ef25256-d0d6-4027-9aa0-54b95d4a0b01,37,8930.19,credit,pos,Nelson-Morris,posted,2026-09-10 08:21:22.500136
2832,2b7844c8-f045-486b-b4be-44aba83af3ef,81,11997.07,debit,card,Stokes PLC,posted,2026-09-10 08:21:22.501712
2833,48892e77-fdb1-4969-be62-fb019675f2e9,185,1501.68,debit,pos,"Marshall, Harrell and Sanchez",posted,2026-09-10 08:21:22.503971
2834,c15ebef2-78f9-4fa5-a877-070949fd00d8,74,11962.47,credit,pos,Aguirre Group,posted,2026-09-10 08:21:22.505981
2835,05286d76-cf36-4ed1-9c9a-673cdbe56c5c,187,7327.86,debit,transfer,Burns PLC,posted,2026-09-10 08:21:22.507843
2836,841567a4-a4d4-4920-a545-f569a846188f,144,5501.63,credit,card,"Martinez, Brock and Buck",posted,2026-09-10 08:21:22.509712
2837,665da766-63d3-4353-9b62-35e9645f599e,86,10732.66,credit,pos,Thomas LLC,posted,2026-09-10 08:21:22.511465
2838,8071b66a-116f-4257-83e1-d8e53a34fc89,191,9831.40,debit,transfer,Horton PLC,posted,2026-09-10 08:21:22.513063
2839,cdc8fcb1-6b17-4a78-81f8-950d69e74969,94,2697.22,credit,card,"Hardin, Barker and Walsh",posted,2026-09-10 08:21:22.514721
2840,c14c16d6-aba6-4b35-8b78-8fe442e7b0e9,185,9059.88,credit,ussd,Powers-Smith,posted,2026-09-10 08:21:22.51673
2841,0e198d32-bf78-4d83-a1c8-4ccc9fb3f1b1,170,900.06,credit,ussd,"Johnson, Maxwell and Rodriguez",posted,2026-09-10 08:21:22.518932
2842,248a6031-5e30-45b5-9109-2696066e98b5,66,10557.32,credit,transfer,"Stevens, Schmidt and Cruz",posted,2026-09-10 08:21:22.52106
2843,f2e13bfa-d088-4866-9e98-e1192090a422,133,4186.33,debit,transfer,"Garcia, Gibson and Delgado",posted,2026-09-10 08:21:22.522942
2844,80b36952-fe38-4707-82df-cce84207628d,90,11473.13,debit,pos,"Vasquez, Mitchell and Sanders",posted,2026-09-10 08:21:22.524671
2845,5820a3f6-b0e9-403b-bdd4-f93e24b83299,1,13647.07,debit,transfer,Smith-Parsons,posted,2026-09-10 08:21:22.526958
2846,17a1db3e-b0d3-4f79-b0a6-24fb567e4844,45,13183.86,credit,card,Johnson Ltd,posted,2026-09-10 08:21:22.528637
2847,c547faca-191a-41d3-ad11-0f37bcca0a13,38,13766.70,credit,pos,Stevenson-Young,posted,2026-09-10 08:21:22.530727
2848,cf9c8291-44b6-4606-8882-852327cf0a47,162,15399.77,debit,card,Suarez-Melton,posted,2026-09-10 08:21:22.532665
2849,1eb911df-75c8-4618-beef-8db0df74e60b,10,522.09,credit,transfer,"Mendez, Mitchell and Hall",posted,2026-09-10 08:21:22.534386
2850,b34d0281-3b2d-42cf-af8e-e161d78443ce,159,6399.30,credit,ussd,Martin Inc,posted,2026-09-10 08:21:22.536273
2851,d2c1ffc3-d472-41fe-aa4d-a43277df47fb,10,2262.50,debit,transfer,"Chapman, Johnston and Richards",posted,2026-09-10 08:21:22.537957
2852,b4e931a4-8fd9-49a6-a1cb-b9cf4a38706e,41,4602.29,debit,card,Torres-Palmer,posted,2026-09-10 08:21:22.539909
2853,ba2d4dad-5457-4693-ac6d-3203e353b06e,59,12526.17,credit,pos,Green-Bradford,posted,2026-09-10 08:21:22.541737
2854,d5c73e0b-0425-4cfa-b184-fccba0fea763,164,4571.92,credit,transfer,Robertson-Cohen,posted,2026-09-10 08:21:22.54327
2855,037e0413-a1e0-4519-aec6-a242f703c797,49,349.22,debit,transfer,"Tucker, Bridges and Guzman",posted,2026-09-10 08:21:22.545041
2856,c4ea7227-f546-472e-82d8-1253f8a1f5ed,135,13369.80,credit,ussd,Simmons-Johnson,posted,2026-09-10 08:21:22.546599
2857,23e844ca-d4e2-4b8c-85b8-97f205389ccd,191,17717.28,debit,transfer,Mcgee-Thompson,posted,2026-09-10 08:21:22.548164
2858,941eeaaa-971c-4a60-ab17-035921294125,119,16476.63,debit,pos,Jacobson-Howell,posted,2026-09-10 08:21:22.550189
2859,10e282a0-bcea-47f4-a8e4-6c91e0f5cab0,3,126.03,debit,pos,"Morrison, Owens and Douglas",posted,2026-09-10 08:21:22.552418
2860,35b2a50c-206a-45f7-b019-2b28106f8662,172,9835.94,credit,transfer,"Fleming, Durham and Bean",posted,2026-09-10 08:21:22.554454
2861,5b9cb6e7-2cde-40ff-ba39-e12e577bb1fa,66,12767.04,debit,pos,Schultz-Bell,posted,2026-09-10 08:21:22.556345
2862,14c8e13b-a83d-45ff-8c45-ded77a2ba201,58,4820.20,credit,ussd,Baxter-Lopez,posted,2026-09-10 08:21:22.558404
2863,a34238bc-ce34-4543-951b-2df424f92762,154,14571.28,debit,transfer,"Gonzalez, Ellison and Booth",posted,2026-09-10 08:21:22.560484
2864,ae687e0e-be03-408f-b150-b00bc0d65572,87,8950.34,debit,transfer,"Day, Oneal and Wise",posted,2026-09-10 08:21:22.56299
2865,c7f43703-e70c-4a54-96d0-57a0b1f11457,200,7725.20,debit,pos,Hart PLC,posted,2026-09-10 08:21:22.564536
2866,520f369c-e1e1-4f3b-b6f4-f6e5de9327c9,159,13156.30,debit,pos,"Wells, Valenzuela and Holt",posted,2026-09-10 08:21:22.566637
2867,c95266a1-d98c-42e3-848c-86dbcec32627,95,18546.26,credit,ussd,"Collier, Miranda and Bray",posted,2026-09-10 08:21:22.56873
2868,2febce7f-b63f-494b-92fa-04aa1730fc03,31,16599.89,credit,card,Park-Moss,posted,2026-09-10 08:21:22.570805
2869,4304256b-13f6-469c-9691-98e6a0ec53fd,9,9520.33,credit,card,Fisher PLC,posted,2026-09-10 08:21:22.572445
2870,83da5aa8-7bb6-458e-839c-ef757339988b,127,9977.53,debit,ussd,"Sweeney, Hart and Richardson",posted,2026-09-10 08:21:22.574753
2871,3dcb2518-9cbf-4f58-9606-4baffd84b3cf,122,19327.42,credit,transfer,"Tanner, Adams and Campbell",posted,2026-09-10 08:21:22.577418
2872,3a0f3aa1-9ab2-4017-910d-ccf88975e36c,18,7562.32,credit,card,Levine-Bates,posted,2026-09-10 08:21:22.579089
2873,732c2949-7305-46d9-82a8-944e62aec996,147,13485.43,credit,pos,"Short, Rodriguez and Moore",posted,2026-09-10 08:21:22.581034
2874,e3438452-9320-40eb-bf56-477e75da492b,129,10343.33,credit,card,Jones LLC,posted,2026-09-10 08:21:22.583128
2875,9159c563-fd05-4eec-ab02-223d767297eb,32,12149.95,debit,pos,"Sims, Vazquez and Davis",posted,2026-09-10 08:21:22.585153
2876,a6bcc42a-cd9b-4eb5-8f0c-eb9333cb5836,159,154.50,debit,card,Anderson-Moss,posted,2026-09-10 08:21:22.587178
2877,44589e8b-17c7-43d2-aef4-abaca2a5c1b9,116,5290.75,debit,card,"Smith, Marshall and Sanchez",posted,2026-09-10 08:21:22.589238
2878,776c14dd-4ad8-435e-ac64-e7f438605467,120,5797.18,debit,ussd,Brown-Wyatt,posted,2026-09-10 08:21:22.591133
2879,59c4760b-e8ad-438a-8294-df6191ce6278,112,1630.94,credit,card,Grant Group,posted,2026-09-10 08:21:22.593003
2880,210569ef-f5b9-4c77-8648-d2581484208a,155,3834.78,debit,pos,Shannon LLC,posted,2026-09-10 08:21:22.594739
2881,94717dcd-ef9d-41e4-8e61-1d391a599547,34,8911.15,credit,card,Morse and Sons,posted,2026-09-10 08:21:22.596426
2882,0f6466e6-1ca2-4fd8-900b-fe9ec4f0fc67,42,8446.84,credit,transfer,Lane-Robinson,posted,2026-09-10 08:21:22.598301
2883,3befe406-fc00-43d5-bd22-7404028e625d,23,3430.50,credit,card,Sparks-Snyder,posted,2026-09-10 08:21:22.600147
2884,2846717e-3566-4452-9788-aef745741860,99,4823.98,credit,card,Dickerson-Atkinson,posted,2026-09-10 08:21:22.602235
2885,7f50de60-c1a1-4048-aad9-7c3bbb881d12,132,8253.94,credit,pos,Schultz-Gardner,posted,2026-09-10 08:21:22.604578
2886,1cb1a2a0-a952-4857-86b1-ecec56b9e6ba,60,13655.70,credit,pos,Martin LLC,posted,2026-09-10 08:21:22.606498
2887,8af4bfc8-c938-4735-a7fe-902804787762,59,18144.00,credit,ussd,"Cummings, Mooney and Franklin",posted,2026-09-10 08:21:22.609061
2888,e460e645-ee3c-489c-8811-cdfe15705aae,54,4417.54,credit,pos,"Harvey, Sharp and Riley",posted,2026-09-10 08:21:22.611491
2889,1fe8bba7-b21a-4e27-baea-f9d56d7bf780,150,16126.88,debit,card,Olson and Sons,posted,2026-09-10 08:21:22.61344
2890,81c2531d-236c-4536-b701-03be33a50e6b,110,14010.00,credit,transfer,"Roberts, Martin and Warren",posted,2026-09-10 08:21:22.615836
2891,601edaa4-0b63-411d-a7ed-bade15b36743,192,18624.02,credit,card,Guerrero Group,posted,2026-09-10 08:21:22.61786
2892,71309d4b-ec75-49c7-8a3a-a667be9ec7d9,172,16889.11,credit,ussd,Wilson-Davidson,posted,2026-09-10 08:21:22.620197
2893,cdb7b9b1-da18-4985-9c41-f174bde5c697,38,7033.78,credit,transfer,Gray PLC,posted,2026-09-10 08:21:22.622046
2894,eb28b308-e005-4620-970f-5d538885d10b,179,3766.06,credit,pos,Long-Bailey,posted,2026-09-10 08:21:22.624069
2895,c133f121-b22d-4ad8-af34-1306d2ff415d,41,14770.94,debit,transfer,Hampton Inc,posted,2026-09-10 08:21:22.626436
2896,4baee9c7-3bdb-4c83-a51e-d78a8790d5bc,157,9640.18,debit,card,Lewis-Cooke,posted,2026-09-10 08:21:22.628765
2897,e91bd20a-dcce-446e-9f50-98c6857a5b4d,121,18233.84,credit,ussd,Nelson Group,posted,2026-09-10 08:21:22.63077
2898,a8ef4299-8621-4f31-a9da-66671ffc91b2,103,2028.54,credit,transfer,Schneider Inc,posted,2026-09-10 08:21:22.632926
2899,d537c039-c6c0-4a4f-9f9f-77b0bbf9065a,173,17503.40,debit,pos,Holloway LLC,posted,2026-09-10 08:21:22.634608
2900,7e2f496a-af37-4da4-bec1-e993047ae596,146,17951.23,credit,ussd,Jordan PLC,posted,2026-09-10 08:21:22.636512
2901,7342afcd-8424-4ccd-a99a-526a10dafd66,176,18339.19,credit,pos,"Perez, Marquez and Griffin",posted,2026-09-10 08:21:22.638683
2902,5eac7ca9-72a4-44e7-8fb9-f661c281932f,30,14594.83,credit,transfer,"Brooks, Henderson and Briggs",posted,2026-09-10 08:21:22.641079
2903,9ee3078d-7201-4914-8717-5845d3c36708,94,15526.86,debit,ussd,"Miller, Steele and Martin",posted,2026-09-10 08:21:22.643134
2904,d4ef0bfa-9d41-4aa1-8266-bbbf485e8a5d,112,3467.77,debit,card,Ballard-Weber,posted,2026-09-10 08:21:22.644913
2905,12c7e910-dd25-40e5-ba4b-5ab4fc5b1c26,30,5961.84,debit,ussd,Collins Ltd,posted,2026-09-10 08:21:22.646562
2906,36db7c33-f031-44c9-b31d-e94d18b9121e,198,4085.70,credit,pos,"Dixon, Barton and Harris",posted,2026-09-10 08:21:22.647875
2907,7419118a-6c4f-4d31-aaa8-e9fed8a3f5f4,89,12512.86,credit,card,"Smith, Green and Marshall",posted,2026-09-10 08:21:22.649756
2908,10758104-cc64-4caf-9a22-b8ab211e535e,132,5458.74,credit,pos,"Patterson, Gibbs and Webb",posted,2026-09-10 08:21:22.651572
2909,60aef516-de9e-4df3-ab17-ee4e1b8103a1,100,16270.51,debit,pos,"Torres, Goodman and Jones",posted,2026-09-10 08:21:22.653433
2910,5a805486-8924-4af0-b126-4931cf4884c0,146,6288.79,debit,ussd,Cooper-Everett,posted,2026-09-10 08:21:22.655196
2911,d3a6122d-89e9-4223-8438-12a50496caa3,168,11587.89,credit,pos,Pham-Smith,posted,2026-09-10 08:21:22.656929
2912,24476512-b27d-4d6b-bd23-66e8cd140276,159,18251.36,debit,card,"Madden, Rowe and King",posted,2026-09-10 08:21:22.658944
2913,3e7df5dc-0ea1-436a-8fa3-5e882d3cce2e,122,7746.65,credit,card,"Burnett, Hill and Baker",posted,2026-09-10 08:21:22.660993
2914,98c4d163-8dce-441d-8fe6-abaaa2af44c2,199,4237.49,debit,pos,"Rose, Snyder and Bryant",posted,2026-09-10 08:21:22.663066
2915,aae35030-62fe-4906-9f62-e3ca03d3ad7b,16,17328.78,debit,ussd,Gardner-Singleton,posted,2026-09-10 08:21:22.664714
2916,b643da46-aec9-42c6-99ca-817499dbb3e4,123,19237.32,debit,transfer,Hansen Inc,posted,2026-09-10 08:21:22.666235
2917,c559f7cf-4d65-42f2-85f8-06111295e994,95,3343.53,credit,pos,"Gonzalez, Vaughn and Rush",posted,2026-09-10 08:21:22.668244
2918,760967ff-023a-4eb5-b947-c9a196d1c54d,78,1598.03,credit,pos,Cole PLC,posted,2026-09-10 08:21:22.670009
2919,d7881d67-f7db-411e-9f40-936c87d6b2d3,10,7810.28,credit,transfer,Burke-Patel,posted,2026-09-10 08:21:22.671662
2920,7176db2f-5897-4991-baa3-23c0bdd7a5bd,20,3404.19,debit,card,Flores Group,posted,2026-09-10 08:21:22.673237
2921,ea3d0e01-71e2-4411-9808-b6e13400889d,95,8489.44,debit,card,"Perkins, Miller and Harrison",posted,2026-09-10 08:21:22.674797
2922,af6cdce9-1b42-426e-a985-4bee8704438f,21,11890.30,credit,ussd,Griffin LLC,posted,2026-09-10 08:21:22.67615
2923,664736aa-ad84-499d-bad8-59533b18689d,8,3225.01,credit,transfer,"Morrison, Schmidt and Whitehead",posted,2026-09-10 08:21:22.677961
2924,c0b442ae-7d69-4f65-8a08-74105a5cb675,114,4758.96,debit,ussd,Hampton-Dillon,posted,2026-09-10 08:21:22.679509
2925,2db12e16-3f90-427e-ad92-102b0f181a75,132,12168.57,credit,transfer,"Warren, Ferguson and Shah",posted,2026-09-10 08:21:22.681302
2926,3f16b056-ca29-4a49-a5ef-ac7195ebf496,49,4599.44,credit,ussd,Johnson PLC,posted,2026-09-10 08:21:22.682687
2927,8fd43f44-b35a-425c-a777-68cfa08c9b9e,86,14864.56,credit,card,Taylor-Sanchez,posted,2026-09-10 08:21:22.684401
2928,da66ccaa-4f0c-4287-b70b-cf93abf627f5,109,10544.81,credit,card,Pham Group,posted,2026-09-10 08:21:22.685947
2929,f968e594-1c3d-4cf4-9388-5535fa16f37c,52,8526.66,credit,pos,Ford PLC,posted,2026-09-10 08:21:22.687514
2930,adf5ae4b-1d34-4614-8dbc-27e0ee45b682,188,7754.20,credit,pos,Horton PLC,posted,2026-09-10 08:21:22.688995
2931,da598780-85b0-46bd-989d-114455cddab9,148,10674.49,credit,transfer,Murphy Ltd,posted,2026-09-10 08:21:22.690331
2932,455a15fe-1092-4c0a-bdb2-b3a7b2431995,188,1997.03,debit,transfer,Brown LLC,posted,2026-09-10 08:21:22.691946
2933,7ca2f907-323f-482b-b753-42b690fe206c,120,11170.33,credit,ussd,Lara-Johnson,posted,2026-09-10 08:21:22.693508
2934,96d4a341-4597-4ead-9731-bf53977b8d36,22,7030.41,debit,ussd,Murphy-Mullins,posted,2026-09-10 08:21:22.695139
2935,77e6d53d-eb2a-4280-ac20-0a6ec3239b1f,195,15874.21,credit,pos,Adams Group,posted,2026-09-10 08:21:22.696528
2936,217cf421-dce1-469a-b535-663432db00c1,98,8853.83,credit,transfer,Ware-Davis,posted,2026-09-10 08:21:22.697957
2937,e3856e1a-60e7-48aa-85dd-0a4e8c147ff5,112,12490.80,debit,ussd,Rush Ltd,posted,2026-09-10 08:21:22.699613
2938,10e790f6-434e-4709-ad28-996e803497d7,68,19691.47,credit,card,Lopez-Ramirez,posted,2026-09-10 08:21:22.701401
2939,65c47b45-9f36-447b-9b4e-07f06c04403c,1,8851.63,credit,transfer,"Jackson, Young and Crawford",posted,2026-09-10 08:21:22.703489
2940,9f61990d-4b85-4b2f-b23e-6c7d2d50195b,100,17493.20,credit,card,"Smith, Serrano and Beard",posted,2026-09-10 08:21:22.705669
2941,4b2af2cb-e42c-4f7a-a087-d6028fdd1a59,36,2923.77,credit,card,Richardson-Brandt,posted,2026-09-10 08:21:22.707616
2942,c9c8ebff-154e-4ca8-96c1-1b2d517043a2,176,1311.63,debit,transfer,Mcdonald Group,posted,2026-09-10 08:21:22.709253
2943,72148e40-a589-4f97-b8b2-c0ed19d41545,94,11791.64,debit,pos,"Powers, Mckinney and Ruiz",posted,2026-09-10 08:21:22.710947
2944,9768e26e-1300-408e-8219-36bd0cac339d,73,19574.57,credit,card,"Mcintyre, Hodges and Fuller",posted,2026-09-10 08:21:22.712567
2945,7eb46ae1-7a8e-4ca3-99f2-b0f6dfb68d1b,53,17124.20,debit,pos,Cook-Benson,posted,2026-09-10 08:21:22.714297
2946,7cf42487-967b-4c77-b751-ef7ee7fec09b,29,655.05,credit,pos,Love-Woods,posted,2026-09-10 08:21:22.716311
2947,7a0d616b-b0df-4424-9523-7915e59ed468,104,7417.98,debit,transfer,Richardson-Brown,posted,2026-09-10 08:21:22.718198
2948,dc7dd44d-747f-4e7b-9f49-4392ca6a8c58,130,9776.93,debit,ussd,Garza LLC,posted,2026-09-10 08:21:22.719826
2949,bc13bbfe-b822-4ac4-b532-59b0d363d0d8,6,19854.17,credit,ussd,Merritt-Garcia,posted,2026-09-10 08:21:22.721461
2950,34c4bc57-ed1e-4b15-bdbb-45c6549d47df,8,3621.86,credit,ussd,Sanchez-Glass,posted,2026-09-10 08:21:22.723175
2951,15874aab-65d8-4a12-919d-6ede1b4bd5b6,36,16099.66,credit,card,Phelps Ltd,posted,2026-09-10 08:21:22.725046
2952,d40223d7-90d1-42ff-9095-ed73218b29f8,155,8331.79,debit,transfer,Hernandez and Sons,posted,2026-09-10 08:21:22.726883
2953,3b80370f-f268-4754-921f-fd0e83f44171,179,11173.95,debit,pos,"Hooper, Schwartz and Moss",posted,2026-09-10 08:21:22.728507
2954,2b7e57a6-ebcc-4e87-b564-76e9682b29b1,23,8732.73,credit,transfer,"Davis, Benson and Skinner",posted,2026-09-10 08:21:22.73034
2955,32702766-c09e-4e3d-9a48-315229789ab1,77,16121.83,debit,pos,Chavez Inc,posted,2026-09-10 08:21:22.732155
2956,4beeec48-0d15-4c02-9182-89f480c0c52f,20,10510.81,credit,card,Johnson Ltd,posted,2026-09-10 08:21:22.733643
2957,9ac3e85f-99da-4a84-b25c-ff9235a7a565,117,5436.41,debit,pos,Robinson-Santos,posted,2026-09-10 08:21:22.73579
2958,0283d8be-40d4-46bc-9a00-923b3a3b36ce,178,12300.16,debit,ussd,Ware-Perry,posted,2026-09-10 08:21:22.737377
2959,ce53f3c1-8644-4a21-9baf-d6b278b90563,39,10884.68,debit,transfer,Martinez-Herring,posted,2026-09-10 08:21:22.739174
2960,1559c415-cd39-4b89-ab4b-658e8fdb0322,69,17096.75,debit,transfer,Curtis and Sons,posted,2026-09-10 08:21:22.739995
2961,36681856-b73d-4e9d-b4f2-54cdc60e1ed7,103,18727.16,debit,transfer,"Wilson, Duke and Carpenter",posted,2026-09-10 08:21:22.742352
2962,d9fa04e5-4118-49b7-809a-e7bb986a0248,109,76.84,debit,card,Flores Inc,posted,2026-09-10 08:21:22.744092
2963,a70cedf7-b43a-4134-bef5-dd7f70f24737,61,761.34,credit,card,Scott LLC,posted,2026-09-10 08:21:22.746206
2964,41b74498-aa53-4180-ab10-d00c2cddf87d,65,9517.32,credit,ussd,Martin LLC,posted,2026-09-10 08:21:22.748053
2965,a7231873-8572-4bf4-9e9f-eaa5ddebfdd3,70,17267.05,credit,ussd,West-Torres,posted,2026-09-10 08:21:22.749874
2966,1ccba998-afc0-49d8-8623-6af32a6dd0fc,27,12004.73,credit,ussd,Gonzalez-Gonzalez,posted,2026-09-10 08:21:22.751849
2967,7641c4c4-9fbb-4164-9d08-3022ef4f38d5,85,6508.48,credit,card,Blake-Bennett,posted,2026-09-10 08:21:22.754072
2968,35c58768-58ea-4096-9624-6a756932844a,164,9083.06,credit,pos,Fernandez-Cook,posted,2026-09-10 08:21:22.756056
2969,83c5eb66-9d00-46b6-b258-f64bbfba4cbd,99,4437.24,debit,card,Ramos-Lee,posted,2026-09-10 08:21:22.757755
2970,e95bcdf7-8338-44fe-b091-c24831d0fffd,106,14153.38,credit,ussd,Baldwin LLC,posted,2026-09-10 08:21:22.759626
2971,19adb787-1239-4074-8ab5-e46aa06c8c77,27,15664.48,credit,pos,Holmes Inc,posted,2026-09-10 08:21:22.761454
2972,66ea7b43-6fff-4020-b5db-fcf5e7bb8844,154,15989.13,debit,card,"Turner, Gilbert and Baker",posted,2026-09-10 08:21:22.763277
2973,e8fcaf40-6942-435b-baab-83b25e072eca,130,2629.26,credit,transfer,"Valentine, Lewis and Hamilton",posted,2026-09-10 08:21:22.764962
2974,8fa8b886-0da9-4132-9184-1b6e147813ec,173,7452.77,debit,ussd,Williams PLC,posted,2026-09-10 08:21:22.76683
2975,548317e0-7abd-43ef-9667-9cb9a97a87f3,29,12183.55,debit,ussd,Mcmahon-Hicks,posted,2026-09-10 08:21:22.768785
2976,68489d54-5a9c-4ed7-842a-f353d4672449,61,16483.93,debit,ussd,Brown-Wilson,posted,2026-09-10 08:21:22.770863
2977,36143fae-451e-4701-bbd7-2185e67dd5da,126,14682.18,debit,card,"Wilson, Mckinney and Ross",posted,2026-09-10 08:21:22.773339
2978,dce2ed12-2bc2-405b-b32c-bce357a39e09,174,11180.92,debit,pos,Harvey-Holland,posted,2026-09-10 08:21:22.775288
2979,8abda666-af02-41ab-b747-ccd89835c98a,3,16694.89,credit,ussd,Williams and Sons,posted,2026-09-10 08:21:22.777276
2980,1ca65700-4ac0-4e62-8679-d3a800e07e70,96,6780.07,debit,ussd,Mays PLC,posted,2026-09-10 08:21:22.77908
2981,1a252105-5f99-4540-9679-f0c020f16982,99,2914.01,debit,ussd,Harris-Dorsey,posted,2026-09-10 08:21:22.780723
2982,21a0749f-5e80-409b-b124-e93c8395fb90,164,12520.66,debit,ussd,Conrad-Smith,posted,2026-09-10 08:21:22.782488
2983,f26aae5b-f674-4c4b-9f8a-62811cb5939c,10,3296.89,credit,card,Bradley and Sons,posted,2026-09-10 08:21:22.784326
2984,721111a1-0af6-4b8e-b279-23b2e69410bb,174,8041.47,debit,ussd,"Peters, Stuart and Hartman",posted,2026-09-10 08:21:22.785739
2985,beb251e3-24ab-4d36-9688-e312eb9dc880,34,18296.25,debit,ussd,"Thomas, Cole and Davis",posted,2026-09-10 08:21:22.787736
2986,adf737a3-fb5f-4e56-aa3b-e762903774db,103,14753.97,credit,card,Bell and Sons,posted,2026-09-10 08:21:22.78976
2987,7708f470-ceee-4fcb-ac08-9b2ebb30a886,51,12835.72,credit,card,White Ltd,posted,2026-09-10 08:21:22.791592
2988,8f44674b-0018-4264-bb50-96aa0ab02342,158,15030.77,debit,pos,Martinez-Smith,posted,2026-09-10 08:21:22.792739
2989,94db89e2-d272-4eb8-9965-99316f54c893,5,12363.86,debit,transfer,Thornton-Nguyen,posted,2026-09-10 08:21:22.794676
2990,ebf9d932-ce46-4ebf-b35a-9bf44e98030b,183,2489.76,credit,pos,Anderson-Jimenez,posted,2026-09-10 08:21:22.796672
2991,292b3e5e-cc2b-4116-8745-9c1e11352b38,72,296.94,debit,ussd,Carson Group,posted,2026-09-10 08:21:22.79874
2992,af795c5e-809e-4bc4-a87a-cc88036e5cf5,168,16306.91,debit,ussd,"Lopez, Ramirez and Howard",posted,2026-09-10 08:21:22.800705
2993,4ba7060c-8b8b-4485-9806-65be62ef0099,111,10251.07,credit,transfer,Key Group,posted,2026-09-10 08:21:22.802189
2994,be0700c2-6f04-4b7b-97cc-a8df8e3dfb82,185,18022.68,credit,card,Weaver Inc,posted,2026-09-10 08:21:22.803513
2995,826206ee-911f-453b-a807-10a19c25a5ad,161,14761.91,debit,card,Bentley-Pierce,posted,2026-09-10 08:21:22.805441
2996,971487e3-899b-4610-8c47-0a370dd95388,56,1375.96,credit,pos,Bray PLC,posted,2026-09-10 08:21:22.807035
2997,d18aeee6-415c-47cd-b739-cd6b80f16a4a,165,5969.61,debit,ussd,"Kennedy, Salas and Ramirez",posted,2026-09-10 08:21:22.809223
2998,3cda2eef-167c-4cb5-a018-e131cce7a16d,133,10975.75,credit,ussd,"Smith, Elliott and Morton",posted,2026-09-10 08:21:22.811166
2999,ed41ab0d-1181-4ac9-b828-08c7ef3b58fa,99,16871.23,debit,pos,Molina PLC,posted,2026-09-10 08:21:22.812556
3000,d4b24355-f1aa-48c6-aa67-500f99af34e3,130,2678.71,debit,pos,Cardenas-Smith,posted,2026-09-10 08:21:22.814492
3001,97da3bcf-b3b3-412d-8012-2b1d842096c2,61,618.49,credit,card,Petersen-Franco,posted,2026-09-10 08:21:22.815899
3002,24543548-f4c2-43c6-9f86-40f1f729262a,93,3146.62,credit,pos,Miller LLC,posted,2026-09-10 08:21:22.817592
3003,90613619-b0ca-442a-9ace-dfb52bf68059,19,13027.53,credit,transfer,"Davis, Martinez and Davis",posted,2026-09-10 08:21:22.819466
3004,282553ed-237f-4dde-b52f-18e3166e0a4f,68,7087.61,debit,ussd,Leonard Group,posted,2026-09-10 08:21:22.821432
3005,844372e1-99c9-4b14-b117-2a7da4f912ec,186,12619.28,debit,pos,Mata Inc,posted,2026-09-10 08:21:22.823277
3006,fb87328a-8369-47ed-9a5a-dc40e1941708,109,1829.87,credit,pos,Obrien PLC,posted,2026-09-10 08:21:22.825225
3007,8aff2307-c4e4-4163-a633-dd1dc9f5e8c9,129,3655.15,debit,card,"Hunt, Jimenez and Washington",posted,2026-09-10 08:21:22.827438
3008,1eee169f-5fc5-492b-b5e2-313161ae4743,152,13795.18,debit,card,Lutz-Jones,posted,2026-09-10 08:21:22.829421
3009,01f9467a-e696-4248-a572-9d50ceb8793f,79,19071.52,credit,transfer,Newton Group,posted,2026-09-10 08:21:22.831293
3010,75d06240-6e1a-4d21-a8c2-442f54a14523,20,3341.27,debit,card,Allen PLC,posted,2026-09-10 08:21:22.833168
3011,f4bab300-5303-4a59-bf83-40c2eea753ef,148,15617.74,debit,ussd,Fuentes Ltd,posted,2026-09-10 08:21:22.8351
3012,4184d71d-af0d-4c68-ae9a-267c4e501e41,51,13831.63,debit,transfer,Simpson PLC,posted,2026-09-10 08:21:22.836977
3013,9624eb53-532a-4db8-8743-5432405b3bc9,84,14162.22,debit,transfer,"Thomas, Thompson and Ward",posted,2026-09-10 08:21:22.839127
3014,1b0274c6-844d-4303-8518-f0fe363aeb06,107,747.13,credit,pos,Webb Group,posted,2026-09-10 08:21:22.841322
3015,c2d97886-6be8-46e4-9e3e-ed0b6b4d242e,178,16048.31,debit,ussd,"Baker, Murphy and Abbott",posted,2026-09-10 08:21:22.843401
3016,ba64de80-eaea-4006-99cc-4fc78678d21c,113,7028.98,debit,pos,Garcia-Gonzalez,posted,2026-09-10 08:21:22.845135
3017,65b564cb-7697-4082-8419-7887789b562c,54,19495.56,credit,transfer,"Edwards, Watts and Bryant",posted,2026-09-10 08:21:22.847099
3018,0d3b2ad8-a749-4eee-8a49-af3f7aa0f92e,29,5955.01,credit,transfer,"Adkins, Cook and Sanders",posted,2026-09-10 08:21:22.849273
3019,010a0296-48f8-427f-8c64-45ce199c35d7,106,4785.83,debit,card,Fitzpatrick-Melendez,posted,2026-09-10 08:21:22.851268
3020,35d7c655-4a54-4472-b6d6-4e4ecde8910e,51,7449.79,debit,transfer,Strickland Inc,posted,2026-09-10 08:21:22.853267
3021,e10d66d9-2ab8-49dd-9cc7-a4495fe9b2a4,182,19575.86,credit,pos,Gill-Coleman,posted,2026-09-10 08:21:22.855302
3022,f012537f-33e5-4e22-83b7-76be3fd08887,177,19510.13,debit,card,"Mitchell, Pierce and Kennedy",posted,2026-09-10 08:21:22.857535
3023,3cee7f81-c196-4e45-b2af-a6685325aed3,192,12966.88,credit,card,"Matthews, Keith and Rojas",posted,2026-09-10 08:21:22.859687
3024,584a023f-847c-4028-8696-7c15522b4fad,186,1855.54,credit,ussd,Parks LLC,posted,2026-09-10 08:21:22.861474
3025,5d07ac31-fde7-4000-a910-852fef718373,184,12584.19,credit,card,Santos-Smith,posted,2026-09-10 08:21:22.863415
3026,9d521ede-1dbe-4a0d-9533-7a93c93b8792,155,7484.55,debit,transfer,Griffin LLC,posted,2026-09-10 08:21:22.865031
3027,1f9cf807-ab8e-4341-9ab5-aef47747468f,198,2448.05,debit,ussd,"Mcdonald, Contreras and Cross",posted,2026-09-10 08:21:22.86719
3028,aac690fb-f0a6-4e34-b206-e06fd0bb9574,98,11863.07,credit,card,Walker Inc,posted,2026-09-10 08:21:22.869254
3029,48ed9aa7-3ebb-458b-9519-117a1b815a3e,96,8782.21,debit,card,"Hendrix, Burton and Evans",posted,2026-09-10 08:21:22.87133
3030,af4279c3-9636-4312-89f0-1bcf6d6cf9a8,165,17287.15,credit,transfer,Hunt Ltd,posted,2026-09-10 08:21:22.873176
3031,2998df8b-4dfc-4dd7-a45d-de2e89b4142c,139,4522.28,debit,transfer,"Morrison, Jackson and Schneider",posted,2026-09-10 08:21:22.875732
3032,e289f023-d3e3-4f49-951f-157d1a7899c2,187,14836.27,debit,transfer,Beck-Hobbs,posted,2026-09-10 08:21:22.87766
3033,1e428853-d49c-423f-ac32-804ea7ef6048,92,18744.60,debit,pos,Dillon Ltd,posted,2026-09-10 08:21:22.879513
3034,6f3502c0-e031-451c-8c53-888fb44ff12c,133,2427.12,credit,ussd,Schaefer-Callahan,posted,2026-09-10 08:21:22.881582
3035,d7672cf0-b583-4301-a5eb-0faf726e176d,53,15286.16,debit,pos,Jackson PLC,posted,2026-09-10 08:21:22.883406
3036,984afa3d-69ce-4541-8c2a-2d32e770a606,154,4261.10,debit,ussd,Friedman-Riddle,posted,2026-09-10 08:21:22.885398
3037,db6874c1-31d1-40e3-902d-6f684d43e7bc,53,653.49,credit,pos,York-Houston,posted,2026-09-10 08:21:22.887347
3038,f0124d04-5d63-41fd-8c6c-2d33b42617b4,154,9485.99,credit,card,"Sawyer, Buchanan and Wells",posted,2026-09-10 08:21:22.88949
3039,80e3aae2-14f0-4e02-8af7-51af3f20d6ff,44,18887.47,debit,card,Morgan LLC,posted,2026-09-10 08:21:22.891276
3040,d2688d5f-b695-496a-a65f-527358f2e019,194,189.59,debit,pos,Ramirez-Young,posted,2026-09-10 08:21:22.893257
3041,ef961314-3a02-428c-a33a-d7a4d8c570e4,196,18488.32,debit,ussd,Bryant and Sons,posted,2026-09-10 08:21:22.894969
3042,baaa659f-633d-4bac-bbe7-37b78e1d7ba3,99,13841.73,debit,pos,Brooks Inc,posted,2026-09-10 08:21:22.897123
3043,ad0dada4-2f7d-4d1e-8c5d-b558a6655fbf,161,14592.97,debit,card,Bennett-Shepard,posted,2026-09-10 08:21:22.898849
3044,51dd7950-983e-48d3-a7d4-b81768f6b9f2,93,19452.84,debit,card,Adkins-Meyer,posted,2026-09-10 08:21:22.900791
3045,c4e34d0c-732b-492e-a1b0-16df49425218,190,5859.38,debit,ussd,Wright Group,posted,2026-09-10 08:21:22.902495
3046,6f676c85-ccc3-495b-8894-ba8eb9f63462,103,18436.32,credit,pos,"Peterson, Hopkins and Mathis",posted,2026-09-10 08:21:22.904413
3047,48209cab-fd62-4c1e-a38f-145a6c0259c6,36,19335.10,credit,card,"Callahan, Sims and Tran",posted,2026-09-10 08:21:22.906318
3048,26b4fe9d-74b2-459e-a00f-dc91c9564811,179,3655.01,credit,card,Hodges LLC,posted,2026-09-10 08:21:22.908109
3049,234c8d4d-f124-4a1c-b5e3-ef070697bd61,59,2872.76,credit,transfer,"Nguyen, Murray and Graham",posted,2026-09-10 08:21:22.910409
3050,6e97940d-6e96-4553-9a03-ae06b655310c,182,11633.17,debit,pos,Morgan Ltd,posted,2026-09-10 08:21:22.912114
3051,9486e9be-4e73-4100-9bf9-28eaf4856d1a,44,19069.63,debit,transfer,"Lamb, Bates and Barnett",posted,2026-09-10 08:21:22.913881
3052,5189d7ba-2ce9-4986-bf59-2fa517ad3712,24,13257.83,debit,pos,Lynch-Gardner,posted,2026-09-10 08:21:22.916035
3053,f965077a-17b4-48c0-ad25-d701fe02bb9b,53,247.76,debit,transfer,Jarvis-Hanson,posted,2026-09-10 08:21:22.917876
3054,44377f0e-f0c9-4b41-ac92-8253d16e38e3,119,7997.65,credit,card,"Coleman, Holt and Rubio",posted,2026-09-10 08:21:22.919912
3055,0b95341b-5673-48f1-b581-145a3f1dfa70,119,8078.51,credit,transfer,Poole PLC,posted,2026-09-10 08:21:22.921441
3056,a9cec447-24cb-4acf-b5e6-6ff276bca2be,166,19604.51,credit,pos,Mayo-Montoya,posted,2026-09-10 08:21:22.923222
3057,433b5c4e-3345-4352-a37c-4a12c1c3b571,193,1602.69,credit,ussd,"Dunn, Nguyen and Knight",posted,2026-09-10 08:21:22.924963
3058,a1adbc57-af2f-4c3a-b44e-5bb852a4172a,128,13826.77,debit,transfer,Marshall-Blair,posted,2026-09-10 08:21:22.92667
3059,864fabff-1af0-4392-801f-aafcdda9c0d1,169,19320.07,debit,transfer,Brown-Martinez,posted,2026-09-10 08:21:22.928287
3060,38c30560-2758-4a4b-876b-466f26968a22,69,9233.90,credit,transfer,"Bruce, Thomas and Pham",posted,2026-09-10 08:21:22.930158
3061,981dd3cc-ef35-4dfa-8b14-3700d5718d0a,59,19926.31,credit,transfer,Duncan-Wallace,posted,2026-09-10 08:21:22.931992
3062,57c8a9b2-d660-4590-af85-2b981e2d8d04,22,17028.72,credit,ussd,Landry PLC,posted,2026-09-10 08:21:22.933486
3063,17f6dcf1-e856-4916-93b4-7c67fcf1ecd2,175,18430.00,debit,card,Roman-Campbell,posted,2026-09-10 08:21:22.935224
3064,74551149-2882-449d-aaa7-9bc56a20d1c3,36,15011.71,debit,card,Davis-Foster,posted,2026-09-10 08:21:22.936851
3065,f4b2ec78-df14-4d67-bb27-7f4b7a2a157b,129,18158.08,credit,ussd,Green LLC,posted,2026-09-10 08:21:22.938592
3066,4419b62f-f908-43a3-837e-4695b94f2e62,85,9136.43,credit,card,Stewart LLC,posted,2026-09-10 08:21:22.940268
3067,e29e6515-a75e-4073-8b09-7ddee3dd122a,23,13015.80,debit,card,Smith Inc,posted,2026-09-10 08:21:22.941981
3068,e0b769d6-d106-47f1-8e43-c75611c32f2a,64,4786.35,debit,card,Williams-Guzman,posted,2026-09-10 08:21:22.943771
3069,d0ef9506-f121-47c2-a7b3-856aacc5f7ff,110,18343.44,credit,transfer,Thomas-Moreno,posted,2026-09-10 08:21:22.945557
3070,87750313-2b93-4e84-9aa0-e2268bcbd13b,188,18625.05,debit,pos,Foster and Sons,posted,2026-09-10 08:21:22.947249
3071,fa460264-b933-4c44-8956-271678d64240,61,7651.90,debit,ussd,Pruitt-Gordon,posted,2026-09-10 08:21:22.948912
3072,eb81f365-d2a1-4849-bd54-b2a83b1978eb,65,10316.46,debit,transfer,Clark-Stewart,posted,2026-09-10 08:21:22.950702
3073,71896b98-bbb6-445f-bf23-1f0f7d2d2bff,126,5498.84,credit,transfer,"Mcguire, Houston and Stewart",posted,2026-09-10 08:21:22.952548
3074,c7e06987-eb71-4f32-bd54-caa653b027ef,75,10073.75,debit,ussd,Neal-Williams,posted,2026-09-10 08:21:22.954328
3075,c824a7d7-7f8c-418d-8b94-075af268fa62,117,7365.59,credit,ussd,"Bryant, Campos and Yoder",posted,2026-09-10 08:21:22.956287
3076,c1acbc96-31c0-477f-8609-232c2d8222ca,187,18175.50,credit,card,White and Sons,posted,2026-09-10 08:21:22.957756
3077,76683551-f309-43e3-a2dd-332b6e03a4c3,71,19634.93,debit,ussd,Short and Sons,posted,2026-09-10 08:21:22.959462
3078,53182bfc-440f-41dc-8fad-8af6be6dab29,13,15801.87,debit,transfer,"Henderson, Jackson and Porter",posted,2026-09-10 08:21:22.961107
3079,e7c00f4f-5478-45d4-b1f7-f7c7f290ef34,136,7358.33,credit,ussd,"Mitchell, Murphy and Porter",posted,2026-09-10 08:21:22.963171
3080,53240e96-eee9-431a-9cc1-93477f14a645,9,8289.33,debit,card,Lee-Manning,posted,2026-09-10 08:21:22.965283
3081,4b65f9e3-3b1f-41c9-a2f8-c935fafde9c2,169,10607.86,debit,card,"Lynch, Tran and Larson",posted,2026-09-10 08:21:22.967491
3082,a8ead732-1644-4a95-9661-81a9dc0f7c0c,15,14419.78,credit,transfer,"Ray, Franklin and Crawford",posted,2026-09-10 08:21:22.969448
3083,bb553b32-7b7a-4ffb-867c-7d5d06d404db,159,2014.88,debit,transfer,Martinez-Wilson,posted,2026-09-10 08:21:22.971589
3084,30cdf7dd-69f0-45c6-b1d6-5e52cae20204,11,10044.16,debit,transfer,Boyer-Pennington,posted,2026-09-10 08:21:22.97357
3085,35be6cc6-6a74-4616-9c5b-a9837bf88e09,193,15590.88,debit,ussd,Stokes-Cain,posted,2026-09-10 08:21:22.975678
3086,e5ccec2d-0c59-4b25-99ac-39f79371dee8,157,19530.55,credit,transfer,"Brown, West and Decker",posted,2026-09-10 08:21:22.977777
3087,0be467d4-d694-47e7-b892-b651c6252bfa,31,11971.68,debit,transfer,"Mccoy, Burgess and Good",posted,2026-09-10 08:21:22.979881
3088,45fa707a-6b11-4e9d-8d71-3142dba50ecb,106,16845.35,credit,card,Sanchez Group,posted,2026-09-10 08:21:22.981709
3089,18e819ac-720e-43cc-8e2a-4867bee06bd4,40,13397.40,credit,ussd,Sweeney-Davis,posted,2026-09-10 08:21:22.98351
3090,5e6b60bf-4a30-40ca-84b8-36cfcff34670,30,10141.77,credit,transfer,Ramos-Gilmore,posted,2026-09-10 08:21:22.985413
3091,521add32-c2eb-40f7-996c-2d0317c7cf1e,57,17009.47,credit,pos,Ward-Yates,posted,2026-09-10 08:21:22.987369
3092,cbda1e39-ed78-47e7-9f25-a44a0c08d874,67,8333.37,credit,pos,"Oconnor, Perez and Nelson",posted,2026-09-10 08:21:22.989286
3093,76b11063-443d-4b83-b83b-2ba71cbde1a8,186,9137.48,credit,pos,Jenkins Inc,posted,2026-09-10 08:21:22.991179
3094,a84a5a70-6fe3-491c-8bd6-db879b66faba,69,4087.32,debit,card,Davis-Ross,posted,2026-09-10 08:21:22.99319
3095,fb018339-a6bf-4c64-987d-a966ba146b15,127,3142.09,credit,ussd,"Allen, Thompson and Walker",posted,2026-09-10 08:21:22.995195
3096,92730529-74de-4ef9-829a-d57cb12272ff,119,16948.10,credit,ussd,Hatfield Group,posted,2026-09-10 08:21:22.997164
3097,9e60a404-478d-4b09-94a3-303be77cdc2d,26,13483.07,credit,ussd,Rangel PLC,posted,2026-09-10 08:21:22.999013
3098,06beab7d-218b-45e5-ba01-2bd2b2470f87,40,4876.70,debit,transfer,"Fields, Mckinney and Collins",posted,2026-09-10 08:21:23.000916
3099,e8ea24b1-3cb8-4209-a78c-d3c9e73888ee,189,10482.15,credit,transfer,Wiley PLC,posted,2026-09-10 08:21:23.00256
3100,5f407ec1-46c4-4d34-b5d6-73fbc4fbbeeb,140,6696.46,credit,card,Gregory-Maldonado,posted,2026-09-10 08:21:23.004413
3101,f0430eee-8b50-4e9b-be06-5b56197c2e23,197,9977.03,credit,card,"Frank, Torres and Mitchell",posted,2026-09-10 08:21:23.006372
3102,c21d6a95-ae2e-400a-9abb-8c4cd00dd7d1,200,15698.79,debit,pos,Martin LLC,posted,2026-09-10 08:21:23.008265
3103,dfb33cae-2dad-4314-bc35-06e9eba58d39,43,18937.74,debit,ussd,Martin-Yang,posted,2026-09-10 08:21:23.010236
3104,c9141e81-50f0-48ea-842e-b3f4ff3aeb45,39,15722.72,debit,ussd,"Johnson, Kim and Miranda",posted,2026-09-10 08:21:23.012404
3105,934b7cb7-391b-4729-8e98-9eed56fd3324,190,4607.42,debit,transfer,Bennett PLC,posted,2026-09-10 08:21:23.01475
3106,a67d9ed2-dfc9-4de4-b564-e6a45b597477,159,9466.97,debit,card,Carey-Coleman,posted,2026-09-10 08:21:23.016489
3107,cffebaa0-d578-463a-8685-e7cee43d0b3c,177,3997.40,debit,pos,Barr Ltd,posted,2026-09-10 08:21:23.018343
3108,5d1cc901-450f-4aa6-a65c-c53e47298a53,7,19210.11,debit,card,"Howell, Moses and Christensen",posted,2026-09-10 08:21:23.020271
3109,d91a572e-4d99-41ed-829b-4f65b933dbed,13,482.44,debit,pos,"Knight, Meza and Lawrence",posted,2026-09-10 08:21:23.021853
3110,0a49189a-b311-4af3-b641-a5b309316598,85,4086.66,debit,pos,Thompson Group,posted,2026-09-10 08:21:23.0237
3111,051b8c7f-855f-498b-8d2a-68ade6059e8e,135,927.25,credit,pos,Bridges-Williams,posted,2026-09-10 08:21:23.025531
3112,183f5017-7494-4174-a1cd-76d86e3a9c55,101,1852.95,credit,pos,"Adams, Jenkins and Carter",posted,2026-09-10 08:21:23.027275
3113,4ae08591-8cb6-40b0-9f32-7412984fc97c,9,381.88,debit,transfer,Gill Ltd,posted,2026-09-10 08:21:23.029045
3114,36d14060-1311-43d2-8994-bdfe174d18a6,136,3943.87,credit,ussd,Flores-Brown,posted,2026-09-10 08:21:23.030844
3115,ef157cf0-9447-43bb-80f4-b200fdf9d76a,85,3277.84,debit,ussd,"Mejia, Morgan and Calderon",posted,2026-09-10 08:21:23.032628
3116,9193d180-866f-4694-af76-a51e60760195,153,10022.44,debit,pos,Sanchez-Roy,posted,2026-09-10 08:21:23.034337
3117,a9a7eff2-caeb-440e-b537-09133aff7bf4,110,14469.03,credit,pos,Callahan-Williams,posted,2026-09-10 08:21:23.035904
3118,9de46b5d-e490-47c0-9bc1-abcb75031efe,150,9396.04,debit,transfer,Hall-Burton,posted,2026-09-10 08:21:23.037638
3119,81923c9e-da6b-44d5-a2eb-bc1fa3ea566c,44,11884.04,credit,ussd,"Carter, Dean and Oliver",posted,2026-09-10 08:21:23.039359
3120,febc6701-d979-46cc-8fb8-75335adca72e,114,2669.01,debit,card,"Wade, Allen and Turner",posted,2026-09-10 08:21:23.041313
3121,ce6a37ed-d81f-4b48-937e-f22ad149a057,127,3881.72,credit,ussd,Castro-Burns,posted,2026-09-10 08:21:23.042931
3122,497b6057-6637-4255-aaca-eb855c81bfb6,45,8226.93,debit,card,Perez-Bailey,posted,2026-09-10 08:21:23.044394
3123,da1186d5-c613-4b04-9dd6-cda0eebba265,9,9950.20,debit,pos,Evans-Kelley,posted,2026-09-10 08:21:23.045945
3124,18991b37-571c-4836-a041-0875941eecf5,4,3810.86,credit,transfer,Williams and Sons,posted,2026-09-10 08:21:23.047671
3125,3714b8bb-b8b6-418d-8641-3cc35d378fd0,27,18394.02,credit,transfer,Yates-Hamilton,posted,2026-09-10 08:21:23.049455
3126,5b1586f4-f5d6-4167-93b2-7a98f2c8de44,179,7944.06,debit,ussd,Walker-Hanson,posted,2026-09-10 08:21:23.051379
3127,842b0114-afe4-4d5b-8853-6ce6e74f0d23,168,16250.75,debit,transfer,"Nguyen, Crawford and Thompson",posted,2026-09-10 08:21:23.053098
3128,faa3c89e-f08b-495e-b854-197f023a7e48,167,4388.03,credit,ussd,Anderson LLC,posted,2026-09-10 08:21:23.054418
3129,6f5a5ff2-bf10-4800-bcad-867be6f9e129,31,3151.12,debit,ussd,Ramirez-Gibson,posted,2026-09-10 08:21:23.055908
3130,fef6ddc4-13f2-47a9-a9bf-cb7f8c002d40,23,8251.03,credit,card,"Dixon, Camacho and Berry",posted,2026-09-10 08:21:23.058234
3131,f9fa1330-d590-4843-a23c-57bd3c27e9d4,17,5164.40,debit,pos,"Sandoval, Ellis and Lowe",posted,2026-09-10 08:21:23.062566
3132,cd89c7f1-9c7b-4125-a899-61bca093a791,198,13428.92,debit,card,"Fletcher, Kaiser and Lee",posted,2026-09-10 08:21:23.064368
3133,8bb64b68-4589-413a-8d48-875522ebf879,104,10617.19,credit,card,Schmidt Group,posted,2026-09-10 08:21:23.066005
3134,ed20a473-27cd-4fa0-b6ee-210bb5045597,152,3170.75,debit,ussd,Logan and Sons,posted,2026-09-10 08:21:23.067603
3135,b5b2e3bf-c624-43ba-ab3e-a9307488bf0f,10,11739.87,credit,card,"Mcclure, Phillips and Jones",posted,2026-09-10 08:21:23.069678
3136,143b3cc7-065e-4c87-9758-9d1478943292,128,19178.39,credit,transfer,Hicks-Lindsey,posted,2026-09-10 08:21:23.07127
3137,30410074-17ab-47de-b877-881326678f75,107,15870.01,debit,card,"Lambert, Costa and Blair",posted,2026-09-10 08:21:23.073025
3138,2cc10057-ce54-4c92-8b4a-30812f985c1d,89,12140.70,credit,ussd,Johnson-Miller,posted,2026-09-10 08:21:23.074888
3139,d2916fe4-e806-4636-93b0-282d857ecf83,196,15424.67,debit,card,Nicholson-Taylor,posted,2026-09-10 08:21:23.076518
3140,f2bcd6b1-d15f-4524-a298-1ea8b19be6da,66,15977.23,debit,card,"Richards, Gillespie and Baker",posted,2026-09-10 08:21:23.078661
3141,a35ced37-bee5-4bd2-a653-6b83f280f931,178,8505.09,debit,ussd,"Thomas, Houston and Morales",posted,2026-09-10 08:21:23.080871
3142,1c42d713-c440-4d3c-a7a1-c18dfc051394,161,15545.84,credit,card,Morrow LLC,posted,2026-09-10 08:21:23.082387
3143,2bed056b-d040-4547-aa0c-9e8e75e3d837,97,3686.46,debit,ussd,Cook-Banks,posted,2026-09-10 08:21:23.084062
3144,e77cee97-51af-4295-8292-1c85e4eee7a4,151,990.87,debit,transfer,Smith-Hart,posted,2026-09-10 08:21:23.085882
3145,39c5f4fd-7205-4c7a-bb5b-3e4250573fd9,11,7851.98,debit,pos,"Villanueva, Smith and Townsend",posted,2026-09-10 08:21:23.0881
3146,09823cb5-0d1d-4f5d-b633-aa3457ecc1ae,91,1193.23,debit,ussd,Rivera and Sons,posted,2026-09-10 08:21:23.090194
3147,098dadac-96d3-42f9-828f-839efad2137f,124,6906.70,debit,pos,"Adams, Garza and Oliver",posted,2026-09-10 08:21:23.092224
3148,01c0e53a-6152-419e-a17a-c6eb5ec8cb30,78,2014.58,debit,transfer,Herring-Kelley,posted,2026-09-10 08:21:23.094355
3149,ddb84049-e67e-4d98-890e-3be230fb2f6a,153,3608.95,debit,transfer,Grimes-Silva,posted,2026-09-10 08:21:23.096413
3150,a794a75b-94c8-414e-aa3d-ebf4003c5f29,186,11310.12,credit,ussd,Gallegos Ltd,posted,2026-09-10 08:21:23.098281
3151,1b82d7f7-1cbb-4b09-b75f-de6d44902db7,181,19526.83,credit,pos,Anthony LLC,posted,2026-09-10 08:21:23.100256
3152,968dcd12-6b56-4562-8570-35b89c27ca7c,150,5957.40,credit,pos,Rice-Novak,posted,2026-09-10 08:21:23.102172
3153,4b168185-2022-4844-a71b-41672ac9350f,97,14934.09,debit,card,Burton-Flynn,posted,2026-09-10 08:21:23.104193
3154,5b271065-b459-40e9-ab76-0e8dbbc5074d,185,8848.92,credit,pos,Hayes Ltd,posted,2026-09-10 08:21:23.106156
3155,239017cf-6b53-429b-b266-5a8f9e088513,118,10742.53,debit,transfer,Perez Ltd,posted,2026-09-10 08:21:23.108218
3156,55bf89e8-f88e-4ee7-8341-067d5925077d,175,17633.21,credit,pos,Cox PLC,posted,2026-09-10 08:21:23.110287
3157,0ec3661e-5c99-47d5-ba49-b2d3990b1b09,132,3776.14,credit,pos,"Smith, Turner and Rogers",posted,2026-09-10 08:21:23.112469
3158,0cfcca78-c5c4-4acb-8336-75879d0c3bf7,76,15546.81,credit,pos,Olson-Jenkins,posted,2026-09-10 08:21:23.11463
3159,58e30166-6dbe-4cc6-81f0-c0411b23403d,100,19775.25,debit,card,Thomas-Lloyd,posted,2026-09-10 08:21:23.11675
3160,30e87f71-bc79-47ec-a158-0350ba822572,52,9973.74,credit,transfer,Richards-Leonard,posted,2026-09-10 08:21:23.118892
3161,e1bf6687-98d8-4521-ac17-b4117b7c69c8,45,1571.07,credit,card,Paul and Sons,posted,2026-09-10 08:21:23.120919
3162,281c15fa-7ac1-4091-b046-873f825525e2,100,19702.35,credit,ussd,"Walker, Cooper and Johnson",posted,2026-09-10 08:21:23.123069
3163,3080d71e-77a6-4abb-929f-b4b003fb18e6,156,10315.44,debit,transfer,Johnson PLC,posted,2026-09-10 08:21:23.125021
3164,088307e7-86db-48fb-9353-b254bd957cde,68,11458.58,credit,pos,Wells-Mcpherson,posted,2026-09-10 08:21:23.127021
3165,3eefa136-1a1b-4412-8cf4-aa41e51719a8,115,9556.97,debit,card,Thomas-Ruiz,posted,2026-09-10 08:21:23.128925
3166,40c2c30c-ad9d-4fb3-a0fd-24ee434b6392,73,7963.40,credit,transfer,Williams PLC,posted,2026-09-10 08:21:23.130795
3167,bbb5f223-70b4-4450-b461-5cd12bfbe8e3,173,3069.87,credit,transfer,Weeks LLC,posted,2026-09-10 08:21:23.132719
3168,be11aa0b-5e4a-4c31-9a17-bf8ab731a200,53,9466.79,credit,ussd,"Gilbert, Hurst and Garner",posted,2026-09-10 08:21:23.134889
3169,305fdf65-40dd-491e-a27a-21c4edae5e9d,192,14123.43,debit,ussd,Dillon PLC,posted,2026-09-10 08:21:23.137335
3170,2cbc0a00-2029-46a9-87a3-721c1162a4fb,1,8716.38,debit,pos,Macdonald-Williams,posted,2026-09-10 08:21:23.139398
3171,63d87d47-0abe-46e3-b0b8-2312ae609d86,65,2318.48,credit,card,Buckley-Young,posted,2026-09-10 08:21:23.141573
3172,0ebe7035-8046-498e-a585-3f52b6e0a0f2,44,10490.74,debit,pos,"Wilson, Young and Smith",posted,2026-09-10 08:21:23.143789
3173,cc9c0b11-02e2-46df-88ce-7add543bcb2f,142,12714.47,debit,card,Hernandez PLC,posted,2026-09-10 08:21:23.145729
3174,61720b45-5e55-4614-bb98-7fcef17b1d91,172,3192.56,debit,ussd,"Gomez, Mendez and Alexander",posted,2026-09-10 08:21:23.147762
3175,058d95b2-c2e7-46dc-a5b2-eb6d3440d1f4,14,9945.43,credit,transfer,"Shepard, Gilbert and West",posted,2026-09-10 08:21:23.149894
3176,2a3031dc-4161-4a53-a0b0-a73e49c28a66,200,19167.79,credit,pos,Jones LLC,posted,2026-09-10 08:21:23.151685
3177,b16b27a8-a161-4c8d-ac49-28a0fdc55e2f,59,8586.41,debit,ussd,Gutierrez-Brown,posted,2026-09-10 08:21:23.153843
3178,b64ad4df-f7ae-4bef-995b-c7ad1eb2b797,82,17547.94,credit,transfer,Estrada Group,posted,2026-09-10 08:21:23.155675
3179,ad08fb84-eb27-46c2-baff-9c651c47811b,80,18630.42,debit,transfer,Norton Inc,posted,2026-09-10 08:21:23.157521
3180,7012ae55-f415-431e-9f95-fc5dd2174a87,91,2083.63,credit,pos,"Owens, Baxter and Stephens",posted,2026-09-10 08:21:23.15983
3181,4f403920-2770-486a-989f-6069e14d8c88,194,18410.85,credit,transfer,Owens Group,posted,2026-09-10 08:21:23.161896
3182,1a581edc-011e-48f0-87fc-8691fc3e50ad,149,5594.73,debit,transfer,Garner PLC,posted,2026-09-10 08:21:23.164036
3183,458bf44e-785c-48ea-9068-652083f224fd,157,19306.30,debit,card,"Wilson, Baker and Tapia",posted,2026-09-10 08:21:23.166272
3184,24ead5ab-f03a-4679-8b98-1875f923f1b0,62,2118.34,credit,transfer,"Cooper, Larson and Moore",posted,2026-09-10 08:21:23.168509
3185,9f78a903-7c28-4efd-b246-8574f6c96af7,148,15202.85,credit,card,"Duke, Blake and Sanchez",posted,2026-09-10 08:21:23.171066
3186,28edd6dd-8693-4346-93a8-d7b0e6b85281,169,3548.38,credit,pos,"Smith, Hernandez and Paul",posted,2026-09-10 08:21:23.173286
3187,ba6727f8-cdcd-472e-a6aa-3e478b137771,70,13560.41,debit,transfer,"Flores, Smith and Morales",posted,2026-09-10 08:21:23.175492
3188,838ed7bb-510c-4269-82a2-5a66091c4e7c,132,11518.98,credit,transfer,Huerta PLC,posted,2026-09-10 08:21:23.177486
3189,925c3dfb-7380-49ba-83b9-8696611d9c52,136,10273.76,credit,ussd,"Diaz, Sanchez and Benitez",posted,2026-09-10 08:21:23.179672
3190,220a928f-7059-46b1-bd4b-8eab2149cd13,147,6625.91,debit,card,Blackburn Group,posted,2026-09-10 08:21:23.181568
3191,3a1bf9a7-e1c5-469f-962a-0a294d4de058,34,15950.10,debit,card,Harrison-Henson,posted,2026-09-10 08:21:23.183672
3192,317638d1-3acf-47ea-bbd3-07ade88ed9e7,140,6877.64,credit,transfer,Thomas-Rogers,posted,2026-09-10 08:21:23.185916
3193,32a45eab-137b-4a35-a693-3bb5ab447a87,132,4237.86,credit,card,Hull Ltd,posted,2026-09-10 08:21:23.187874
3194,043164c7-f8bf-4fc8-9183-e59751d2f1a2,64,4662.84,credit,ussd,"Gomez, Owens and Mason",posted,2026-09-10 08:21:23.190009
3195,4f34450b-68bc-4fa9-b8b1-a087bebf3164,41,4821.01,credit,ussd,"Ferguson, Brown and Mills",posted,2026-09-10 08:21:23.192288
3196,10dc40d6-500e-4864-b18a-8d9cf0dcb447,117,8610.17,credit,transfer,Fernandez LLC,posted,2026-09-10 08:21:23.194239
3197,2a0bba5b-c644-410c-bfb4-8d29a2042163,46,619.35,credit,card,"White, Thomas and Matthews",posted,2026-09-10 08:21:23.197003
3198,da9c4956-b1e5-4cb9-9677-053f51f402c8,107,472.78,debit,ussd,"Gutierrez, Brown and Little",posted,2026-09-10 08:21:23.199333
3199,b1a70cc3-c863-4630-96d0-fab8790345c5,31,9383.44,credit,pos,Armstrong PLC,posted,2026-09-10 08:21:23.201305
3200,609a5931-12e9-4d0a-88cb-0a9d7527e559,14,12584.24,debit,card,Burns Ltd,posted,2026-09-10 08:21:23.203338
3201,4080d1e7-fdd1-45cf-87a9-3cead748bd9f,54,3188.35,debit,transfer,"Daniels, Berry and Harrison",posted,2026-09-10 08:21:23.20562
3202,90165968-0958-4160-bbd9-df216ac42df2,129,12990.18,credit,pos,Peterson-Peterson,posted,2026-09-10 08:21:23.207545
3203,53a456fa-1f5d-4463-9c59-549861b9e02f,139,13242.18,credit,card,Wolf Group,posted,2026-09-10 08:21:23.209389
3204,f18e7caf-ab73-47a7-92fb-4d557df1ebc7,141,6427.97,debit,card,Wallace LLC,posted,2026-09-10 08:21:23.211308
3205,835eacc9-75b9-494f-b90d-97639529db15,90,7488.19,debit,transfer,Frey-Booker,posted,2026-09-10 08:21:23.213237
3206,f68aecdc-454b-4e96-a6c5-91e5f274ef47,65,15033.02,debit,pos,"Lee, Johnson and Jones",posted,2026-09-10 08:21:23.215506
3207,b4880dc0-36e4-427a-b98c-5d3a9a468005,159,5667.13,credit,card,Gonzalez and Sons,posted,2026-09-10 08:21:23.217409
3208,31f2af43-e630-41b2-a2c3-316a40fa5833,9,9154.38,credit,transfer,Ward-Crawford,posted,2026-09-10 08:21:23.220058
3209,d81d2156-1cc8-4ab3-ad1e-9bc14df27278,121,9221.52,credit,card,Sanchez-Barnes,posted,2026-09-10 08:21:23.222534
3210,d71d47a4-ca0a-4417-9416-48bd7095577f,100,888.10,credit,transfer,Davis LLC,posted,2026-09-10 08:21:23.224323
3211,662e66c7-ad93-4c51-ab00-d1787b6b3b35,179,1718.52,debit,pos,Woods-Patel,posted,2026-09-10 08:21:23.226337
3212,839f4483-6237-4b8e-9dec-c247cc7c991d,34,5695.21,credit,pos,Coleman-Black,posted,2026-09-10 08:21:23.228225
3213,837f0b4d-a032-433f-8dac-d18b3f4f28eb,61,6667.53,debit,transfer,"Lara, Watson and Tran",posted,2026-09-10 08:21:23.230256
3214,acc4482e-4ab5-4925-83ba-3be9053b8f77,107,8986.84,debit,pos,Fuller-James,posted,2026-09-10 08:21:23.23233
3215,d71d7a41-d2e8-4e78-a6cb-543246e4f631,22,8489.37,debit,transfer,Ho-Leon,posted,2026-09-10 08:21:23.23448
3216,521da2e1-069e-4461-bb30-181fea4fef16,1,14757.11,debit,transfer,Mills and Sons,posted,2026-09-10 08:21:23.236295
3217,4fae8a11-3cc4-4e12-aa20-8c2a13b1adf8,105,19502.06,debit,transfer,Lewis Inc,posted,2026-09-10 08:21:23.238325
3218,f0821381-723d-4e38-a68b-565a36ec7757,179,18662.86,debit,transfer,Orr LLC,posted,2026-09-10 08:21:23.240402
3219,a3bb7015-7494-4ee6-ac7f-617a3275ab58,111,19740.23,debit,card,Marshall-Lewis,posted,2026-09-10 08:21:23.242347
3220,9854d05b-0f1e-4a61-bcbd-1e05bb1f1f08,92,18954.17,credit,ussd,Reed-Thomas,posted,2026-09-10 08:21:23.244475
3221,e90bcfd4-4960-4a23-9bc0-ed0426d3c049,44,2808.39,debit,card,"Robinson, Tate and Lee",posted,2026-09-10 08:21:23.246482
3222,60746b30-1b85-4a7f-8d8c-28bef0e06917,141,2902.12,credit,ussd,Rocha LLC,posted,2026-09-10 08:21:23.24832
3223,29c185ef-c273-445f-bc39-b8483dff44f5,4,14059.04,debit,transfer,"Mcdonald, Smith and Mason",posted,2026-09-10 08:21:23.250895
3224,94185f91-3760-4973-80d1-24be61630ecf,183,18063.27,credit,card,Stokes-Webb,posted,2026-09-10 08:21:23.252857
3225,a63bd530-ef93-4f78-bf24-91ad32fdb2df,37,8457.74,debit,transfer,Poole-Gallegos,posted,2026-09-10 08:21:23.254952
3226,6ce4ed80-7b04-4c4b-bc76-06c1088a1ea4,178,17954.86,debit,card,"Smith, Williams and Rojas",posted,2026-09-10 08:21:23.25698
3227,ad0b6275-b75b-46b0-9df7-1ba7103e1c12,39,12421.02,credit,ussd,"Martinez, Thompson and Davidson",posted,2026-09-10 08:21:23.259219
3228,41ab0430-2a08-46b2-a234-be90105a035f,137,3386.77,debit,pos,Brown PLC,posted,2026-09-10 08:21:23.261081
3229,b5061dc8-ed36-47ad-a144-43ed821ae9e5,155,19733.23,credit,ussd,"Wolfe, Morales and Patrick",posted,2026-09-10 08:21:23.263555
3230,a07ba3fa-c4b5-4bdf-b49e-1c8b4ed252c6,22,16673.36,credit,card,Robertson-Davis,posted,2026-09-10 08:21:23.265702
3231,0ad3d8de-79d0-41fa-bf90-1443f515f339,167,16073.34,debit,transfer,Smith-Rogers,posted,2026-09-10 08:21:23.26774
3232,f5a564e5-1759-4561-bccf-1baa564a5f9f,195,1032.89,credit,transfer,Carr LLC,posted,2026-09-10 08:21:23.269677
3233,51b9c447-efda-4443-a91a-efa9ea4d880b,187,6728.64,debit,pos,Hall-Herring,posted,2026-09-10 08:21:23.271795
3234,d29e3ca3-5e21-4e20-acdf-b5dc6f367bd3,169,10542.68,credit,ussd,"Schaefer, Calderon and Gordon",posted,2026-09-10 08:21:23.274161
3235,5c20f169-277e-4fdd-9a6a-8b0dd909d6b0,58,19690.94,credit,pos,"Beard, Espinoza and Wilkerson",posted,2026-09-10 08:21:23.276374
3236,3c3dd0f1-9947-426d-8161-be4e3af23395,10,5292.94,debit,ussd,Savage-Miller,posted,2026-09-10 08:21:23.278496
3237,c3478f39-9753-4f91-a76f-6336e3fe46f7,29,13014.93,debit,ussd,"Price, Gonzalez and Ford",posted,2026-09-10 08:21:23.280533
3238,624d9d25-bd66-4e8a-a6e5-52ec73239313,17,13895.54,debit,card,Spencer-Duran,posted,2026-09-10 08:21:23.28255
3239,e7627805-c399-4408-8ed9-810f8cc19ba3,149,13251.54,credit,pos,Johns Inc,posted,2026-09-10 08:21:23.284487
3240,9e6dc8d3-f284-46d9-8b97-9b102ca1d566,98,3342.31,debit,transfer,Fuentes-Scott,posted,2026-09-10 08:21:23.286603
3241,7012dd21-c4c4-4642-b7ec-ef89fc2a3c50,177,17109.54,credit,transfer,"Weaver, Johnson and Rubio",posted,2026-09-10 08:21:23.288698
3242,72a21131-2530-4696-a9ae-1d31c162da02,53,6903.34,debit,pos,Lam LLC,posted,2026-09-10 08:21:23.290491
3243,50620fb3-a110-4b14-ad72-df4d3d7457ac,23,13688.99,credit,transfer,Baker-Brewer,posted,2026-09-10 08:21:23.292557
3244,a1981909-3b79-4cf5-8709-acd3aa125718,108,14774.56,debit,card,"Garner, House and Lang",posted,2026-09-10 08:21:23.294732
3245,44e0452b-e328-4d8a-8de3-d8fa4f422bd2,11,3832.17,credit,ussd,"Miller, Turner and Hernandez",posted,2026-09-10 08:21:23.296795
3246,570f3e45-4e47-461b-97f9-6411099dd3c9,182,8248.19,debit,transfer,Murray-Fisher,posted,2026-09-10 08:21:23.298956
3247,89f362c4-4102-430c-ad16-cd829a8c4ffe,130,905.00,debit,pos,Ballard-Fleming,posted,2026-09-10 08:21:23.301019
3248,b7ccd264-326b-4a4f-8dbc-80361e256a55,156,17581.18,debit,ussd,Gutierrez LLC,posted,2026-09-10 08:21:23.302789
3249,aadb046c-ff81-4079-869a-aee75f4afc04,172,18932.13,credit,card,Rodriguez Group,posted,2026-09-10 08:21:23.303894
3250,bf906d33-ed93-4658-b700-15b85f2036af,56,5683.24,credit,transfer,Benson and Sons,posted,2026-09-10 08:21:23.306023
3251,98d66b93-0f7e-449b-b245-165d110c433e,190,438.94,debit,ussd,Waller-Vance,posted,2026-09-10 08:21:23.308233
3252,ea849705-3628-4cd7-bd9d-82421465eb04,108,3446.29,debit,pos,Shepherd Group,posted,2026-09-10 08:21:23.310027
3253,afe2adb2-12d7-4ac1-a65a-c86cbbbb5a66,60,2045.45,debit,transfer,"Robinson, Colon and Evans",posted,2026-09-10 08:21:23.312163
3254,d5f79f0d-57e7-4c82-8233-da8f914df3fa,144,11261.21,credit,pos,"Taylor, Pugh and Williams",posted,2026-09-10 08:21:23.31435
3255,9568edf4-b40e-4bfe-a722-1fedce93fc6e,187,18809.69,debit,card,"Romero, Bridges and Frazier",posted,2026-09-10 08:21:23.316367
3256,ca75db0f-b9c1-40e2-bd02-7988ca896f92,169,4132.24,credit,transfer,Nelson-Davis,posted,2026-09-10 08:21:23.318358
3257,b02789d6-0e19-4c2e-a534-a20c90b58670,58,893.58,debit,pos,Murphy-Walker,posted,2026-09-10 08:21:23.320378
3258,27632059-6744-4a9b-9a80-76714322186b,198,10354.14,credit,transfer,"Lee, Heath and Jones",posted,2026-09-10 08:21:23.322503
3259,cc894736-9a6c-4058-85a6-5c8c5128310a,28,17740.38,debit,pos,Coleman Inc,posted,2026-09-10 08:21:23.32459
3260,b604a31e-18e3-4f39-99d9-e1591b03b3e0,147,19958.52,debit,card,Nelson-Guerra,posted,2026-09-10 08:21:23.326526
3261,f4682c43-ba4e-4904-b459-01e38d7b76a1,177,3593.78,credit,card,"Rogers, Ward and Jenkins",posted,2026-09-10 08:21:23.328659
3262,3ae01707-9c97-4c48-b688-14d9d9eee946,69,5407.35,debit,transfer,"Welch, Adams and Anderson",posted,2026-09-10 08:21:23.331049
3263,81e9e783-ca92-4e58-807b-01471d085efc,194,6347.98,debit,ussd,Peterson-Taylor,posted,2026-09-10 08:21:23.33315
3264,9c884248-6052-4522-b650-d51323ba72e4,42,13876.68,credit,pos,"Evans, Fleming and King",posted,2026-09-10 08:21:23.335137
3265,f85ccd81-2c03-42ae-9072-2427ee5968fd,188,10159.27,debit,pos,"Everett, Green and King",posted,2026-09-10 08:21:23.337245
3266,ac2cd6b4-dd20-42bf-b391-572fc9ebf22e,140,2352.19,debit,transfer,Obrien Group,posted,2026-09-10 08:21:23.339364
3267,baaaf93e-60cb-44e8-bc8b-d165e45ae47f,30,9585.63,debit,pos,Perkins-Erickson,posted,2026-09-10 08:21:23.341425
3268,327ff79b-0c6b-41b0-828d-77aea02bdf62,118,10435.59,credit,card,Perkins-Mooney,posted,2026-09-10 08:21:23.343376
3269,387d80d2-4f44-41f1-91d0-ab9bbe3a35c1,78,3814.01,credit,ussd,Salas and Sons,posted,2026-09-10 08:21:23.34518
3270,c1d6fbd0-3819-48d5-872f-acc5da4d98d8,175,6944.28,credit,pos,Flores Inc,posted,2026-09-10 08:21:23.347137
3271,77e43c81-9e31-4dd4-802a-4bf3140ad60b,106,13874.61,debit,pos,Stewart LLC,posted,2026-09-10 08:21:23.349072
3272,73dec89c-7929-4148-a7b7-7f307de0c5d5,113,4317.23,credit,card,Miller LLC,posted,2026-09-10 08:21:23.350922
3273,1c107fc7-314a-443c-b543-615f8f82dbc1,61,15664.39,debit,card,"Tanner, Barber and Warner",posted,2026-09-10 08:21:23.35306
3274,67bb4674-f54a-4308-a81f-cbd06392b518,122,16905.65,debit,card,Lowe-Robinson,posted,2026-09-10 08:21:23.355071
3275,0c15992d-2b38-4de0-9745-d59810983b15,171,10568.55,credit,ussd,Friedman Group,posted,2026-09-10 08:21:23.356943
3276,a91c8d41-7017-463c-88d9-18822c8d1db6,38,15347.83,credit,ussd,Flores-Barnett,posted,2026-09-10 08:21:23.358878
3277,57e1f29e-9bcf-48a4-99b5-9a84d8061934,25,7294.84,debit,card,Novak-Perez,posted,2026-09-10 08:21:23.360853
3278,97900cac-0a5c-4f68-8ff3-e96e6b1842ad,63,12976.41,debit,transfer,"Cervantes, Nelson and Smith",posted,2026-09-10 08:21:23.363004
3279,154a16af-f916-4b28-a9e0-c30f5d7c9c0d,34,8824.41,debit,ussd,Wong PLC,posted,2026-09-10 08:21:23.36504
3280,c1c550f6-4b97-4d21-b733-5390ff90d691,39,12823.71,credit,ussd,Simmons-Davis,posted,2026-09-10 08:21:23.367085
3281,00840674-a79c-46b2-8393-c34cfef13516,1,3711.21,credit,pos,Mason and Sons,posted,2026-09-10 08:21:23.368967
3282,0a4f68c5-d378-4e22-b642-46dea7f6aa6b,114,5931.34,credit,ussd,"Montoya, Moon and Hall",posted,2026-09-10 08:21:23.371006
3283,e41e2b15-b24e-4dc5-920c-7d152fb700ab,61,430.24,debit,card,Oconnell PLC,posted,2026-09-10 08:21:23.373058
3284,c1177fe7-cbe7-4d02-b6dd-36793884596a,25,11110.42,credit,ussd,Stafford LLC,posted,2026-09-10 08:21:23.375164
3285,cda714c8-1f80-473d-a6dc-580f56f68e87,62,7924.15,debit,ussd,"Hall, Rogers and Trujillo",posted,2026-09-10 08:21:23.377349
3286,7df840c2-7b5e-4b46-90f5-e39f77e59379,93,11106.66,credit,transfer,Baker LLC,posted,2026-09-10 08:21:23.379225
3287,50ae0c5c-7641-43b0-aeff-60bde1940017,68,18871.93,credit,card,Elliott Inc,posted,2026-09-10 08:21:23.381412
3288,9fbf3dbd-8f0b-4efb-834a-f4b1ab0c4379,55,9346.66,credit,card,"Wright, Bradley and Gutierrez",posted,2026-09-10 08:21:23.383502
3289,4b1b3421-323b-45fc-908b-beef71b0a954,85,13516.74,debit,pos,"Stokes, Wolf and Lozano",posted,2026-09-10 08:21:23.385499
3290,79db634b-f415-4473-a84e-328324d70620,151,15234.35,credit,card,"Todd, Santos and Wilson",posted,2026-09-10 08:21:23.387677
3291,ee9c0309-f9f6-4393-9893-67de9c3c1aee,187,8530.77,debit,card,Harris-Kelley,posted,2026-09-10 08:21:23.38969
3292,44250d2c-969c-419a-b3db-63fbde88d1e4,31,1144.13,credit,pos,Merritt-Hayes,posted,2026-09-10 08:21:23.391629
3293,30383858-5b2b-472b-8559-8255ba1712bc,140,19151.56,credit,card,Fischer-Webb,posted,2026-09-10 08:21:23.393811
3294,1dc3c4e1-01c1-494c-9c88-65f9da19eb8e,95,1349.45,credit,card,Jackson-Lawrence,posted,2026-09-10 08:21:23.395912
3295,d30fa144-0d4a-4b1b-9fef-07b24fee1ec3,101,17687.04,debit,card,Kerr-Lin,posted,2026-09-10 08:21:23.397861
3296,632832a7-3a21-440c-9073-da8488cf6271,174,5656.48,credit,pos,Moore Group,posted,2026-09-10 08:21:23.399783
3297,4e1026d2-8cdc-452d-8e8f-481308073dff,9,9641.31,credit,card,"Mitchell, Schneider and Hale",posted,2026-09-10 08:21:23.401852
3298,84e3dca8-27ca-404b-a250-81b703adab87,123,375.43,debit,transfer,Nelson Group,posted,2026-09-10 08:21:23.403829
3299,c34cf721-992f-4c6e-8860-ba0e62b2ec0b,183,11788.07,credit,transfer,Russo-Singh,posted,2026-09-10 08:21:23.405759
3300,9002444e-82d8-4dd6-abfa-3df6bbd2ec2b,164,5591.91,debit,ussd,"Johnson, Douglas and Coleman",posted,2026-09-10 08:21:23.407866
3301,8773cdec-c980-4112-abe2-415b9edf4e38,5,13143.78,debit,ussd,Henderson-Kennedy,posted,2026-09-10 08:21:23.409859
3302,60a65831-a159-4e2d-947c-771988951e49,88,10908.20,credit,transfer,Santos-Parks,posted,2026-09-10 08:21:23.411801
3303,930dbd5c-b655-4d47-aaf2-f1da88a5a054,70,18248.14,credit,card,"Davis, Powell and Jacobs",posted,2026-09-10 08:21:23.41393
3304,38316b78-b8ed-44d9-ae42-cc9bc6b1c169,188,15134.79,credit,pos,Harrison PLC,posted,2026-09-10 08:21:23.415857
3305,2ca7a494-48a0-4091-b796-ffb5dab50220,79,381.96,debit,ussd,"Alexander, Stone and Jenkins",posted,2026-09-10 08:21:23.418061
3306,ea95facc-acc8-443f-82fe-08935293fac1,51,5488.79,credit,pos,Armstrong Inc,posted,2026-09-10 08:21:23.419977
3307,e2f960f6-5f1f-4707-83cc-6c3f88a79be5,189,4347.29,credit,transfer,"Miller, Proctor and Chavez",posted,2026-09-10 08:21:23.422243
3308,c2364f11-273a-4fcd-8ce0-70399f9bed6b,82,3171.14,credit,card,Smith Group,posted,2026-09-10 08:21:23.424141
3309,505fc4ea-9a03-4c5a-a937-0c79bdc11026,175,16816.78,debit,ussd,"Fowler, Donaldson and Ramos",posted,2026-09-10 08:21:23.426492
3310,1dc010f4-e36d-4b31-9214-a0b90d02a118,68,8332.58,debit,pos,Ritter-Lewis,posted,2026-09-10 08:21:23.428204
3311,bb796748-56d0-46c5-854a-059905e7083e,115,16935.22,credit,transfer,Craig LLC,posted,2026-09-10 08:21:23.429832
3312,7998bc51-3846-4b5f-b8b5-5eb795bbc3dc,112,8548.85,debit,ussd,"Mckenzie, Neal and Powell",posted,2026-09-10 08:21:23.431987
3313,58d593e0-d712-42c7-893c-49241bd310f8,9,141.15,debit,ussd,Singleton-Allen,posted,2026-09-10 08:21:23.433711
3314,e8614d19-1ebf-411a-bb5f-3f0ae1c8d9ce,2,19862.21,debit,transfer,Cunningham Ltd,posted,2026-09-10 08:21:23.43529
3315,64a05442-1844-4578-82cf-532b00d62c3e,159,7070.22,credit,ussd,Stokes Group,posted,2026-09-10 08:21:23.436948
3316,0261fa9e-8439-428e-a972-e03ff61b44d2,93,19384.07,debit,pos,"Nelson, Mitchell and King",posted,2026-09-10 08:21:23.438858
3317,f059d46e-b5b7-4f96-bf4c-3b7d6f91a6e6,108,1165.02,debit,ussd,Garcia-Thompson,posted,2026-09-10 08:21:23.441513
3318,212a6f81-3f06-47b0-95b0-66967b43f306,79,2759.17,credit,card,Garcia Ltd,posted,2026-09-10 08:21:23.444677
3319,8be0e290-8f47-4709-86df-f9e1a891e6de,85,4373.33,credit,card,Mcclain Ltd,posted,2026-09-10 08:21:23.446691
3320,c2cd8b35-9744-4860-b328-cd87b1ff2b9e,19,19134.21,credit,ussd,Clark PLC,posted,2026-09-10 08:21:23.448575
3321,d5400d00-4b86-4975-a4cb-4c5ec42d6ec1,175,11656.29,credit,card,"Howard, Carrillo and Flores",posted,2026-09-10 08:21:23.45028
3322,3d701295-1fcb-4352-bc25-27d047f1117b,146,13014.56,debit,pos,"Lee, Boyer and Chen",posted,2026-09-10 08:21:23.452525
3323,7dd3a3d3-faf5-42c3-926a-d5380cba045b,160,13067.73,credit,card,Phillips-Jackson,posted,2026-09-10 08:21:23.454527
3324,59cdc43f-f140-4d4a-bd2f-4494d3b05e78,124,14574.77,credit,ussd,Shea-Hernandez,posted,2026-09-10 08:21:23.456167
3325,9d286846-ace1-4d68-b31b-48b05172f018,167,11753.95,credit,transfer,"Green, Martin and Garcia",posted,2026-09-10 08:21:23.458107
3326,dd4e7d04-2166-42b9-a78d-5af1678cde99,91,2426.29,debit,pos,Adams Group,posted,2026-09-10 08:21:23.459545
3327,ab66f627-eab5-45b0-9b94-77b62bcb010e,9,6755.50,credit,pos,Richards PLC,posted,2026-09-10 08:21:23.461169
3328,b3cf6d30-5954-4c8d-99bf-099e931490fe,95,15613.59,credit,card,"Payne, Alexander and Abbott",posted,2026-09-10 08:21:23.462996
3329,cd5adbeb-bebe-4557-a6aa-c69c21e4284e,71,8562.99,credit,card,Lee Inc,posted,2026-09-10 08:21:23.464616
3330,91536a38-1ae8-4c76-b5d3-81c50ed32d81,132,4688.60,debit,pos,Simpson-Hill,posted,2026-09-10 08:21:23.466733
3331,916d48a9-c19f-4844-8755-9ad7c90187e8,137,15101.59,credit,pos,"Gordon, Decker and Mack",posted,2026-09-10 08:21:23.468481
3332,642a30f1-d416-4d52-bb9d-2b9d92ce3803,81,5996.65,debit,ussd,Combs LLC,posted,2026-09-10 08:21:23.470749
3333,b2df086e-061d-473f-aa11-aad0cf38a51b,59,16569.84,debit,ussd,"Powell, Bell and Nelson",posted,2026-09-10 08:21:23.472633
3334,692c0afd-d044-4a90-8e74-5668c233657b,138,15048.62,debit,transfer,"Walter, Arnold and Walters",posted,2026-09-10 08:21:23.474951
3335,842d4aae-1470-452e-bcd9-467a696f2077,31,1680.41,debit,ussd,Lopez and Sons,posted,2026-09-10 08:21:23.477623
3336,382aa93f-25b6-451e-8726-92a4db38627d,20,3835.89,credit,card,"Whitaker, Martin and Burns",posted,2026-09-10 08:21:23.479673
3337,09cc397b-efde-439e-aade-3352757a4fea,58,10246.13,credit,pos,Davis-Jones,posted,2026-09-10 08:21:23.482074
3338,776fc476-7b6d-492f-baa0-25068a418f10,91,18758.42,credit,pos,"Frazier, Mcintyre and Maxwell",posted,2026-09-10 08:21:23.484017
3339,bb60460a-b3c4-4627-9f59-6a51b6460220,189,13829.79,debit,transfer,"Green, Barker and Allison",posted,2026-09-10 08:21:23.485666
3340,9d36c149-d137-460b-a418-82c1cf9bef60,10,7610.16,debit,transfer,"Woods, Powers and Ramirez",posted,2026-09-10 08:21:23.487758
3341,661b97ac-0879-4fcf-9922-dfaf73c15ab1,120,4179.95,credit,ussd,Johnson-Davis,posted,2026-09-10 08:21:23.489835
3342,18f1b332-874f-4940-ac75-136297177c64,87,7983.59,credit,pos,Mclaughlin-Berry,posted,2026-09-10 08:21:23.491344
3343,3d47d799-f31b-489a-ad68-bd787bbc133e,96,9475.77,credit,pos,Walker-Salazar,posted,2026-09-10 08:21:23.492796
3344,84f5b99e-b6fe-4124-9fcb-c683b3699666,181,8174.52,credit,ussd,Higgins Group,posted,2026-09-10 08:21:23.494328
3345,08c31aac-53b9-4f55-b6e3-4f870273b78b,125,514.01,debit,pos,"Parrish, Boyle and Benton",posted,2026-09-10 08:21:23.496134
3346,69e762a1-1d75-4d3c-9cb1-59f1d3023068,73,17539.75,credit,ussd,Marshall-Gilbert,posted,2026-09-10 08:21:23.49757
3347,e2423c6b-9079-4759-8353-dba3393842cb,13,11386.54,debit,transfer,"Bishop, Cervantes and Jimenez",posted,2026-09-10 08:21:23.499486
3348,17fe85b9-742d-491e-8924-c2774de63c7b,103,16719.68,credit,card,Bailey Ltd,posted,2026-09-10 08:21:23.500846
3349,2af20050-c8bc-4472-9ae5-957fd958c312,91,17632.40,debit,card,Martin-Armstrong,posted,2026-09-10 08:21:23.502493
3350,700f4192-c418-45ac-a385-1610dbd28ffe,18,18825.57,debit,pos,"Allen, Brock and Hopkins",posted,2026-09-10 08:21:23.504058
3351,6f2ed9fb-e278-4cf0-b271-c5de593ac3d3,38,10503.14,debit,transfer,"Kent, Williams and Sanchez",posted,2026-09-10 08:21:23.505784
3352,7b1f8dd3-1de8-4949-bd06-26cf9ab38096,167,9394.39,debit,pos,"Chambers, Gross and Smith",posted,2026-09-10 08:21:23.507556
3353,d4d9868c-134c-4a5f-a901-bad1892dec28,127,17205.64,credit,ussd,Olsen LLC,posted,2026-09-10 08:21:23.509303
3354,1517b09b-a2da-468d-8bcd-b4991ad17ce4,59,9614.40,credit,pos,Ramos Inc,posted,2026-09-10 08:21:23.511214
3355,830aa2d3-e658-4aac-92c5-4dd20eb58644,153,16276.59,credit,pos,Flores-Garcia,posted,2026-09-10 08:21:23.512985
3356,0aa7d32b-402e-4aaf-8151-6b1331a11ba4,117,1986.32,debit,ussd,Costa Group,posted,2026-09-10 08:21:23.515187
3357,f0797e23-c41f-4983-b918-0172efb3f226,87,3774.09,credit,transfer,Murray and Sons,posted,2026-09-10 08:21:23.516806
3358,04d9a764-e223-46a9-b7b5-144f42d66db8,64,709.23,debit,card,Clayton-Johnson,posted,2026-09-10 08:21:23.518505
3359,527c4e3e-4515-4974-a0b3-be17b8db1549,43,1368.22,credit,card,"Holt, Johnson and George",posted,2026-09-10 08:21:23.520392
3360,00bfe0c5-cf56-40a6-b4d0-531e8014070f,8,7429.45,debit,pos,"Ellison, Lindsey and Hess",posted,2026-09-10 08:21:23.522413
3361,65759e29-03bc-4ccd-b479-abaad9b15d32,27,414.78,debit,transfer,"Gonzalez, Delacruz and Munoz",posted,2026-09-10 08:21:23.524433
3362,c04cce16-b896-4c77-a44f-a70fac66996e,197,9275.83,credit,card,Huynh and Sons,posted,2026-09-10 08:21:23.526182
3363,495fc263-bd81-4773-8444-8cf36911e382,101,1727.49,debit,card,Wolfe-Horn,posted,2026-09-10 08:21:23.527908
3364,253fd0e0-bbf9-4c3d-8ec7-51cb953d15ad,65,3019.64,credit,pos,Lopez Ltd,posted,2026-09-10 08:21:23.529685
3365,60aa5b25-38ca-40c5-98a7-7a02cf5f984c,80,260.72,debit,card,Rubio Ltd,posted,2026-09-10 08:21:23.53133
3366,7d5069ca-4095-45e2-b25c-7ca89f8f56c3,14,15692.34,credit,transfer,Martin and Sons,posted,2026-09-10 08:21:23.532985
3367,b1509eb2-41da-471c-a00a-d59610abdac7,122,5869.66,credit,transfer,"Wong, Hines and Dean",posted,2026-09-10 08:21:23.535271
3368,cb4f0766-9a2a-4730-bacd-4bc7fe59ae45,45,11427.49,debit,transfer,"Davis, Gibson and Daniels",posted,2026-09-10 08:21:23.537163
3369,f1064a59-a98c-4642-86bf-efe07f4c2d3f,35,13260.11,credit,card,Miller-Boyle,posted,2026-09-10 08:21:23.538872
3370,18cba7fc-aa51-466a-b3db-9dde9bdd4d29,186,1344.64,debit,card,Ross LLC,posted,2026-09-10 08:21:23.540927
3371,0f2b702f-65b3-4c70-82ee-567444072a18,193,4745.58,credit,pos,"Pham, Brown and Ramos",posted,2026-09-10 08:21:23.543188
3372,d1af99a7-dd74-4990-b6a0-a89309d9c5e6,196,4617.41,credit,ussd,Hernandez Group,posted,2026-09-10 08:21:23.545397
3373,9a27af11-92d5-4424-8cf8-73f12f92c3f6,16,13385.95,debit,ussd,Shaw-Morton,posted,2026-09-10 08:21:23.547725
3374,2f6c041a-8942-4ad3-9e73-f1c21c92f4ba,159,141.80,debit,ussd,Chapman-Mcdonald,posted,2026-09-10 08:21:23.54979
3375,4dcc9940-e745-4578-953a-41ff0064ce5e,54,2536.23,credit,card,Shaw-Castillo,posted,2026-09-10 08:21:23.552116
3376,d81a074f-70ee-4693-9aaf-6126383a61fc,66,10909.41,credit,ussd,Herrera-Ramos,posted,2026-09-10 08:21:23.554332
3377,74bfe29e-321e-4915-9a95-e5cbb44b0d1e,152,19454.72,credit,pos,"Miller, Wilson and Farley",posted,2026-09-10 08:21:23.556736
3378,dc7e9660-9817-4d82-836a-3780df6cd866,6,11774.51,debit,transfer,Callahan-Gilbert,posted,2026-09-10 08:21:23.558806
3379,113facfe-77e3-4770-bd0d-734b180791c9,165,4387.10,debit,card,Mendoza and Sons,posted,2026-09-10 08:21:23.560896
3380,67ce7cf0-64ec-40ad-9a71-6252fc97d662,59,19986.99,debit,ussd,"Larson, Romero and Cook",posted,2026-09-10 08:21:23.563167
3381,f5033767-92f0-4163-9220-4ab0508628fe,10,11638.15,debit,card,Smith-Parker,posted,2026-09-10 08:21:23.56527
3382,ed367931-265e-4ccd-9e0f-bb7cb0f354e4,180,19689.54,credit,transfer,Fisher PLC,posted,2026-09-10 08:21:23.567275
3383,41ed57ed-ec3a-4a3a-91e2-e9faff103be8,71,9344.26,debit,pos,"Garcia, Soto and Jones",posted,2026-09-10 08:21:23.569642
3384,b5e0a34b-b085-4684-9ba4-14b704a826b6,110,11202.08,debit,transfer,"Mcgee, Hill and Williams",posted,2026-09-10 08:21:23.57176
3385,4ce20125-bb4a-447b-8abe-c73dee4c116f,2,4219.65,debit,transfer,"Short, Montgomery and Vasquez",posted,2026-09-10 08:21:23.573902
3386,388b56be-26ac-4098-a9ed-3ce94b7220c9,109,10688.87,credit,card,"Callahan, Miles and Rodriguez",posted,2026-09-10 08:21:23.576323
3387,3edeaed7-3b4e-46cc-a8f1-6ea2227321b0,79,8513.36,credit,card,Perez-Lawrence,posted,2026-09-10 08:21:23.578519
3388,a7e96f6a-f769-447c-bd98-96bdb05618b5,75,8056.06,debit,pos,Duncan-Davis,posted,2026-09-10 08:21:23.580864
3389,77508458-9126-4324-a18e-35251ba34bce,12,2196.73,debit,transfer,Hoffman Inc,posted,2026-09-10 08:21:23.582916
3390,e7fe78f8-0571-41fb-bcde-d08324333702,120,8609.32,debit,pos,Farrell-Brown,posted,2026-09-10 08:21:23.585024
3391,d35f1bba-2a2b-4cd7-9cfe-903c93358a2e,152,5462.03,debit,ussd,"Wallace, Higgins and Harris",posted,2026-09-10 08:21:23.587305
3392,c94ff39a-8428-406f-9ebf-a34d6d483839,105,11530.74,credit,transfer,"Estrada, Robertson and Richardson",posted,2026-09-10 08:21:23.589635
3393,2c14dbb7-ff14-40b8-9de4-eae58de0d28a,166,17429.82,credit,card,"Hogan, Bridges and Goodwin",posted,2026-09-10 08:21:23.591811
3394,f8de1e34-7caa-42a1-a9d4-b75f769c9ac5,30,16663.89,credit,pos,Moore-Johnson,posted,2026-09-10 08:21:23.593934
3395,cb5380cf-9646-4781-83ab-330894fc7f7c,71,648.69,credit,card,Bond and Sons,posted,2026-09-10 08:21:23.595927
3396,ef9051f7-07f1-4865-ac19-4d3ef7db5721,122,6980.94,credit,transfer,Deleon-Rowe,posted,2026-09-10 08:21:23.598068
3397,e01cf31f-9ade-49f9-af9d-51390fbffe77,98,1031.05,debit,transfer,"Horton, Patterson and Guerra",posted,2026-09-10 08:21:23.600314
3398,f01e1399-752d-442a-b48e-83347fa10981,177,4076.61,debit,card,Kim Group,posted,2026-09-10 08:21:23.602449
3399,fc27418d-7c18-4a1e-a389-7c2bdd3550dd,67,2617.26,debit,card,"Jones, Taylor and Fritz",posted,2026-09-10 08:21:23.60486
3400,f1b0302e-1d8c-4870-b838-6788ae8c817c,90,8177.18,debit,pos,"Lucas, Gutierrez and Morrison",posted,2026-09-10 08:21:23.607031
3401,06579638-9d1a-4525-a2a3-83650dc4a3b6,56,4014.16,debit,transfer,Gibson-Hunt,posted,2026-09-10 08:21:23.609125
3402,3649ebbc-5ff4-4eed-980f-1fe04c31ed3d,170,9395.00,credit,pos,"Morrow, Reynolds and Jones",posted,2026-09-10 08:21:23.611323
3403,a5061ee7-b147-40e5-ab71-08c341bd3f0b,51,6714.02,credit,ussd,"Martinez, Richards and Mitchell",posted,2026-09-10 08:21:23.613669
3404,59a84e2d-0722-42bf-9f88-9c6190018262,98,7023.50,credit,transfer,Davis Group,posted,2026-09-10 08:21:23.61638
3405,640db535-3b7a-4b86-a34b-04b35a659c6c,157,13592.30,debit,pos,"Rodriguez, Price and Stewart",posted,2026-09-10 08:21:23.618822
3406,5282475f-ddd7-49e9-a4d7-aaccea44146d,3,816.71,credit,ussd,Moon-Payne,posted,2026-09-10 08:21:23.620412
3407,28f620f4-36c2-48dc-a46a-542a06a54ee9,179,19090.86,debit,transfer,"Manning, Clayton and Cox",posted,2026-09-10 08:21:23.62275
3408,0138de0c-f2ec-45ab-a407-f35376fb9812,79,17936.63,credit,transfer,Phillips LLC,posted,2026-09-10 08:21:23.624777
3409,ef2a5536-3082-4f75-b482-bc1f137dcc93,25,13389.25,debit,transfer,"Campos, Hernandez and Kim",posted,2026-09-10 08:21:23.627086
3410,5fe7d3f3-ddc7-4877-b076-87d8d847f716,154,17366.94,credit,pos,"Martin, Hammond and Martinez",posted,2026-09-10 08:21:23.629223
3411,d9f86a71-f5d9-4ba9-a61f-82d7c1abb003,43,2344.10,debit,pos,Nelson-Steele,posted,2026-09-10 08:21:23.631267
3412,e926f309-8efe-493c-aa56-ae9df5a19fdf,182,10097.32,credit,card,"Crawford, Hernandez and Huang",posted,2026-09-10 08:21:23.633683
3413,1256675c-c31c-43b8-835e-5af94b011194,80,3149.94,credit,ussd,Rasmussen-Munoz,posted,2026-09-10 08:21:23.635745
3414,18e5c3ae-5c66-4044-91e9-41ca975643dc,91,10103.41,credit,card,Adams-Mosley,posted,2026-09-10 08:21:23.638035
3415,9097e0d8-e256-4185-b554-bd6fe730bb0a,174,19038.82,credit,card,"Smith, Schmitt and Peterson",posted,2026-09-10 08:21:23.640424
3416,22e6bb94-5288-47c2-af0e-4ae622990f9a,165,19189.15,debit,pos,"Lewis, Cunningham and Jones",posted,2026-09-10 08:21:23.642668
3417,0ebcd5be-b4e2-494d-bc6a-92314eb9ecdc,106,8447.09,debit,pos,"Coleman, White and Griffin",posted,2026-09-10 08:21:23.644891
3418,98368277-51c7-46dd-ade1-59a33ef73a79,22,3185.35,credit,transfer,Robinson Ltd,posted,2026-09-10 08:21:23.646843
3419,30f7c49b-2a82-4e6d-8f6f-5a62accf67b8,176,131.68,debit,card,Lamb-Stafford,posted,2026-09-10 08:21:23.648898
3420,67551638-0441-41c2-840a-aabc148b9414,20,6701.59,debit,transfer,"Jones, Hill and Manning",posted,2026-09-10 08:21:23.65102
3421,ca6e70a0-628b-4248-8ada-1d8f8b6942e0,141,4827.63,credit,ussd,Henderson PLC,posted,2026-09-10 08:21:23.653029
3422,1e73f395-e2f3-40ae-9275-98258d5ced60,27,5608.99,credit,transfer,Johnson-Martin,posted,2026-09-10 08:21:23.655086
3423,b909af73-3a90-453a-a1f5-4a92ee801840,107,8925.26,debit,pos,"Smith, Vaughn and Martinez",posted,2026-09-10 08:21:23.657186
3424,4547df1f-5104-4444-8447-3676a8248d3c,80,5219.64,debit,card,Lee-Garcia,posted,2026-09-10 08:21:23.659379
3425,067f9488-db21-4f8f-8c6c-b7691a72083d,6,14830.25,credit,card,Wright-Ortiz,posted,2026-09-10 08:21:23.661558
3426,b89feae4-ccad-480f-af03-75d7170a9120,30,1692.81,credit,transfer,Mays LLC,posted,2026-09-10 08:21:23.663808
3427,11b12f0c-e650-4626-964d-4ab5ba5799cf,95,2192.17,credit,pos,Bell LLC,posted,2026-09-10 08:21:23.66643
3428,cff44c2f-95e3-43b3-9d2a-a79cf7ef0a72,9,4866.58,debit,card,Cunningham-Baker,posted,2026-09-10 08:21:23.668192
3429,a87926d7-6911-48cc-a11e-8c2558982413,173,466.70,debit,pos,"Moran, Delacruz and Sanchez",posted,2026-09-10 08:21:23.670393
3430,604d9d3d-74cb-455f-a98e-622aca5ca196,147,1453.19,credit,pos,"Mckenzie, Lawson and Jones",posted,2026-09-10 08:21:23.672634
3431,58fc4fb2-5725-48c9-8d83-486b2434f9df,136,163.78,debit,transfer,"Leon, Moore and Larsen",posted,2026-09-10 08:21:23.675123
3432,eef0242c-6086-4f5e-809d-bf6c87c33c78,29,17170.08,credit,transfer,Miles-Bradford,posted,2026-09-10 08:21:23.677096
3433,c1aa4720-f915-4f62-ad98-f271f2140efe,110,16414.16,credit,transfer,Mcknight LLC,posted,2026-09-10 08:21:23.67894
3434,d1b6c86b-5857-495b-8dc4-17a10b7ffc1f,54,7723.38,credit,pos,"Anderson, Barnes and Graham",posted,2026-09-10 08:21:23.681047
3435,28c49d87-80ee-4c7a-a204-502496afc0e7,8,8511.08,debit,transfer,"White, Moreno and Padilla",posted,2026-09-10 08:21:23.683271
3436,4b078b05-7263-4866-a837-cfd72d7e54cb,8,18808.99,debit,pos,Reeves Group,posted,2026-09-10 08:21:23.685236
3437,d79dd585-4949-4fb1-9df9-f7bfd0f84a06,198,9851.58,debit,pos,"Hawkins, Lopez and Blake",posted,2026-09-10 08:21:23.687455
3438,d175224a-d817-4379-a0fa-a5942b1195c5,107,11749.51,credit,ussd,Cox Group,posted,2026-09-10 08:21:23.68939
3439,13d96d24-647f-4f1d-8b3c-9a6ef09d8811,197,5107.12,credit,card,Hill and Sons,posted,2026-09-10 08:21:23.691408
3440,66c36079-5d4e-467f-8cb6-6be85512f53c,68,655.75,debit,transfer,Green-Marshall,posted,2026-09-10 08:21:23.693419
3441,6ea3e4ac-7e89-43e9-a391-5f5bd859a70b,44,12429.71,debit,transfer,Long-Morris,posted,2026-09-10 08:21:23.695769
3442,30d73936-569a-4b9e-9674-365715f4054b,120,9059.56,debit,card,Davis Inc,posted,2026-09-10 08:21:23.697791
3443,af0f7416-90aa-4350-b82d-1e1aa7672b04,97,6753.88,debit,ussd,"Hill, Brown and Beard",posted,2026-09-10 08:21:23.700135
3444,61ff3789-aa6d-479f-88f6-cb929dee7da5,117,5562.55,credit,transfer,"Cordova, Sexton and Figueroa",posted,2026-09-10 08:21:23.702658
3445,223430b8-a360-431e-ad48-83cb8c3270be,88,18110.94,credit,ussd,"Ray, Taylor and Cooke",posted,2026-09-10 08:21:23.704847
3446,939fa661-a4b2-41d0-894f-924b8a00fb11,151,12731.11,credit,card,Suarez PLC,posted,2026-09-10 08:21:23.706915
3447,39785197-70a3-4e55-a72b-70b80d4eb83a,61,14712.65,credit,transfer,Campbell-Hartman,posted,2026-09-10 08:21:23.709298
3448,a4acdf5b-9331-4072-b929-50015d58d8be,52,19084.65,credit,pos,"Bird, Wilson and Petersen",posted,2026-09-10 08:21:23.711397
3449,11e9fba6-50cb-4b51-97ef-d71a11b130de,64,1329.20,debit,ussd,Beck Group,posted,2026-09-10 08:21:23.713462
3450,f8331c49-c52a-4db3-80e7-c8edf0ebcfc0,115,5192.98,debit,card,Campos Ltd,posted,2026-09-10 08:21:23.715548
3451,6c316261-e525-4bda-a3b6-2a1cb96d8261,55,12211.09,credit,card,Ruiz-Walters,posted,2026-09-10 08:21:23.717485
3452,5f0f99a0-ab56-46e0-8933-67da58f84f64,5,372.64,debit,transfer,"Hanson, Bailey and Brown",posted,2026-09-10 08:21:23.719743
3453,dbf7d274-aad6-4bee-98b5-8c623e7d7845,39,7812.90,credit,pos,"Price, Leon and Roman",posted,2026-09-10 08:21:23.72193
3454,be002dcb-3064-45ae-b5dd-50208ff61292,18,4274.79,credit,pos,Adams-Bryant,posted,2026-09-10 08:21:23.724087
3455,8ac6d7b5-d119-4ba2-8b7b-6a08913356a8,114,3848.14,credit,ussd,Rodriguez Ltd,posted,2026-09-10 08:21:23.725229
3456,b67693fe-9a49-4cec-a866-122862980465,172,7455.02,debit,card,Schmidt-Henson,posted,2026-09-10 08:21:23.727213
3457,1a38ca56-ee75-4379-aed8-9b0f6f5eba36,101,7579.57,credit,ussd,Ruiz LLC,posted,2026-09-10 08:21:23.729363
3458,104a2955-c901-4cfe-acc4-ca85cab1ef2e,113,5556.26,debit,pos,"Harris, Holt and Tyler",posted,2026-09-10 08:21:23.731937
3459,04f61439-325f-4a89-9e58-0bdbaf19beae,166,2361.90,credit,ussd,Powers-Thomas,posted,2026-09-10 08:21:23.734143
3460,5757ea88-7fce-44a9-a0c9-ec7f833f1a61,123,17361.99,debit,ussd,Smith-Parker,posted,2026-09-10 08:21:23.73612
3461,672f22a1-1dd6-4ffe-b1fe-e4e03ee14e3d,43,8200.32,debit,ussd,Reed-Owen,posted,2026-09-10 08:21:23.738114
3462,c018dd1f-48fd-46bc-8761-d292ab26d0af,178,4812.77,debit,transfer,"Perry, Meyer and Brown",posted,2026-09-10 08:21:23.740377
3463,bb0cc0b9-3c94-4711-a4cd-4851717e40ef,98,12929.07,debit,card,Martinez LLC,posted,2026-09-10 08:21:23.74246
3464,c6a27c8c-22d9-4656-a2eb-7562192816e7,197,10726.66,credit,transfer,Collins Group,posted,2026-09-10 08:21:23.744542
3465,36a0e299-4400-4d0d-b78a-f6b3897f4604,59,370.71,debit,pos,"Gordon, Duncan and Wilson",posted,2026-09-10 08:21:23.746883
3466,26ce7b2b-e031-4f85-bb44-259a916d6cee,117,8967.64,debit,card,"Dillon, Mercer and Tran",posted,2026-09-10 08:21:23.748995
3467,67a5d910-1c28-4f41-8ea8-6f79ca27ab7b,195,18059.71,credit,card,Morton-Harris,posted,2026-09-10 08:21:23.751235
3468,9f2f0a2a-39ea-481e-a1e6-4ce36d99e393,20,19600.41,debit,transfer,"Hines, Fitzgerald and Mcgee",posted,2026-09-10 08:21:23.753449
3469,35bd9094-bb29-4b7e-973b-0564d63e00dd,124,19103.84,debit,pos,Herrera-Parsons,posted,2026-09-10 08:21:23.75548
3470,9315d79c-f058-43d5-8e47-418e1240795a,40,3089.42,credit,ussd,Lynn Inc,posted,2026-09-10 08:21:23.757668
3471,794c108d-dfb6-4a6f-9c84-e944ff665eed,103,19232.13,credit,transfer,Mcconnell-Erickson,posted,2026-09-10 08:21:23.759831
3472,751aaaaa-2741-4f2c-9596-f5ebdaa58c7e,185,17008.55,debit,pos,Mitchell-Mitchell,posted,2026-09-10 08:21:23.761445
3473,856b4064-751b-4a74-8486-451757251982,13,3055.13,credit,card,"Jones, Dennis and Hicks",posted,2026-09-10 08:21:23.763562
3474,59c5a44b-e0a6-4ec2-85bb-d70785b729d3,142,9776.45,debit,transfer,Hoffman-Valenzuela,posted,2026-09-10 08:21:23.765577
3475,4e6d0a40-e18b-4250-beef-68cf49306f28,11,7739.92,credit,ussd,Preston PLC,posted,2026-09-10 08:21:23.767348
3476,11ffb83c-ae3b-4dfc-95f7-593de48014fe,47,125.57,debit,ussd,Horton and Sons,posted,2026-09-10 08:21:23.769334
3477,4ee6d1a1-21fe-40a7-851c-45eca70a6e8f,200,6714.29,debit,transfer,Castaneda Inc,posted,2026-09-10 08:21:23.771345
3478,d2f7db2a-8d72-4feb-9fa8-f6b7739ace0e,144,299.34,debit,transfer,Lambert and Sons,posted,2026-09-10 08:21:23.773312
3479,13e144d5-f064-4ab0-9ac1-57ae562b663c,67,748.76,credit,ussd,Conrad PLC,posted,2026-09-10 08:21:23.775272
3480,250e9a79-7013-4f45-9ecd-d327afe6a48e,8,13475.91,debit,transfer,"Ortega, Lloyd and Page",posted,2026-09-10 08:21:23.777364
3481,79a324d5-7dce-472e-9572-91ac48e65036,150,3218.80,debit,ussd,Bruce and Sons,posted,2026-09-10 08:21:23.779313
3482,e81cc31a-0afb-4c97-a862-c3c2e23fd8d7,168,7620.43,debit,ussd,Holder-Allen,posted,2026-09-10 08:21:23.781468
3483,694685ee-82e3-4383-b643-ba49a3c6b98c,70,11408.27,debit,transfer,Carlson-James,posted,2026-09-10 08:21:23.783551
3484,2b5e14b7-4002-40dc-8999-947cb32233b1,118,5483.46,credit,transfer,"Miller, Krause and Brennan",posted,2026-09-10 08:21:23.785739
3485,c97ff303-bc74-486f-8941-4cbe21005709,196,3814.71,debit,ussd,"Hernandez, Webb and Morales",posted,2026-09-10 08:21:23.788017
3486,1061fad3-737a-413c-b597-b1e149415f9c,129,11856.76,credit,pos,"Jones, Flowers and Taylor",posted,2026-09-10 08:21:23.79017
3487,b263b266-fee8-4076-83f5-ea36bdf858a8,54,17928.98,debit,transfer,Francis Group,posted,2026-09-10 08:21:23.792229
3488,16ff3cda-81aa-460c-a1b6-4b28f0dbef3f,194,15672.48,debit,ussd,Rice-Pham,posted,2026-09-10 08:21:23.794531
3489,1af2b0a2-34cf-4570-baa6-827bd861d458,181,1337.55,debit,pos,Guerrero-Cooper,posted,2026-09-10 08:21:23.796605
3490,e173a906-08fa-4f29-af7e-6a92628da80d,133,12671.11,credit,transfer,Chan-Thompson,posted,2026-09-10 08:21:23.798671
3491,69db26a5-a7f9-4b96-9d24-6faabe2ce8b4,71,19479.62,debit,card,"Summers, Nielsen and Brown",posted,2026-09-10 08:21:23.800886
3492,d38b18b8-8c80-4735-860a-cf15f78e407c,140,1170.23,credit,card,"Hurst, Harris and Miller",posted,2026-09-10 08:21:23.803094
3493,48530b3c-89ad-4940-b71e-cbeaa417ee56,140,19863.00,debit,ussd,Pierce PLC,posted,2026-09-10 08:21:23.805125
3494,377ef725-75bf-45de-a35c-9383b4e805bc,14,2016.32,debit,ussd,Brown LLC,posted,2026-09-10 08:21:23.807272
3495,6c691355-3f7e-4ddb-860a-7bda6ab4d7b6,101,16514.75,debit,card,House-Valdez,posted,2026-09-10 08:21:23.809233
3496,34aa09aa-52d6-4d55-a61f-a9be79f0b938,25,7961.51,credit,card,Mccoy PLC,posted,2026-09-10 08:21:23.811234
3497,32dc29f0-a241-43d9-87d5-9645e7b0d019,162,12401.83,credit,card,Baker Group,posted,2026-09-10 08:21:23.813115
3498,8b48425d-fcf7-42e3-95f5-fe1f3ba7df01,61,12424.92,credit,transfer,Duran-Morse,posted,2026-09-10 08:21:23.815214
3499,35dc63a1-e7de-41d4-8fd7-2b0d0ba2d25b,124,9644.56,credit,transfer,"Ramirez, Johnson and Roberts",posted,2026-09-10 08:21:23.817496
3500,eaa5e558-879e-4f0b-b213-eeeae54c3291,126,16660.29,debit,card,Phillips Group,posted,2026-09-10 08:21:23.819425
3501,48c85107-f50d-4bfb-a3b6-a872daded304,182,18311.03,debit,transfer,Miranda PLC,posted,2026-09-10 08:21:23.821546
3502,f6dec404-1819-49e0-b44b-324472f12398,8,2764.83,debit,card,"Hodges, Reyes and Johnston",posted,2026-09-10 08:21:23.82374
3503,ba8d139d-9e25-4f95-b428-185ed6febee0,175,6127.90,credit,ussd,Pineda PLC,posted,2026-09-10 08:21:23.825804
3504,e5eab8d4-d99d-4255-8e50-2ac6a1f8b746,147,12791.36,debit,transfer,Obrien-Woods,posted,2026-09-10 08:21:23.82807
3505,c5bf21cb-1b00-43e9-a1ef-963e1635e7f2,156,11756.84,credit,pos,"Hernandez, Henson and Padilla",posted,2026-09-10 08:21:23.83045
3506,d19102b2-fd60-4193-9104-97a9b53dee5d,174,15417.24,debit,pos,"Boyd, Hernandez and Whitaker",posted,2026-09-10 08:21:23.832431
3507,74e2d216-6a84-4aa1-b98c-eff674aee29e,20,14033.44,credit,pos,"Hart, King and Patel",posted,2026-09-10 08:21:23.834881
3508,88477c90-ee0c-442a-b707-8340f2a3271f,61,7925.46,credit,card,"Robinson, Chambers and Lopez",posted,2026-09-10 08:21:23.836976
3509,172780bc-39cd-4c7d-a3bb-f26acfb9aaf3,154,283.01,debit,pos,Flores Inc,posted,2026-09-10 08:21:23.839039
3510,31f51853-85b2-49de-8d48-edc0fc10bb90,179,17482.12,debit,transfer,Charles-Walsh,posted,2026-09-10 08:21:23.84114
3511,31d97432-bec6-4fde-988a-16394a150411,157,14196.27,debit,ussd,"Mcgee, Guzman and Wiley",posted,2026-09-10 08:21:23.843371
3512,bc1a3140-57c7-4d3b-97a3-79e7502ef63c,193,10847.28,debit,ussd,Davis-Jackson,posted,2026-09-10 08:21:23.845472
3513,86918047-c923-4bc1-b79e-230e3d9380e4,177,1639.33,debit,ussd,Browning-Johnson,posted,2026-09-10 08:21:23.84745
3514,75d246d6-0f7a-4db0-aaff-c4fb728d367a,13,7058.84,debit,card,"Marshall, Montoya and Fuller",posted,2026-09-10 08:21:23.849708
3515,833e15ce-3752-4dcc-a55d-893d30b8d76c,135,11868.38,debit,transfer,Zamora-Rowland,posted,2026-09-10 08:21:23.851877
3516,8369bd8c-4c94-457f-8021-12752701b7d8,3,19262.15,debit,transfer,Bradshaw Inc,posted,2026-09-10 08:21:23.853995
3517,3c9f025f-faf4-4131-befa-bf4be32e9f3e,150,10321.23,debit,pos,Campbell Ltd,posted,2026-09-10 08:21:23.856115
3518,a5cf5f54-c036-424e-ac1e-ac1cbb0c4854,28,7397.68,debit,pos,"Ross, Bennett and Miranda",posted,2026-09-10 08:21:23.858355
3519,077dbc59-a0d8-458f-9bda-a0b3de51e999,140,896.43,credit,card,Walker Inc,posted,2026-09-10 08:21:23.860462
3520,bf7428bb-5b31-420c-b186-879e68911db1,112,13343.22,debit,transfer,Palmer-Crawford,posted,2026-09-10 08:21:23.862607
3521,94dcd051-8a95-4611-8ca5-4640554adee2,15,14401.97,credit,ussd,Morrison and Sons,posted,2026-09-10 08:21:23.864555
3522,bf529737-b0ba-42ac-8219-411314a1f761,171,1151.26,credit,transfer,Gould-Stone,posted,2026-09-10 08:21:23.866692
3523,0c6023d5-5551-47ac-b5bd-ec6703915846,81,10006.13,credit,pos,Gill-Hamilton,posted,2026-09-10 08:21:23.868848
3524,30dbd7db-4e12-42d7-8f6e-c5c88a12199b,26,16933.88,credit,ussd,Stone LLC,posted,2026-09-10 08:21:23.870783
3525,c5bef681-cd57-430b-b792-32b7c46cc895,138,17867.01,credit,card,"Hughes, Lamb and King",posted,2026-09-10 08:21:23.873191
3526,1d596e16-0441-44c1-8180-2824c9164f1b,171,5135.20,credit,card,Flores LLC,posted,2026-09-10 08:21:23.875349
3527,8beafd57-4051-45c7-bb02-7fe8512476e6,176,10405.33,credit,transfer,Davis-Mcintosh,posted,2026-09-10 08:21:23.877586
3528,8c284043-27f7-497e-8172-6e06833694a4,172,5071.39,debit,ussd,Mack-Sanford,posted,2026-09-10 08:21:23.879652
3529,f7d491a7-10bd-4685-95f7-079ea7dd5aab,63,17113.33,credit,card,"Flores, Grant and Mccoy",posted,2026-09-10 08:21:23.881697
3530,d2050576-60f5-44e8-a680-c5470b678f90,190,18197.13,credit,card,"Hall, Richard and Myers",posted,2026-09-10 08:21:23.884068
3531,ed888a1e-3ed9-4112-be3e-77faa5d594ab,178,17413.93,credit,card,Gill-Smith,posted,2026-09-10 08:21:23.886153
3532,4269d317-04a1-4102-b816-1e8cbab3f1b4,190,18868.99,credit,card,Thomas-Espinoza,posted,2026-09-10 08:21:23.888026
3533,9065907a-1cca-4e6a-a10c-28b83caa195d,12,3539.19,credit,pos,"Clark, Scott and Stewart",posted,2026-09-10 08:21:23.890167
3534,b421f5e8-6fc2-4a5a-b6b0-984d28a4fdc6,157,13830.49,debit,transfer,Lawson-Curry,posted,2026-09-10 08:21:23.89236
3535,136e9475-b88d-4f90-b44b-acfbcf580bb3,16,10821.56,credit,pos,Henson LLC,posted,2026-09-10 08:21:23.894374
3536,d0d9fcdd-56df-4111-9e36-9bc02183a26d,153,9276.23,credit,pos,Garcia Inc,posted,2026-09-10 08:21:23.896393
3537,bce6ba50-4901-4deb-8896-53185b47f8db,177,2319.37,credit,ussd,"Stevens, Schaefer and Ramirez",posted,2026-09-10 08:21:23.898639
3538,c3beaa1d-8075-4af1-8cd3-37f7126f05e3,188,9270.54,debit,pos,"Palmer, Lopez and Benson",posted,2026-09-10 08:21:23.900926
3539,ffbe78a6-2400-4201-b76f-6395c55d62a4,100,6809.09,credit,pos,Campbell LLC,posted,2026-09-10 08:21:23.902959
3540,d9806a0b-c3da-4f13-95b2-2a44ff39e80e,149,4150.99,debit,pos,Gomez-Park,posted,2026-09-10 08:21:23.90516
3541,e7b295ec-f276-4b05-9aef-0056f7093509,196,4109.92,credit,pos,Torres Inc,posted,2026-09-10 08:21:23.907241
3542,a4463dcf-2bdf-4d94-8f28-729b0cdb327a,59,18433.34,debit,pos,Price Group,posted,2026-09-10 08:21:23.909233
3543,8ebd0b13-cff3-4fef-9957-b4a0339a85b3,85,7892.86,credit,card,"Miller, Macias and Thompson",posted,2026-09-10 08:21:23.911384
3544,59dc1331-0ff0-491e-8ee9-8af0dc2f05ee,182,17086.12,credit,transfer,Martin-Newton,posted,2026-09-10 08:21:23.913459
3545,ed8a2829-2b1a-4009-b79c-b9bcdfdc3f4c,97,16359.51,debit,ussd,Sanford-Jennings,posted,2026-09-10 08:21:23.915681
3546,4ac9d2b5-2bf6-4575-ba7e-53e5456ef49e,83,18035.66,debit,ussd,"Carney, Larson and Mueller",posted,2026-09-10 08:21:23.918068
3547,3f72386d-41e8-4ce2-b0e5-cfe66796e251,87,6369.60,credit,ussd,"Vasquez, Hester and Murphy",posted,2026-09-10 08:21:23.919463
3548,c829bf28-3af7-4e4e-8538-7a465a91d656,110,11135.68,debit,card,"Pacheco, Dillon and Scott",posted,2026-09-10 08:21:23.921586
3549,b6343bb5-44ba-4722-9beb-097557f5f6bd,56,2087.68,credit,card,"Kirby, Griffin and Smith",posted,2026-09-10 08:21:23.923763
3550,3940e72f-4a66-4c78-b311-3084ea223158,92,16016.96,debit,card,Kelly-Pratt,posted,2026-09-10 08:21:23.925808
3551,bacb1c64-bf6b-4d5a-8d7b-a62283069fda,101,11210.23,debit,card,Vargas-Roman,posted,2026-09-10 08:21:23.927936
3552,d5882ec3-fcc5-4bbe-a553-a6774bc3e2e7,156,7599.50,credit,pos,Holt Ltd,posted,2026-09-10 08:21:23.930009
3553,7e42f319-bde0-4060-bca8-25efb7ee9998,63,19048.71,credit,card,"Wood, Rice and Conley",posted,2026-09-10 08:21:23.932256
3554,c32589a6-f2d8-4b05-a7b7-e09b019b5687,31,7607.68,credit,transfer,"Perez, Morse and Jones",posted,2026-09-10 08:21:23.934578
3555,6ee880ad-d00e-4053-9e89-30502b7ce331,63,9908.47,debit,card,Martin-Krause,posted,2026-09-10 08:21:23.936781
3556,ba80b373-2f73-4e1c-89ac-47dd31fbbb49,62,281.55,debit,transfer,Pollard-Campbell,posted,2026-09-10 08:21:23.938815
3557,f05bb153-f714-4672-bb49-2c6ad94365f8,111,12729.24,debit,pos,Brown Ltd,posted,2026-09-10 08:21:23.940766
3558,f691dcff-a237-46ee-b8cd-04090f23a370,96,14758.05,credit,pos,Lopez Ltd,posted,2026-09-10 08:21:23.942885
3559,29c36fdf-dda3-4e15-916b-5302da9dd0a4,34,17492.64,credit,transfer,"Smith, Gallagher and King",posted,2026-09-10 08:21:23.945068
3560,252b214a-7146-42ef-800d-f996734ba79d,123,17543.53,debit,transfer,"Collins, Sosa and Dunn",posted,2026-09-10 08:21:23.947342
3561,fecf6751-7360-4934-9764-b7fa931bee7a,40,14431.92,debit,pos,Erickson and Sons,posted,2026-09-10 08:21:23.949251
3562,0d6eb0f6-0686-40de-97f7-5ceaf1f3fd4b,150,16346.75,debit,transfer,Brown-Pratt,posted,2026-09-10 08:21:23.951358
3563,ada9e264-0f0a-403f-8ad0-8043c3e7d805,43,14018.20,debit,ussd,Butler Ltd,posted,2026-09-10 08:21:23.953447
3564,50d59653-98ef-4b51-b0e5-229488677322,100,19627.25,debit,ussd,"Brooks, Jackson and Christian",posted,2026-09-10 08:21:23.955765
3565,83d5a30e-2d15-4673-8aed-bbe8534e74b0,185,14423.17,credit,pos,Cervantes-Torres,posted,2026-09-10 08:21:23.957981
3566,376d1eb0-5912-4bdb-902f-532e6e188eae,139,7549.42,debit,card,Higgins and Sons,posted,2026-09-10 08:21:23.95993
3567,ff82f4b9-c73e-440e-bdd1-cc082f4fb3ed,171,17807.92,credit,card,Brown-Holmes,posted,2026-09-10 08:21:23.962103
3568,21a9da28-ebc4-458a-9603-ca1c280b1a7f,168,12527.64,debit,transfer,Hogan Inc,posted,2026-09-10 08:21:23.964151
3569,43589f65-8f34-4bb3-9cbc-2c6706a4476f,151,6064.78,credit,ussd,"Shelton, Brown and Perez",posted,2026-09-10 08:21:23.966424
3570,ee0f1a18-de48-4cac-b2f2-fc8d4cbfa8cc,59,11242.80,credit,card,"May, Davis and Lee",posted,2026-09-10 08:21:23.967798
3571,1d0630d2-46a8-445d-abfe-ac7b4bb656d2,104,12197.96,credit,card,Mack-Bryant,posted,2026-09-10 08:21:23.969826
3572,518ac151-009f-4443-8172-56a1dad1abc0,145,18296.41,debit,transfer,"Copeland, Harmon and Bryant",posted,2026-09-10 08:21:23.971975
3573,6ea9699a-8e53-4243-8d93-1d09bee86b79,127,15433.24,credit,pos,"Johnson, Garcia and Martinez",posted,2026-09-10 08:21:23.97426
3574,abea7f99-fa21-47d7-a6b5-80a6346de2a7,90,1550.28,credit,pos,Mcguire-West,posted,2026-09-10 08:21:23.976333
3575,e9c7d294-2cc5-421a-bdbe-c7bc3f0e2059,177,13756.46,credit,transfer,Sutton-Fields,posted,2026-09-10 08:21:23.97837
3576,92c1aadd-0e2b-4971-9e25-c9ae2f8407b8,5,13487.85,credit,ussd,"Stewart, Martin and Campbell",posted,2026-09-10 08:21:23.98054
3577,b2b7d464-f7de-47c4-86cd-bd91f548ecb4,131,12303.20,debit,card,Chavez Inc,posted,2026-09-10 08:21:23.98283
3578,d09bad01-d7e3-4fe4-9dc3-1bb2bb541f0f,6,18447.82,debit,pos,"Moss, Gibson and Nguyen",posted,2026-09-10 08:21:23.985062
3579,46d25f97-303c-4976-a52e-805834bdc502,189,12088.68,credit,card,Wright Inc,posted,2026-09-10 08:21:23.98707
3580,3ce30a56-3079-4dfc-9187-2626e18ed3e9,84,13563.46,credit,pos,Thomas Group,posted,2026-09-10 08:21:23.989076
3581,455cd87a-b002-46d4-b164-8ed47196bba7,168,15001.35,debit,transfer,"Mata, Jackson and Lyons",posted,2026-09-10 08:21:23.991133
3582,220c50f0-de6b-4f0d-8442-0c9e54d9dc61,91,10157.59,credit,ussd,"Douglas, Hill and Boyd",posted,2026-09-10 08:21:23.993592
3583,c154169c-9ec3-45e5-9c8d-f69c8d6d7a1a,109,5186.06,credit,transfer,Bush Group,posted,2026-09-10 08:21:23.995519
3584,e88feed6-28c2-45f3-bfa9-b56c5bcd5057,120,3722.82,credit,transfer,"Robinson, Valdez and Fisher",posted,2026-09-10 08:21:23.997759
3585,440f1a74-f062-416e-8219-d9b40df5c857,81,7623.63,debit,ussd,Carrillo LLC,posted,2026-09-10 08:21:23.999791
3586,9d6f9b45-be7f-4c3f-a2ca-85980478eec6,198,12017.80,debit,pos,Gonzalez-Hall,posted,2026-09-10 08:21:24.001895
3587,31e467b0-e503-45aa-a7b5-8460bc2cebf8,156,19252.29,credit,pos,Medina-Lewis,posted,2026-09-10 08:21:24.003963
3588,db17af6e-9159-4c20-9f70-76e875844f9f,24,17311.20,debit,transfer,Rodriguez-Lucas,posted,2026-09-10 08:21:24.006089
3589,bf40edc7-8fb4-42bf-807c-e1a06a90aaa4,157,19108.71,credit,ussd,Obrien Group,posted,2026-09-10 08:21:24.008115
3590,3d3d42eb-7bbc-4f13-aab6-c3e3f30efc0f,30,16681.91,credit,pos,Olson and Sons,posted,2026-09-10 08:21:24.01017
3591,aabb41bd-4874-4bbf-b37a-5f60b15ca445,119,16378.81,credit,ussd,Oconnell Group,posted,2026-09-10 08:21:24.01229
3592,83be3c4f-f1f1-4da8-a32a-9944710a6859,132,5686.35,credit,ussd,"Gonzalez, Caldwell and Padilla",posted,2026-09-10 08:21:24.014607
3593,b151e90a-4f9c-4a56-bd91-34224c68da7a,99,18486.30,credit,card,Flores PLC,posted,2026-09-10 08:21:24.0166
3594,adc0dad5-347c-40c5-85fe-1e67cd297f20,28,2995.76,debit,transfer,Powell Inc,posted,2026-09-10 08:21:24.018328
3595,87aee1f6-4a1c-4a2f-823c-6aee999502b6,30,7572.40,credit,transfer,"Clark, Cortez and Bailey",posted,2026-09-10 08:21:24.020335
3596,73a61cff-52d5-4db0-9928-50de2631dabf,198,5490.64,credit,pos,Wright and Sons,posted,2026-09-10 08:21:24.022392
3597,d773ed16-5842-4ad8-bb79-e9dff935b9d4,61,13819.45,credit,transfer,"Romero, Hines and Haney",posted,2026-09-10 08:21:24.02468
3598,a686c0b8-cc0e-4fa2-a640-a7dd931fd182,182,6766.88,debit,ussd,Jackson Ltd,posted,2026-09-10 08:21:24.026672
3599,904ccc6c-84b2-4b66-8fa1-03326b4c31d2,172,2456.48,debit,ussd,Griffith Inc,posted,2026-09-10 08:21:24.028565
3600,c3f46a86-bc23-4268-8d9f-6ec824bc258e,135,17821.48,debit,pos,"Martinez, Washington and Wolfe",posted,2026-09-10 08:21:24.030925
3601,8ef3b14e-82fb-449f-bc1e-b9f7914ffb91,62,19455.25,debit,pos,"Chapman, Lee and Barnes",posted,2026-09-10 08:21:24.033048
3602,0ea33ab0-3836-4b45-8d45-270d0e878acc,150,15477.46,credit,pos,Kim Inc,posted,2026-09-10 08:21:24.035072
3603,c71ca6c0-cd9d-4737-b039-b1cf856f925a,155,14895.89,debit,transfer,"Brown, Livingston and Perez",posted,2026-09-10 08:21:24.037371
3604,f6bf5ca0-0fe6-418f-88af-ca4d837a29ca,100,10100.94,debit,transfer,"King, Padilla and Harrell",posted,2026-09-10 08:21:24.039517
3605,2012a09c-bb8d-4967-8c84-61e951b26f86,187,832.29,credit,card,"Thompson, Harvey and Baker",posted,2026-09-10 08:21:24.041662
3606,a8ae8217-1813-4d87-8abe-42a70a9d906a,170,9897.85,debit,card,Hernandez Group,posted,2026-09-10 08:21:24.043656
3607,784dd365-75a1-4d2f-b866-73cf2f71bc73,162,5391.14,debit,transfer,"Peterson, Patel and Lowe",posted,2026-09-10 08:21:24.045808
3608,81690190-d3c4-483a-a871-39fb24b2ffcc,165,16770.30,credit,transfer,Bennett-Acosta,posted,2026-09-10 08:21:24.0479
3609,513ac11e-dea3-439c-8f11-bd1ac5edab16,121,10957.79,debit,card,"Anderson, Woods and Perkins",posted,2026-09-10 08:21:24.049931
3610,dc43eafd-6e27-4199-902a-3ad9ce91c1ee,100,11471.36,credit,transfer,Taylor-Heath,posted,2026-09-10 08:21:24.052101
3611,645b7f0f-d488-458e-8653-37a28a2860f5,140,5483.27,credit,pos,"White, Burton and Johnson",posted,2026-09-10 08:21:24.054209
3612,00bd2000-088a-433b-93bb-e4fad8a17e1f,137,5991.01,credit,ussd,"Brown, Ferguson and Guerra",posted,2026-09-10 08:21:24.056278
3613,43ae1edd-d9c7-45a3-9279-f1a989a7cc22,90,11271.78,credit,transfer,Williams LLC,posted,2026-09-10 08:21:24.058444
3614,cde120c7-ff67-48ff-af88-76e4c4b94d62,182,7298.99,credit,ussd,"Murray, Houston and Washington",posted,2026-09-10 08:21:24.060657
3615,e733c3fe-5ce6-4d26-988e-e7dbfb4d84de,52,14809.42,credit,transfer,Ray-Long,posted,2026-09-10 08:21:24.062629
3616,45870a04-b247-43f2-9b0b-011a1340c916,81,1870.19,credit,ussd,Schmidt-Schmidt,posted,2026-09-10 08:21:24.064822
3617,718bd65b-5920-4fe9-a70d-0a98df7b0c35,123,7786.03,credit,ussd,"Carr, Cross and Chang",posted,2026-09-10 08:21:24.066942
3618,e33d99f5-f83d-405d-871c-542d9d05c3b4,68,399.85,debit,transfer,Sims PLC,posted,2026-09-10 08:21:24.069028
3619,96af74c2-d5d6-4a90-805e-fb7cb0779c3a,20,6846.89,credit,transfer,"Craig, Ingram and Bates",posted,2026-09-10 08:21:24.071273
3620,dc058e8c-01e6-43be-bb4e-d8d7a6658853,41,5423.76,credit,card,Monroe-Griffin,posted,2026-09-10 08:21:24.073258
3621,101e0054-7ea1-4ad3-a3db-787fb293b7e3,30,10369.05,credit,card,Campbell PLC,posted,2026-09-10 08:21:24.075201
3622,eea3718a-28a4-47ab-a3b7-591cd108ab71,186,5730.90,debit,pos,Mullins Group,posted,2026-09-10 08:21:24.077234
3623,a81081ed-b585-4c1a-b9aa-b199e5eaf694,136,12918.88,credit,card,Wagner-Oliver,posted,2026-09-10 08:21:24.07939
3624,3cf2f66b-c237-4e0e-b08f-b72e7cd15d8f,7,9721.61,credit,ussd,Edwards Inc,posted,2026-09-10 08:21:24.081405
3625,73a0c52e-f837-4a41-b0d7-0ef2a42f74e4,93,13612.88,debit,pos,"Stephenson, Powell and Schmidt",posted,2026-09-10 08:21:24.083693
3626,a6e73431-d8ad-4c8d-82a3-9cb06c7ce051,181,2373.63,debit,transfer,Nelson and Sons,posted,2026-09-10 08:21:24.085727
3627,3c61a5d9-9c0b-4ac8-8996-dd27b868e178,27,10800.88,debit,pos,Hahn-Lee,posted,2026-09-10 08:21:24.08782
3628,833bdbaa-0d7e-4f6c-8f7f-236202ca2a8f,174,18911.18,debit,card,Diaz and Sons,posted,2026-09-10 08:21:24.089869
3629,c2379a45-e8bc-4ffa-b0e9-d25b91f60935,67,12822.26,debit,transfer,Johnson-Miller,posted,2026-09-10 08:21:24.092175
3630,0693b5a6-679a-4a57-89f4-6a8c145935a6,86,19117.33,credit,ussd,"Jones, Moore and Miller",posted,2026-09-10 08:21:24.094483
3631,1aeed216-8a2a-4628-995f-76387e1fb666,102,17210.76,debit,pos,Mcclure-Bean,posted,2026-09-10 08:21:24.096454
3632,9eaaca87-cd89-4313-8c8c-9c6f94ac7ea0,102,2287.33,credit,ussd,Thomas-Miller,posted,2026-09-10 08:21:24.098604
3633,aa3b6dae-2d0c-422a-9c33-385e2b3158f5,44,3764.06,credit,ussd,Harper and Sons,posted,2026-09-10 08:21:24.100436
3634,6b9a6c92-0059-4949-b9cf-e12393a90295,172,12000.60,debit,ussd,Brown PLC,posted,2026-09-10 08:21:24.102576
3635,c5f9107b-9e5f-44b7-92f2-1ea7dec44cc5,118,12541.88,debit,transfer,Cummings-Simmons,posted,2026-09-10 08:21:24.104681
3636,d65b0f06-dd19-46da-9f5d-6222c351ea5a,19,8478.28,debit,transfer,Taylor-Hess,posted,2026-09-10 08:21:24.107154
3637,a9a1a72a-c0e9-4874-8565-f88cee3ef984,64,18428.06,debit,ussd,"Fowler, Caldwell and Chase",posted,2026-09-10 08:21:24.109528
3638,6cf8517a-5b2d-4205-97a3-522afa9b69ca,11,5262.66,credit,ussd,Leach-Deleon,posted,2026-09-10 08:21:24.111651
3639,2c696069-a6cd-405f-af0f-98e29fdf5b38,135,6122.43,credit,ussd,Jones-Cowan,posted,2026-09-10 08:21:24.11389
3640,07da590e-16b4-48be-a6af-a45cc3310b94,23,7227.75,credit,pos,"Weiss, Ryan and Palmer",posted,2026-09-10 08:21:24.115872
3641,a2798b4e-1876-47ea-9614-01972c3bd503,63,1174.03,debit,ussd,Cooper-Camacho,posted,2026-09-10 08:21:24.118017
3642,d73b71ea-d7f1-4ef9-a9e8-d9a6ff20745f,2,6014.69,credit,card,Johnson-Taylor,posted,2026-09-10 08:21:24.120095
3643,fa72c450-6cd9-408f-b7be-8df8cb9c5bf1,40,18455.72,debit,card,Lucas-Martinez,posted,2026-09-10 08:21:24.122248
3644,44c02946-4e8f-4229-a427-4a8aa975acad,40,15782.25,credit,transfer,"Allen, Pope and Garcia",posted,2026-09-10 08:21:24.124466
3645,112a1383-b4f2-4e24-a605-bcb879a58bf6,70,9559.73,debit,card,Bender and Sons,posted,2026-09-10 08:21:24.12646
3646,df2805a8-7503-4b5b-94ef-58300ac74d50,134,13732.41,debit,transfer,"Stevens, Hanna and Jackson",posted,2026-09-10 08:21:24.128799
3647,30a67dc7-5241-4973-bfee-bfd5d4ff26e9,79,5034.90,debit,ussd,George-Ballard,posted,2026-09-10 08:21:24.130932
3648,55edb1ac-9a83-41e1-af85-07498a035717,12,9711.45,credit,ussd,Hernandez-Schmitt,posted,2026-09-10 08:21:24.13311
3649,01026f0b-9c27-4581-a286-cc697b244a9e,112,3328.73,credit,transfer,Price-Ross,posted,2026-09-10 08:21:24.135131
3650,9a288c52-0d6d-443d-a496-34fcde27ae65,189,19915.30,debit,card,Price-Sullivan,posted,2026-09-10 08:21:24.137175
3651,c0ee9a1f-670d-4f3f-a109-aae78b197ec9,123,4692.16,debit,card,Porter Inc,posted,2026-09-10 08:21:24.139146
3652,79324c80-f4cc-43bb-b988-eac9f12b646b,136,16476.95,credit,transfer,Harris-Johnson,posted,2026-09-10 08:21:24.141247
3653,14efcb4b-9e26-4ca9-a1fe-74604038a3af,31,1845.24,credit,pos,Sherman Group,posted,2026-09-10 08:21:24.143155
3654,c1461b0d-ca95-4caf-a123-79b2085441f4,182,9163.56,credit,pos,Jones-Cruz,posted,2026-09-10 08:21:24.145277
3655,ec5c8e4b-7d82-4624-a52f-20cbd78653f9,15,13565.11,credit,transfer,Leblanc Inc,posted,2026-09-10 08:21:24.147453
3656,bb8528dd-1df1-4601-946c-ddfa428d4b84,109,3142.70,debit,pos,Medina-Ferguson,posted,2026-09-10 08:21:24.149631
3657,60e7f5d3-2d99-46f6-b0eb-69d5b71bf397,167,13477.58,debit,transfer,Bray PLC,posted,2026-09-10 08:21:24.151533
3658,e50d2d5e-0b8a-42e9-9dc0-745a1d01d952,69,3179.63,debit,ussd,Stephens-Campbell,posted,2026-09-10 08:21:24.153676
3659,861e1865-2428-48b0-9d13-09abbe857566,167,1542.34,debit,transfer,"Stafford, Fowler and Santos",posted,2026-09-10 08:21:24.155861
3660,511cd57e-1835-4709-8f0b-6af30b9f71be,20,15751.52,debit,transfer,Arias LLC,posted,2026-09-10 08:21:24.157832
3661,6fa98844-c7ad-4a68-afe7-bf9b10806371,176,2318.77,debit,card,King-Smith,posted,2026-09-10 08:21:24.159899
3662,ed9e8ea5-5dfd-49ba-b20b-e06a1347989b,196,2049.45,debit,ussd,Taylor-Ward,posted,2026-09-10 08:21:24.161936
3663,004483c1-25cd-40fb-b6a9-7a82e3fb1273,59,7121.67,debit,pos,"Arroyo, Perry and Howard",posted,2026-09-10 08:21:24.1641
3664,86d21806-b0bf-4599-88cc-12f82802ce28,61,6215.84,credit,pos,"Pitts, Robles and Lewis",posted,2026-09-10 08:21:24.166376
3665,6349be00-c9b1-4569-adca-71a6bf436fa9,63,16476.51,debit,card,Cunningham-Barr,posted,2026-09-10 08:21:24.168382
3666,6b130972-be2a-46ae-839e-4917bbec32a9,105,3434.28,debit,card,Parker-Williams,posted,2026-09-10 08:21:24.170638
3667,b6fb5d2f-7f42-4d56-b45e-4fdb406c6ecf,151,3667.68,debit,transfer,"Kim, Schaefer and Joseph",posted,2026-09-10 08:21:24.172805
3668,1fa54a08-cd1e-4682-9c07-a92ec8c3a9cb,186,18553.69,debit,transfer,"Ortega, Reed and Moore",posted,2026-09-10 08:21:24.175065
3669,1695b8e3-5036-4ecf-8bf1-ba57b2ea6172,106,1389.91,debit,ussd,Nichols Group,posted,2026-09-10 08:21:24.177156
3670,a313580d-ae35-4d3c-b0a5-737b33bbe089,186,18801.52,debit,ussd,Livingston LLC,posted,2026-09-10 08:21:24.179145
3671,ad355d9c-85a9-4904-953d-dfcd26d085c1,96,16373.27,credit,pos,Garcia-Cross,posted,2026-09-10 08:21:24.181465
3672,314f1e2f-24c4-4b7a-9341-1b01a95f2877,161,18123.18,debit,card,"Smith, Ray and Martin",posted,2026-09-10 08:21:24.183725
3735,efff00c5-a116-415d-8497-aba9b00eecb6,169,7958.88,debit,pos,Gordon-Mccullough,posted,2026-09-10 08:21:24.316848
3673,651d3b76-a8d1-4451-8c86-6e9e22930c51,128,16998.05,debit,ussd,"Miller, Greene and Allen",posted,2026-09-10 08:21:24.185881
3674,dfda0fa5-88ee-41e0-83e9-0ae15d99e51b,73,5410.42,debit,ussd,"Simpson, Gilbert and Garcia",posted,2026-09-10 08:21:24.188229
3675,aae0230e-bda5-4bf8-a635-53269b17051e,45,4921.00,credit,transfer,"Fisher, Levine and Serrano",posted,2026-09-10 08:21:24.190477
3676,fe86e348-fecf-44a5-a66c-7d1f69abb5f1,54,4324.43,debit,transfer,Hall-Moody,posted,2026-09-10 08:21:24.192467
3677,a1145e1f-f925-4f74-8daf-dada30269e66,2,13198.02,debit,ussd,"Miller, Reyes and Drake",posted,2026-09-10 08:21:24.19461
3678,79afc13d-2f64-426b-9889-5c260cac4485,128,15016.75,credit,pos,Henry-Obrien,posted,2026-09-10 08:21:24.196791
3679,2896fdea-b44a-4241-bffe-f922afdfa874,32,18809.64,credit,transfer,Jones LLC,posted,2026-09-10 08:21:24.198859
3680,4e10c69a-d5f5-422a-ae8d-98e2fe0fe256,144,18464.40,debit,ussd,Shah PLC,posted,2026-09-10 08:21:24.200897
3681,75108f79-ba89-49e3-8cd7-0a6ce2679aba,174,12696.28,credit,transfer,Orr-Dunn,posted,2026-09-10 08:21:24.203205
3682,530947c3-622f-4785-a7b4-6959513b5a37,132,13380.29,credit,transfer,Curtis LLC,posted,2026-09-10 08:21:24.205207
3683,524455eb-f6b0-40b0-ab84-29d92118ee65,189,17538.31,debit,card,Elliott-Haley,posted,2026-09-10 08:21:24.207282
3684,6cc96285-343f-43fc-8949-00f84060d599,200,9919.44,credit,ussd,"Hull, Warren and Green",posted,2026-09-10 08:21:24.209545
3685,3d12584c-a0a6-4951-8532-59740621bffe,182,13052.33,debit,transfer,Hill Inc,posted,2026-09-10 08:21:24.211719
3686,3070d1c2-fb80-492f-a82e-e062a3366b7b,65,15764.04,debit,pos,Smith Group,posted,2026-09-10 08:21:24.213969
3687,078a5590-1a3b-4609-b345-cf835609162e,45,11306.00,debit,ussd,Neal-Sharp,posted,2026-09-10 08:21:24.21602
3688,fa4ea463-5a0a-4114-9182-f2878ffeba5b,29,18205.30,debit,pos,"Shannon, Henry and Ortega",posted,2026-09-10 08:21:24.218151
3689,6f0f47e6-f22e-49a3-9698-883da52e4154,66,2696.29,debit,transfer,Lambert-Romero,posted,2026-09-10 08:21:24.220275
3690,2491b239-7708-4253-951b-a909c8c9c26f,97,3048.43,credit,card,Murphy Ltd,posted,2026-09-10 08:21:24.222243
3691,fb881d9a-57a8-44df-a3d4-b36e9e5047b8,141,13969.02,debit,pos,Best-Preston,posted,2026-09-10 08:21:24.224409
3692,f9146c75-23fc-49ce-b639-b3d761ce7eea,81,2691.37,debit,card,Cooper-Sanchez,posted,2026-09-10 08:21:24.226565
3693,01538970-ab9d-4faa-a8b4-3afdc57e8df1,50,7595.19,credit,pos,"May, Allen and Armstrong",posted,2026-09-10 08:21:24.228862
3694,e475684f-5778-48b8-bcd0-11879967d360,122,13360.68,credit,ussd,Johnson and Sons,posted,2026-09-10 08:21:24.230821
3695,a5e7452c-4fc6-43b9-8e51-1dd627e50bc1,87,8203.82,debit,ussd,Reyes Group,posted,2026-09-10 08:21:24.232849
3696,b077ff1f-af67-4263-8749-cfaae00917de,62,3237.71,credit,pos,Mendoza-Salinas,posted,2026-09-10 08:21:24.234854
3697,ddab45ab-12b8-4383-bf31-8a0f979b65b4,72,14846.65,debit,card,Ross Ltd,posted,2026-09-10 08:21:24.236845
3698,51b0243e-cfd8-4284-9594-674a4cc16337,170,3397.93,credit,pos,Jacobs-Dyer,posted,2026-09-10 08:21:24.238841
3699,1f96a428-14d9-41e0-8062-eb1901a69864,143,7996.48,debit,ussd,Howard-Martinez,posted,2026-09-10 08:21:24.241018
3700,e8168eeb-e22d-4222-9702-a0353ed22b4c,116,6633.56,debit,transfer,"Munoz, Ortega and Scott",posted,2026-09-10 08:21:24.243274
3701,17f92e0c-100e-4b83-a718-fabe280a8327,85,4653.21,credit,pos,Simmons-Tucker,posted,2026-09-10 08:21:24.245372
3702,a083094a-b3ee-4711-a65d-5c5d9a588716,74,3803.59,debit,transfer,Rollins-Gonzalez,posted,2026-09-10 08:21:24.247524
3703,1f3062c3-dfb1-44a1-b910-eb2b99186071,104,2254.71,credit,transfer,"Jones, Holder and Kim",posted,2026-09-10 08:21:24.249846
3704,85219b94-fe59-4149-83f2-05b27e88c694,169,11229.63,credit,ussd,Hurst-Pierce,posted,2026-09-10 08:21:24.251989
3705,2fa5b61c-7378-4674-95fc-2f9c51b4a617,141,11173.58,credit,card,Lara-Carrillo,posted,2026-09-10 08:21:24.254109
3706,43d34233-918e-4372-84a7-a030fe5634c6,16,2787.10,debit,pos,Johnston LLC,posted,2026-09-10 08:21:24.256455
3707,613cf0b5-64e2-47a8-bd62-ee24d1413825,124,9865.77,credit,ussd,"Rodriguez, Sweeney and Leon",posted,2026-09-10 08:21:24.258687
3708,5c125207-df9c-4374-84c1-d85cc1531f4b,178,10800.27,debit,transfer,Vazquez-Larsen,posted,2026-09-10 08:21:24.260969
3709,94b74dbe-bf22-4976-9346-58284498c0b7,183,9654.39,credit,pos,Compton-Johnson,posted,2026-09-10 08:21:24.263131
3710,1cb835f4-b0ab-40fa-8135-dddf089cd395,96,6460.64,credit,ussd,Gardner-Short,posted,2026-09-10 08:21:24.265385
3711,bf665db4-3ecf-4de3-b694-d3f3b275156b,178,820.66,debit,pos,Smith Group,posted,2026-09-10 08:21:24.267355
3712,a696f4ed-d23e-44fa-a76a-af06dcf38683,5,18954.69,debit,card,Thompson-Peterson,posted,2026-09-10 08:21:24.269417
3713,3779c054-f138-4881-8490-9ee1f4ca134c,95,19548.51,debit,transfer,Soto Group,posted,2026-09-10 08:21:24.271292
3714,b51de55c-5e6e-4dfe-8768-07b03ca05a4a,41,2235.56,credit,card,Jackson-Sharp,posted,2026-09-10 08:21:24.273465
3715,08d08b30-d8c5-4905-a236-c12350031da4,157,1408.51,debit,transfer,Crosby LLC,posted,2026-09-10 08:21:24.275446
3716,a078fcd1-bd36-42fa-822d-f1fbf1410e19,6,11991.24,credit,card,Miller and Sons,posted,2026-09-10 08:21:24.277522
3717,4cd33ed6-df7f-4c5d-a03c-310b1316c3af,156,11541.65,credit,card,"Drake, Martin and Poole",posted,2026-09-10 08:21:24.279596
3718,bdd80fea-165d-445c-9774-11f997807acd,94,10963.68,credit,pos,"Wilkerson, Crane and Davis",posted,2026-09-10 08:21:24.281833
3719,88f20416-e97a-410b-9933-6a3a58ea67a0,87,18807.65,credit,card,"Thompson, Sampson and Carter",posted,2026-09-10 08:21:24.284145
3720,42a95732-cba9-4173-bc1f-0d28e63ca931,39,2737.24,credit,transfer,Williams-Stephens,posted,2026-09-10 08:21:24.286143
3721,673ca3ab-5c00-42fa-9fc3-4b1504598fa7,54,11410.10,debit,pos,Chavez PLC,posted,2026-09-10 08:21:24.288006
3722,a0f1f77a-0611-426b-9d7b-4355abb6a468,77,10436.59,debit,card,Johnson and Sons,posted,2026-09-10 08:21:24.289954
3723,94c9c000-aa78-4707-ad17-c5c436ddb68b,53,19836.85,credit,pos,Mosley Group,posted,2026-09-10 08:21:24.292061
3724,17cf50f2-2424-466e-ade5-e14b2984842c,105,10172.27,debit,transfer,"Robinson, Jordan and Johnson",posted,2026-09-10 08:21:24.294175
3725,29e7b6cb-52ce-4541-b217-193cd52b320d,170,361.37,debit,transfer,Taylor and Sons,posted,2026-09-10 08:21:24.296216
3726,2258e930-e637-4fa0-a4aa-ecc0d79a46a7,46,8619.05,debit,pos,King and Sons,posted,2026-09-10 08:21:24.298233
3727,49625fb3-4ce4-443b-850e-a071cc857fb6,87,19760.41,credit,card,Walls LLC,posted,2026-09-10 08:21:24.300316
3728,7ca93c51-9084-47fa-a8ea-ac5bdb529fd9,54,6024.59,debit,pos,Diaz-Adams,posted,2026-09-10 08:21:24.302309
3729,3ad4b2eb-a3c4-446c-96bf-1efb9bc176dc,12,2149.69,debit,card,Medina Inc,posted,2026-09-10 08:21:24.304268
3730,fc8201b7-5806-4cfd-b65e-814d9a95e278,24,15848.83,debit,ussd,Rojas-Garcia,posted,2026-09-10 08:21:24.306388
3731,72970100-03b4-4128-87f4-6eef9fe3dde8,192,16777.79,debit,card,Herrera Group,posted,2026-09-10 08:21:24.308324
3732,3f708a94-a23d-4a0f-b9d4-90fae019c051,160,10288.32,debit,card,Morris and Sons,posted,2026-09-10 08:21:24.310305
3733,4eb0b082-e37d-4811-9fae-09e7527aed10,108,11372.46,credit,card,Barrett-Barrera,posted,2026-09-10 08:21:24.312288
3734,a2b4f0d4-23a4-4623-9fa9-121e3999a2f9,41,4612.72,debit,pos,"Ruiz, Adams and Cook",posted,2026-09-10 08:21:24.314781
3736,21df9fb7-b966-4ee8-aabe-d2e3cf86e064,89,8338.69,credit,transfer,"Luna, Wilson and Bryant",posted,2026-09-10 08:21:24.319189
3737,ed3b9700-e897-482a-a9e7-ede54f0b29dc,43,5480.80,debit,pos,Hammond Ltd,posted,2026-09-10 08:21:24.321226
3738,ee88e2e4-f888-49a3-861e-7439bcb25f46,146,16913.84,debit,pos,Conner-Smith,posted,2026-09-10 08:21:24.323342
3739,79a8641f-8a95-4a52-8d65-c349d32dd584,67,6584.48,credit,card,Gillespie Ltd,posted,2026-09-10 08:21:24.325416
3740,2ac1c3b9-d748-4e40-9e6f-bcc55139f3a1,155,15363.45,debit,pos,"Norton, Long and Johnson",posted,2026-09-10 08:21:24.327588
3741,14499c4b-8804-433a-9881-d47e985f9440,151,3835.94,credit,pos,Sullivan and Sons,posted,2026-09-10 08:21:24.329656
3742,884c7460-270c-4b47-9155-1188e7fa5bb0,147,18704.32,credit,transfer,Roberson-Martin,posted,2026-09-10 08:21:24.331796
3743,414c9c52-c543-46ec-85e3-fd2e4a6784ca,62,15243.24,debit,transfer,"Pierce, Lamb and Weaver",posted,2026-09-10 08:21:24.333999
3744,495465f8-0ec9-4b3f-8959-5b19e1ab8491,104,12848.31,debit,pos,"Murphy, Bush and Esparza",posted,2026-09-10 08:21:24.336255
3745,40f419a3-4641-4c13-b5f3-44d57ea085b8,155,1234.27,debit,transfer,"Berry, Meyer and Kim",posted,2026-09-10 08:21:24.338373
3746,f8e3e060-12e8-4bcd-9326-a2b2a7a0c1e5,174,2978.50,debit,card,Obrien Inc,posted,2026-09-10 08:21:24.34037
3747,bf72a850-b1ca-49a9-a571-4b33352aca63,182,17938.23,debit,pos,Roth-Jenkins,posted,2026-09-10 08:21:24.341533
3748,3f0b9af2-a2ef-4db1-ba2b-efbc98129266,139,3361.21,debit,ussd,"Richard, Mcmillan and Li",posted,2026-09-10 08:21:24.343687
3749,544d5588-b361-49d6-9a54-4603e9575bee,137,7578.80,credit,ussd,Tanner-Guzman,posted,2026-09-10 08:21:24.345831
3750,83b2e227-ccfa-4f1c-8edb-5bbff8c03f0b,155,18420.59,credit,transfer,Mccarty Group,posted,2026-09-10 08:21:24.347825
3751,86d66b99-265b-4436-ac0d-7554bae33222,30,1596.22,debit,pos,"Pace, Matthews and Carlson",posted,2026-09-10 08:21:24.350101
3752,ef5b0948-a11b-4ed7-b719-3bc79fb1c2ed,137,4885.62,debit,transfer,Gonzalez Inc,posted,2026-09-10 08:21:24.352149
3753,781e7301-36ea-437a-997e-24c21d409eac,59,3964.35,debit,card,King-Walker,posted,2026-09-10 08:21:24.354291
3754,06a1d7ed-b846-4bd7-af7d-549032bf3f28,111,5254.90,credit,pos,"Lin, Elliott and Brown",posted,2026-09-10 08:21:24.356617
3755,41703601-2579-4884-9e54-6295f0eba68b,125,14448.57,debit,ussd,Hall-Smith,posted,2026-09-10 08:21:24.358594
3756,4e6be4e8-f90f-4b6b-b471-0a9e18aa2d5e,56,711.05,debit,card,"Espinoza, Duffy and Murillo",posted,2026-09-10 08:21:24.360727
3757,83d989ee-5771-40f3-bd79-4e35f683e58d,158,1114.38,credit,transfer,Johnson-Bailey,posted,2026-09-10 08:21:24.362607
3758,3968b5e9-0691-4287-ab42-91376095cb8e,125,13445.97,debit,ussd,Church and Sons,posted,2026-09-10 08:21:24.364531
3759,2889413e-3399-4749-9b44-f8a046903747,171,12832.00,credit,pos,Moore LLC,posted,2026-09-10 08:21:24.366313
3760,0e96b57a-5631-4a32-98df-9a033ad9dfb4,72,4362.25,credit,transfer,Schneider Group,posted,2026-09-10 08:21:24.368297
3761,7734cc4e-6262-4b74-9885-f71c15c7b1f6,163,7676.62,credit,ussd,Henderson-Douglas,posted,2026-09-10 08:21:24.370422
3762,544cec31-ac7b-49ec-882b-c71cdd5360d3,139,1956.57,debit,pos,Santana-Mcgee,posted,2026-09-10 08:21:24.372536
3763,3bd9dd49-8c6c-4eea-acb9-7ae9b6017643,142,8456.94,debit,ussd,Horton PLC,posted,2026-09-10 08:21:24.374314
3764,71b24f5b-0572-4f9b-aee6-969702c7d8fb,101,3611.79,credit,transfer,"King, Wade and Scott",posted,2026-09-10 08:21:24.376275
3765,90553859-559a-470d-aba4-0d3e28754d51,169,6586.42,debit,card,Reese LLC,posted,2026-09-10 08:21:24.377982
3766,796c8e6f-23b6-4f33-af18-7f405c1e2e1e,38,9721.03,credit,transfer,Jenkins-Frey,posted,2026-09-10 08:21:24.3801
3767,e3597353-10a2-4184-bcee-55681b1c6f76,165,2130.95,debit,transfer,Wilson LLC,posted,2026-09-10 08:21:24.381954
3768,622ff8ad-caaa-495f-898a-0a7a98095e35,18,3961.32,debit,pos,Wang Ltd,posted,2026-09-10 08:21:24.383966
3769,dbe53ffd-d797-4960-a804-62b88fc9d76f,65,7233.60,credit,transfer,Downs-Vaughn,posted,2026-09-10 08:21:24.386283
3770,7b7bfc9c-9f51-4112-ba51-8437bbbd766e,76,1485.33,debit,pos,Williams LLC,posted,2026-09-10 08:21:24.388428
3771,f0dd885d-4db3-4a2b-85e7-0c2a52032434,39,12051.18,debit,ussd,"Keller, King and Thomas",posted,2026-09-10 08:21:24.390679
3772,5d06a519-b535-4151-9201-1893342431df,95,2499.79,debit,pos,Parker Ltd,posted,2026-09-10 08:21:24.392544
3773,47eff4c0-c6a7-4e9b-8173-222661b3970a,120,12532.01,debit,ussd,Edwards-Clark,posted,2026-09-10 08:21:24.394702
3774,90ab8fe3-0721-4c19-af01-31964ed46134,31,18474.67,debit,pos,"Campbell, Dominguez and Hardy",posted,2026-09-10 08:21:24.396631
3775,fc70f36b-1d1f-4dd3-8901-072e36b61451,103,2197.61,debit,pos,Collins and Sons,posted,2026-09-10 08:21:24.398483
3776,54aa970e-f686-4544-8235-dd89c7f76dd3,66,6422.70,debit,transfer,"Wilson, Arnold and Ray",posted,2026-09-10 08:21:24.400696
3777,9630b17a-450d-47f2-8faf-3a1d704bf4d0,196,16751.57,debit,transfer,Hudson-Erickson,posted,2026-09-10 08:21:24.40267
3778,140478a9-d49c-4f84-abed-30e7e6d971b9,133,2223.11,credit,transfer,White Group,posted,2026-09-10 08:21:24.404519
3779,f45e6243-4f28-4e5f-a156-56b94dd9dadf,58,8631.34,debit,ussd,Sanchez Group,posted,2026-09-10 08:21:24.406343
3780,b16c1834-cb59-4b9d-bddf-d291bf6eee7e,3,18422.20,credit,ussd,Miller LLC,posted,2026-09-10 08:21:24.408291
3781,33f87a68-85f1-4804-be9e-534aaf3e8785,75,294.11,debit,ussd,Campbell and Sons,posted,2026-09-10 08:21:24.409896
3782,509bb4af-cdf9-4e59-ac5a-00ec7d0eebf9,140,3329.32,debit,pos,"Brown, Huang and Hunter",posted,2026-09-10 08:21:24.411605
3783,5dddd1c4-755e-4344-a37e-51fa97afd5a3,34,18209.92,credit,pos,Webb PLC,posted,2026-09-10 08:21:24.413427
3784,42c8df9c-10b8-4579-b10c-d5fa17289abb,85,11984.40,credit,card,Sullivan Inc,posted,2026-09-10 08:21:24.415111
3785,8ce46848-2ad3-43b5-9b2b-be2b7262a161,56,529.28,credit,card,Mullen Inc,posted,2026-09-10 08:21:24.416917
3786,4cd97c56-fe72-4601-8341-04dea4402c2c,21,931.62,credit,transfer,"Brock, Bates and Smith",posted,2026-09-10 08:21:24.418879
3787,a33aa26c-7929-48c8-b716-f16041129ae7,94,12960.62,debit,ussd,"Greene, Glover and Page",posted,2026-09-10 08:21:24.421037
3788,c7d94351-b1fb-4760-a3e4-179136b7a6fd,147,7205.91,debit,card,Grant Group,posted,2026-09-10 08:21:24.423006
3789,13e085a5-2267-4684-9f2c-c7a27d5eb114,200,14100.38,debit,ussd,Knox Group,posted,2026-09-10 08:21:24.425002
3790,2589e0b2-3387-4a42-a6a6-077f3e9bd8a8,139,5745.07,credit,card,Peterson-Davis,posted,2026-09-10 08:21:24.426992
3791,adde3471-f92a-4beb-ab08-612612209ee9,182,11792.07,debit,card,"Ross, Moran and Jones",posted,2026-09-10 08:21:24.429141
3792,a7da406d-5f0e-4b90-8382-f22f4fa7f20d,6,13262.05,credit,ussd,"Reeves, Becker and Peters",posted,2026-09-10 08:21:24.431223
3793,e93faa3d-2271-4050-8add-8719f28339a2,167,11077.95,credit,transfer,Maynard PLC,posted,2026-09-10 08:21:24.433253
3794,b8809e5a-bcb4-4c59-a72f-565638268bf0,151,17980.92,debit,pos,"Browning, Johnson and Fitzgerald",posted,2026-09-10 08:21:24.43534
3795,8bca0ea9-9741-4858-9a7f-65ab0df888a7,133,5363.29,debit,card,"Barber, Martin and Taylor",posted,2026-09-10 08:21:24.437936
3796,f95c1ee2-fadc-4ed1-8fa8-bd3c93e26779,192,17418.49,debit,card,Gould Group,posted,2026-09-10 08:21:24.439691
3797,6e248c1b-5ff3-49d0-862c-a6f5ea130f16,108,13745.94,debit,pos,Berry-Guerrero,posted,2026-09-10 08:21:24.442
3798,764b4259-c456-4c48-988d-a25b3882ca61,172,6024.11,credit,card,Morales-Gibson,posted,2026-09-10 08:21:24.444201
3799,b42a20d2-7fde-4fe6-ac42-894846980718,135,7463.71,credit,pos,Stewart LLC,posted,2026-09-10 08:21:24.446302
3800,7e26f60c-f894-4687-9a44-e99ff0d0915e,142,10736.72,debit,card,"Harris, Williams and Ward",posted,2026-09-10 08:21:24.448675
3801,d6993523-735c-4a7a-b2db-56a6a9fde1e4,12,15839.53,credit,card,Price-Stevens,posted,2026-09-10 08:21:24.450848
3802,30b25dda-ea0f-4f4d-85f7-53f22c901d40,74,15385.96,debit,ussd,Crawford-Wilson,posted,2026-09-10 08:21:24.452873
3803,516a42ba-e8a2-4e11-8eb5-740c82215a2b,128,16010.97,credit,transfer,"Thornton, Wilson and Schultz",posted,2026-09-10 08:21:24.455429
3804,32bafa7f-dd7b-45c1-963d-ee2057dec0e6,6,15862.69,debit,card,Hester LLC,posted,2026-09-10 08:21:24.457368
3805,8990f18d-44b5-49ac-a9e2-a1fb91da2cf7,130,19300.89,debit,pos,Young-Sanders,posted,2026-09-10 08:21:24.45941
3806,92543004-659d-43a8-9b85-2b6d8b274900,33,1584.73,debit,transfer,"Banks, Case and Villarreal",posted,2026-09-10 08:21:24.461917
3807,c4cdc401-89c5-4b23-90c3-fecff9f9a7fa,146,10603.41,debit,pos,Rowe PLC,posted,2026-09-10 08:21:24.465818
3808,09d640ad-8240-48ab-92da-5e3c9296ceab,37,18534.44,debit,pos,Collins-Barajas,posted,2026-09-10 08:21:24.467989
3809,7abb733e-62be-4a69-b328-d9dda5829e9b,23,5877.06,credit,transfer,Jones LLC,posted,2026-09-10 08:21:24.470009
3810,1cf785d8-a1fc-41b7-9f50-d56a09932154,154,615.98,debit,transfer,Frank LLC,posted,2026-09-10 08:21:24.471934
3811,aaa6e650-f184-4b96-bec8-552ac24949c2,132,1281.60,credit,transfer,Salas and Sons,posted,2026-09-10 08:21:24.474025
3812,5fc58df5-88ac-4453-8eb4-1e0f0aa6f925,183,65.69,debit,ussd,"Duran, Patton and Vincent",posted,2026-09-10 08:21:24.476293
3813,6386c957-1ec6-4855-afdb-f92e7c607393,163,732.96,credit,pos,"Richardson, Wilson and Moon",posted,2026-09-10 08:21:24.478419
3814,ae7337f9-99b3-4f70-aa50-e93e28ace25e,174,13730.14,credit,card,"Preston, Frederick and Bailey",posted,2026-09-10 08:21:24.480892
3815,444cc1f9-df1d-4df5-826f-57a128e986c4,49,16170.56,debit,card,Santos-Roberts,posted,2026-09-10 08:21:24.482896
3816,585fa4af-47fc-4355-9b42-d7930f123bf8,136,1335.07,debit,card,"Price, Jackson and Phillips",posted,2026-09-10 08:21:24.485111
3817,5c83e039-0f75-45fc-902f-3b758d55b5ab,27,7283.60,credit,ussd,"Smith, Salas and Davis",posted,2026-09-10 08:21:24.48768
3818,c8f529b3-38be-4adc-bc5c-0c9018a512fc,76,76.40,debit,transfer,Brooks Group,posted,2026-09-10 08:21:24.489659
3819,395411a3-7fe7-40cf-bb56-aa81820846de,195,17050.83,credit,card,Guzman LLC,posted,2026-09-10 08:21:24.491477
3820,2b669e10-2630-4aa1-898b-896881d966f9,68,4080.84,debit,ussd,Jenkins-Rogers,posted,2026-09-10 08:21:24.493573
3821,f33ac42f-d1a4-42ae-b24b-0e9c570b45aa,26,4595.06,debit,pos,"Logan, Morris and Dougherty",posted,2026-09-10 08:21:24.495997
3822,0cdcbfd3-649a-4ede-8495-aba2539a0d3a,19,8846.45,debit,ussd,Jackson Ltd,posted,2026-09-10 08:21:24.497985
3823,b972aba8-f6b6-4741-8d3c-d39127f94336,162,2426.79,credit,transfer,Mitchell Ltd,posted,2026-09-10 08:21:24.499926
3824,4024e421-fda6-4faa-836b-f5afbad1fdc1,133,18139.88,debit,transfer,"Chapman, Allen and Ballard",posted,2026-09-10 08:21:24.502192
3825,51b64451-4646-4dfc-9379-46f415360f6b,158,2720.74,debit,card,Mitchell-Rivera,posted,2026-09-10 08:21:24.504669
3826,b77670cc-52ef-4fca-b897-fd6abbb76bff,66,342.43,debit,transfer,Gibbs-Ruiz,posted,2026-09-10 08:21:24.506761
3827,322e94fd-44ba-49dd-87d7-070a45d71fdc,27,2440.36,debit,pos,Gallagher-Colon,posted,2026-09-10 08:21:24.508988
3828,b2664819-4dae-4232-be8c-65eed8847607,200,19414.83,credit,card,"Hahn, Cox and Williams",posted,2026-09-10 08:21:24.511313
3829,f169b1a6-9405-4ed9-8876-4249a038c9ab,174,2352.75,credit,transfer,Page Group,posted,2026-09-10 08:21:24.51363
3830,dbbb9492-c551-414e-880a-6112b1c31cdb,21,938.40,debit,card,Simpson PLC,posted,2026-09-10 08:21:24.515649
3831,82bdef6b-6f43-4a12-92c4-532b3754a819,187,15581.41,credit,pos,Garza-Webb,posted,2026-09-10 08:21:24.51773
3832,811e6ed8-33f2-4a72-abb5-be4807743353,145,7373.13,credit,pos,Perez Group,posted,2026-09-10 08:21:24.519798
3833,30e0c6e2-a6d5-44e4-bb05-4caed4d24123,93,8091.32,debit,card,"Garner, Miller and Johnson",posted,2026-09-10 08:21:24.52201
3834,3f30a44b-691b-4fd8-a99b-a79adc672f75,72,13372.47,debit,transfer,"Spencer, Watson and Sparks",posted,2026-09-10 08:21:24.524224
3835,193b65e6-81f0-4251-bd31-08c8f5a66af5,184,19933.87,credit,transfer,Davis PLC,posted,2026-09-10 08:21:24.526289
3836,977b1349-09f4-4af6-9e2e-a0a6698e86d6,145,15948.79,debit,pos,"Clark, Nunez and Edwards",posted,2026-09-10 08:21:24.528657
3837,1611dbf4-9753-43b0-895f-f5cfc49f5b6d,88,5590.32,debit,transfer,Dixon-Middleton,posted,2026-09-10 08:21:24.530785
3838,a29b6a30-fb2d-4e47-aca9-da38ad08848b,177,17275.97,debit,pos,Williamson and Sons,posted,2026-09-10 08:21:24.532839
3839,a61aaf6a-e856-405a-a00a-d7ef33fb6d44,180,4584.61,debit,card,Mendoza-Gross,posted,2026-09-10 08:21:24.535017
3840,727b374a-a268-44f0-b6e9-cfd1c2e7f3fc,133,223.16,debit,ussd,Willis-Little,posted,2026-09-10 08:21:24.537351
3841,01746c99-498d-4b80-a4f5-d95f48172655,115,8401.68,credit,pos,Hodges-Morris,posted,2026-09-10 08:21:24.539581
3842,f8113443-9b32-4748-ab3f-d7b5f750cabd,99,11956.00,debit,card,Johnson and Sons,posted,2026-09-10 08:21:24.541822
3843,e9dc7fa3-8f32-43dd-b785-96fb6b32a7bb,149,8524.02,debit,ussd,Young PLC,posted,2026-09-10 08:21:24.543583
3844,f18e3a8c-bf21-4646-b9da-032446f3bdd1,163,18144.68,debit,transfer,Martin-Harrington,posted,2026-09-10 08:21:24.546051
3845,0b3a625f-0353-48c7-a2f0-b90dd0449e73,90,15372.88,credit,transfer,"Brown, Krueger and Johnson",posted,2026-09-10 08:21:24.548106
3846,6623d389-8f58-4c6a-be7b-b3bdfee5a864,98,1227.11,debit,pos,"Vasquez, Tran and Woods",posted,2026-09-10 08:21:24.550381
3847,2d6b9fc5-c1c9-4f56-acc8-e071870df839,44,1039.54,credit,pos,Richards Group,posted,2026-09-10 08:21:24.552249
3848,6579263f-1706-4b34-8d0b-c713e86d2a41,60,2606.27,credit,card,"Conway, Adkins and Ray",posted,2026-09-10 08:21:24.554774
3849,bad5d6a5-b5b3-4a09-bf19-4f99ee5093ef,184,17949.67,credit,ussd,Johnson-Cline,posted,2026-09-10 08:21:24.558313
3850,04783708-f9bc-4a5f-95ed-cf687aab32af,93,13086.31,debit,card,Noble Ltd,posted,2026-09-10 08:21:24.560485
3851,bf771539-6703-464c-a7da-7c897eded25f,56,7981.15,debit,pos,Green-Morrison,posted,2026-09-10 08:21:24.562873
3852,f742de31-1ac8-4911-8f47-659a19421a36,12,1925.60,credit,transfer,Hall PLC,posted,2026-09-10 08:21:24.564843
3853,24afa4fb-4285-4b45-930c-f8887a737e94,105,14405.59,debit,transfer,"Smith, Nicholson and Bailey",posted,2026-09-10 08:21:24.567347
3854,62dfe4f3-6904-4a37-94cd-14a3f2535822,196,1376.43,credit,ussd,"Reyes, Curry and Parker",posted,2026-09-10 08:21:24.569539
3855,ec4aa353-1cbb-4371-aef5-a9f71e359239,189,11937.79,credit,transfer,"Price, Brown and Jenkins",posted,2026-09-10 08:21:24.571697
3856,5c252208-07be-4971-b337-00eed1ac52b6,114,17315.97,credit,card,Harris-Jacobs,posted,2026-09-10 08:21:24.573869
3857,61920c89-655b-41e1-8b47-3b3864ef314b,104,2991.43,debit,transfer,Horton-Wyatt,posted,2026-09-10 08:21:24.57612
3858,57c5408a-df9b-4447-8eaa-5b01a9979873,113,11894.34,credit,card,"Wilson, Richards and Ward",posted,2026-09-10 08:21:24.5783
3859,6ff79a85-25a0-421b-8603-b50468eeb719,176,7689.58,debit,pos,"Garrett, Vasquez and Schmidt",posted,2026-09-10 08:21:24.5808
3860,94be5cbe-836e-4368-b768-85fc303906a4,159,10644.94,debit,card,"Frazier, Pratt and Harmon",posted,2026-09-10 08:21:24.583119
3861,0a4c08e3-47a5-45d3-b589-79bcf048e317,1,18571.17,credit,card,"Green, Allen and Holloway",posted,2026-09-10 08:21:24.585376
3862,880ceb3d-ad88-43b4-871d-1cc19d5fff15,79,15444.78,debit,card,Caldwell-Nelson,posted,2026-09-10 08:21:24.587897
3863,133ffa8a-3398-4161-a11c-2bb202dd46f8,56,3780.68,debit,card,"Ross, Hoover and Boyle",posted,2026-09-10 08:21:24.589949
3864,6775db84-5931-4e43-80f7-0caf7023541b,71,6804.27,debit,card,Baker PLC,posted,2026-09-10 08:21:24.592031
3865,97b8edc4-1846-4a06-a78e-f387c29aa416,23,5597.96,credit,ussd,Taylor-Arnold,posted,2026-09-10 08:21:24.593945
3866,1bee6963-1140-4f7d-94cf-e197ab0546fb,166,10606.13,debit,transfer,"Peck, Ross and Lowe",posted,2026-09-10 08:21:24.596185
3867,9d6a241f-8bf3-45f9-b2b4-be88021dd69f,90,12295.88,credit,ussd,Black LLC,posted,2026-09-10 08:21:24.598298
3868,3099bf27-6a91-434e-aca4-dcaeb551b050,178,6806.34,credit,ussd,Simmons-Nichols,posted,2026-09-10 08:21:24.600297
3869,fffe665f-f3ea-4249-93f4-570c7094b6cb,70,18396.31,credit,ussd,Davidson Inc,posted,2026-09-10 08:21:24.602605
3870,5a1f39d7-a914-47f0-a04f-59081f47e712,180,16914.86,credit,transfer,White-Jackson,posted,2026-09-10 08:21:24.60474
3871,910d6dd8-fc54-459a-af02-f90136612119,167,18327.60,debit,card,Howard-Silva,posted,2026-09-10 08:21:24.606897
3872,beb629e7-8238-4bfe-b40c-37671110dac3,5,468.86,debit,pos,"Anderson, Edwards and Haynes",posted,2026-09-10 08:21:24.609144
3873,e381fc24-0e11-4716-bde5-19efc53a6f5c,36,8407.12,debit,transfer,"Powell, Nolan and Frederick",posted,2026-09-10 08:21:24.611558
3874,aa1d6553-591f-4e98-a6a9-8847840d9cf0,63,13391.95,credit,pos,"Love, Moyer and Ross",posted,2026-09-10 08:21:24.613771
3875,094f8f89-76cb-4002-81b4-e428888e5626,31,11458.56,debit,ussd,"Farley, Waters and Armstrong",posted,2026-09-10 08:21:24.616158
3876,7eb538d1-40e0-4b14-883d-543758fe53c5,184,13019.52,debit,ussd,"Ewing, Saunders and Wall",posted,2026-09-10 08:21:24.618389
3877,7e2fe538-5f65-4061-9ffd-e226a104f170,159,5604.11,credit,card,"Edwards, Perez and Lopez",posted,2026-09-10 08:21:24.620688
3878,2152d0e8-bf18-4cfd-b280-ffa7c48f63d7,80,7979.52,debit,card,Cox Ltd,posted,2026-09-10 08:21:24.622691
3879,74b29825-2c70-4e10-bd75-08bee06a6d4c,187,14201.37,debit,ussd,Morgan LLC,posted,2026-09-10 08:21:24.624715
3880,016a1a2e-12f2-4dcc-aa3e-81b4b167748d,96,12886.46,credit,card,Wright-Moore,posted,2026-09-10 08:21:24.626898
3881,bcb166de-dbc0-4ba2-9509-7db825de1683,46,19497.10,credit,card,"Jones, Norton and Vasquez",posted,2026-09-10 08:21:24.629559
3882,e77940d6-cca3-40e3-a6fe-d0f6c6eae54e,199,7470.02,credit,ussd,Mitchell LLC,posted,2026-09-10 08:21:24.63177
3883,fd437238-37e0-45c5-8bcb-a3ba7c42ca24,38,6558.08,debit,transfer,Wong-Johnson,posted,2026-09-10 08:21:24.633841
3884,e9301ba1-7a05-4bfd-9fc6-a58760f95162,198,11187.17,credit,card,Little-Perez,posted,2026-09-10 08:21:24.636074
3885,ee31375a-4718-479d-a863-e97d59affc27,2,4789.27,debit,ussd,Choi Ltd,posted,2026-09-10 08:21:24.638028
3886,1aabd0a8-d788-4356-8617-a7932cd6993b,142,9069.96,credit,ussd,"Johnson, Anderson and Herman",posted,2026-09-10 08:21:24.640335
3887,11839a5a-fd82-484b-a13e-59559f35e2c4,161,11847.00,credit,ussd,"Kelley, York and Houston",posted,2026-09-10 08:21:24.641795
3888,af5ffc0f-60db-479e-9fb3-b41b1ff14ac4,151,17130.16,debit,pos,Brown-Mullins,posted,2026-09-10 08:21:24.643782
3889,8ca2b312-0cfd-4054-beee-795dcb5170d1,133,15033.50,credit,card,Wilson-Johnson,posted,2026-09-10 08:21:24.64584
3890,ab872c4f-813b-4f27-ae87-76d5eac78a77,186,15869.12,debit,pos,Spence Group,posted,2026-09-10 08:21:24.647774
3891,80ab02df-315a-49b1-8792-372c9b0bc984,59,2424.11,debit,transfer,Schmitt Group,posted,2026-09-10 08:21:24.64977
3892,4b6cc40c-b570-4f11-bd4e-f86d82d6a6c0,145,4500.98,debit,ussd,Smith Ltd,posted,2026-09-10 08:21:24.651934
3893,19b5299d-e62e-4dfa-b87a-ad8c2b21d207,20,2689.58,credit,ussd,Rodriguez Inc,posted,2026-09-10 08:21:24.653845
3894,31bc2059-ce68-4e04-ae74-8f8942f96e53,28,2532.74,debit,pos,"Perkins, Oneal and Hutchinson",posted,2026-09-10 08:21:24.656105
3895,7cf738ed-d3ae-47c5-9ff1-4e0b8b9db8d6,117,390.35,debit,card,"Harrison, Curry and Bailey",posted,2026-09-10 08:21:24.658471
3896,2f94ca68-7595-40ee-8644-60b206235759,161,7707.33,debit,pos,Wheeler PLC,posted,2026-09-10 08:21:24.660518
3897,e2ad0f05-4455-401c-b786-0ed640e5688c,125,13248.17,credit,pos,"Andrews, Bailey and Holden",posted,2026-09-10 08:21:24.662694
3898,09745f88-3ecc-47ec-9cda-b0a594d4326b,174,16654.37,debit,card,"Taylor, Henderson and Jones",posted,2026-09-10 08:21:24.664952
3899,538ab7cc-27c5-458c-b3f8-b7f95eb9853e,129,8240.04,debit,ussd,Holland-Rodriguez,posted,2026-09-10 08:21:24.667024
3900,5c2466d7-7fee-4b13-8e1d-7fde62bb3a8f,103,17980.18,debit,pos,Scott-Wells,posted,2026-09-10 08:21:24.669383
3901,2b052707-e390-4728-8759-b9d4807d1aca,152,11399.39,credit,card,Williams-Lowery,posted,2026-09-10 08:21:24.671828
3902,af3a97c3-eba6-41e8-90a0-83354e79d648,36,8072.69,credit,transfer,"Moore, Williams and White",posted,2026-09-10 08:21:24.674015
3903,24475ca4-e398-4097-aa61-ce0425192203,63,16634.94,credit,card,"Curry, Hall and Case",posted,2026-09-10 08:21:24.676287
3904,a0d207c3-0552-4ad4-8523-991c2c4a882e,19,17518.19,credit,pos,Santos-Christensen,posted,2026-09-10 08:21:24.678875
3905,305ae515-9f4b-40de-bece-66d92d6b43f6,13,5090.26,credit,ussd,Murphy and Sons,posted,2026-09-10 08:21:24.680937
3906,d087ceb8-de8d-4b76-9acb-acefb49093d8,159,19769.84,credit,card,"Crawford, Avery and Brown",posted,2026-09-10 08:21:24.683379
3907,bb506876-6986-42b2-8c8a-712f803745ff,25,4503.37,debit,transfer,Young Group,posted,2026-09-10 08:21:24.685416
3908,fd136846-a81a-4efa-a61b-68eba454c17e,195,11304.24,credit,transfer,"Hartman, Greene and Gallagher",posted,2026-09-10 08:21:24.687668
3909,a230b8f6-3002-4c27-80db-6e7085ca346f,134,17040.88,credit,card,"Ward, Moyer and Powers",posted,2026-09-10 08:21:24.689971
3910,f334bbb6-7268-430f-bf2d-e680fe4b0de3,124,7110.79,credit,pos,Paul-Collier,posted,2026-09-10 08:21:24.69223
3911,45e02a24-a641-462d-9f8c-866e84e5e727,162,8662.08,debit,transfer,"Mccoy, Rowe and Fisher",posted,2026-09-10 08:21:24.694517
3912,26558d5a-1e61-4379-9e41-76e985aafcdf,155,15390.07,debit,transfer,Farley Ltd,posted,2026-09-10 08:21:24.696502
3913,d1286d09-aee0-4216-a81f-db3d5ed7f114,94,16047.49,debit,ussd,"Williams, Perez and Johnson",posted,2026-09-10 08:21:24.698774
3914,0053f7d0-482c-42d0-9e7c-e37e573906ad,11,16640.19,credit,ussd,"Spencer, Cruz and Graham",posted,2026-09-10 08:21:24.700994
3915,5cde935e-338e-4c56-a272-acf8155dbbe0,53,17253.79,debit,transfer,Young-Torres,posted,2026-09-10 08:21:24.703152
3916,cc92a024-ce6c-496f-a022-319245274351,25,17565.18,credit,ussd,"Gonzalez, Petersen and Montgomery",posted,2026-09-10 08:21:24.705363
3917,c69ecda4-e7c4-466c-95cd-39659269fc8b,163,10655.63,debit,pos,Aguirre Group,posted,2026-09-10 08:21:24.70745
3918,00049097-c2d6-4107-921d-bdb7b065b22f,15,7579.03,debit,pos,Eaton-Schwartz,posted,2026-09-10 08:21:24.70953
3919,6d02aa09-4ace-4b4b-acb3-086064b37c07,150,8776.32,debit,card,Jones PLC,posted,2026-09-10 08:21:24.711766
3920,078db129-1639-419c-a21e-4dee82a93495,123,5755.42,credit,card,"Smith, Jenkins and Mitchell",posted,2026-09-10 08:21:24.713974
3921,a64936a0-c260-4bba-96b3-0388c14597ff,98,6207.43,credit,card,Ryan Group,posted,2026-09-10 08:21:24.716035
3922,20917898-41f8-4a12-b415-e6f0190ca642,91,5540.98,credit,card,"Davenport, Armstrong and Mitchell",posted,2026-09-10 08:21:24.71832
3923,4f3d4539-9450-437b-8f81-30603e651f90,147,8735.72,debit,ussd,Choi-Blair,posted,2026-09-10 08:21:24.720416
3924,e7956eb5-db4c-4dc5-ae55-e41ecc3bebb4,29,2744.10,debit,card,Martinez Group,posted,2026-09-10 08:21:24.722256
3925,4066d87f-734a-41e4-b5af-55cf59b174ea,121,5312.02,credit,ussd,Marsh Inc,posted,2026-09-10 08:21:24.724182
3926,cdb15154-cd37-429d-b704-faadbf0bcf82,37,11276.79,debit,pos,Mccann Ltd,posted,2026-09-10 08:21:24.726112
3927,11b0a7a4-7637-407c-b7f8-a3c41fd8272d,195,9073.68,credit,transfer,"Reed, Baxter and Barker",posted,2026-09-10 08:21:24.72827
3928,eb9afaad-4b35-4dd8-93ba-36a134e17615,16,2977.86,credit,pos,Howell-Graham,posted,2026-09-10 08:21:24.730328
3929,f3b4de59-9304-4806-a8b3-a23ddd8e54a4,90,14403.18,credit,pos,Harris and Sons,posted,2026-09-10 08:21:24.73224
3930,e2764ff9-ae17-45a5-bd4a-0cdd7f7e2ea6,138,7381.53,credit,pos,Bishop-Snyder,posted,2026-09-10 08:21:24.734292
3931,2b8048d6-4d3a-40a9-9045-6aea385de94d,75,16132.49,credit,card,"Myers, White and Espinoza",posted,2026-09-10 08:21:24.736412
3932,2fe6f68d-e5c8-4009-889a-5418949d9a35,89,1944.03,credit,transfer,"Mitchell, Morris and Graham",posted,2026-09-10 08:21:24.737784
3933,7584da8f-43c2-45c9-88e4-531e8e37d21b,135,19840.16,debit,transfer,Bolton Ltd,posted,2026-09-10 08:21:24.739865
3934,d0e06671-da4d-4223-88d4-733a6ddbd5b7,143,10061.96,debit,pos,Meyer LLC,posted,2026-09-10 08:21:24.741871
3935,e1c93a64-229c-419b-b173-a6e6a5be303f,98,19863.67,credit,ussd,Johnson-Flynn,posted,2026-09-10 08:21:24.743941
3936,c93c58d1-f345-4c8d-ac25-6c7f57514ef8,128,9692.13,credit,transfer,"Williams, Gomez and Holloway",posted,2026-09-10 08:21:24.746174
3937,7d77104d-3111-4796-ab4b-a40158d6b5eb,9,1719.25,debit,transfer,"Melton, Ellis and Bailey",posted,2026-09-10 08:21:24.748389
3938,8237551c-62d0-4f64-a40f-3d16b7425914,26,11644.34,credit,card,Vazquez-Brown,posted,2026-09-10 08:21:24.75053
3939,4d8547ad-21e1-412a-99a8-b166a414496c,76,815.02,credit,transfer,Rivera-Lopez,posted,2026-09-10 08:21:24.752536
3940,eb27b2be-94aa-40b8-aa6c-87b382f9c8ee,3,5129.08,credit,pos,"Andersen, Simpson and Good",posted,2026-09-10 08:21:24.754729
3941,72c92253-44ac-4437-be8e-4f220f236c78,176,15975.96,credit,transfer,Myers Inc,posted,2026-09-10 08:21:24.756762
3942,9e518e57-30db-4152-8d9f-3e70f2dca00a,152,17770.20,credit,pos,"Brooks, Larson and Mcconnell",posted,2026-09-10 08:21:24.758994
3943,9ff500f6-a61a-4176-ace6-aded093fe2cd,3,5866.84,debit,card,Parker Ltd,posted,2026-09-10 08:21:24.761051
3944,f81cf568-3343-4a60-9979-71597ebc93eb,91,11215.08,debit,ussd,Walters-Lucas,posted,2026-09-10 08:21:24.763076
3945,df1c3b0e-ebb9-47ff-b3c1-10c2592edc0e,35,7841.93,credit,ussd,"Alvarez, Stone and Martinez",posted,2026-09-10 08:21:24.765254
3946,c8dd16d1-899f-46ce-8213-53631b61afa9,37,8921.43,debit,ussd,"Mcneil, Lane and Walker",posted,2026-09-10 08:21:24.767459
3947,139eb477-33a0-4dbb-a965-db0bbb5e1c83,175,5362.85,credit,ussd,Sosa-Graves,posted,2026-09-10 08:21:24.769499
3948,1f6adc2c-d31b-48cb-8671-f0d12e8c072b,9,10698.21,debit,pos,"Delacruz, Webb and Nguyen",posted,2026-09-10 08:21:24.77161
3949,02f72528-e1fd-4040-beba-60c84d9558e2,59,6365.13,debit,card,Fletcher Ltd,posted,2026-09-10 08:21:24.773625
3950,e6212276-8782-447f-9ce1-0c68d9a83eec,120,4374.28,credit,ussd,"Myers, Hernandez and Williams",posted,2026-09-10 08:21:24.775853
3951,78ca1a32-b8f7-41f5-8f7d-7af9bde54eac,101,17911.06,debit,ussd,Smith-Walsh,posted,2026-09-10 08:21:24.777849
3952,c39b554c-b804-4309-9637-dcc2f5932ea2,11,378.63,debit,pos,"Johnson, Schmidt and Barber",posted,2026-09-10 08:21:24.780002
3953,05860851-3878-4641-bee8-dce81c6d2cc6,43,6279.87,debit,transfer,Hughes-Mcfarland,posted,2026-09-10 08:21:24.782009
3954,530ab453-802c-46f4-99a2-c7afbae5646e,43,18339.70,credit,ussd,Kelly-Strong,posted,2026-09-10 08:21:24.784195
3955,bd774e5c-6d93-4e1d-8c51-c6beb79b5f05,44,2856.02,credit,pos,Lee and Sons,posted,2026-09-10 08:21:24.786207
3956,6e01a8f3-c40d-43ec-a936-27919e2e5dbd,14,18000.42,debit,card,Hall Ltd,posted,2026-09-10 08:21:24.788326
3957,3b227974-6714-45df-8123-f53c5c65fe50,113,16387.90,debit,ussd,King-Williamson,posted,2026-09-10 08:21:24.790388
3958,b3d1a9b7-8386-41dd-ac3a-28dd98437273,15,17482.30,credit,transfer,Martinez-Sherman,posted,2026-09-10 08:21:24.792566
3959,bf4703d4-896d-45af-9fe4-fe566e02d4b2,188,8280.68,debit,ussd,Williams LLC,posted,2026-09-10 08:21:24.794488
3960,4101b224-9562-4a89-9cf7-bcf5118b3731,78,11769.84,credit,ussd,"Rodgers, Sanders and Phillips",posted,2026-09-10 08:21:24.79679
3961,09fe653c-72ed-4933-a08d-f208d6cd117e,9,19286.98,credit,card,Davis-Calhoun,posted,2026-09-10 08:21:24.798894
3962,7b821e81-7e18-4a8b-9c57-59433a0a4b70,112,3084.67,credit,card,Serrano Ltd,posted,2026-09-10 08:21:24.800961
3963,f428e92a-c872-44eb-a177-2e18acd0d079,18,18764.15,debit,card,Sosa-Wolf,posted,2026-09-10 08:21:24.803124
3964,7a8c1557-9a1c-4dcc-87f1-0ae711e4bcb3,114,19852.10,credit,card,Rosario PLC,posted,2026-09-10 08:21:24.805149
3965,d9fd0972-1c16-4211-b026-9da9044f6e5c,37,13925.57,debit,ussd,Howard PLC,posted,2026-09-10 08:21:24.807059
3966,62c1079a-ce09-4a91-b7d0-22a92f24e460,34,120.67,debit,transfer,Jones-Cardenas,posted,2026-09-10 08:21:24.809103
3967,59577a8b-33f2-4117-ad4a-ccf85ee53d34,126,7102.81,credit,ussd,"Bowers, Savage and Spencer",posted,2026-09-10 08:21:24.811172
3968,91ee566e-4f8f-4a21-9b7d-bf056fda9db1,46,18412.02,debit,transfer,Prince-Watson,posted,2026-09-10 08:21:24.813257
3969,b0b6ec13-3467-4505-8860-bc66812f5a92,98,12170.34,credit,transfer,Ward-Gomez,posted,2026-09-10 08:21:24.815464
3970,f239da0a-8e03-4565-b05e-f21461d52376,177,8129.94,debit,ussd,Ellis Group,posted,2026-09-10 08:21:24.817341
3971,9078e6d7-5b22-4c48-b13d-84b1e0bcb783,200,16237.57,credit,transfer,Anderson-Webb,posted,2026-09-10 08:21:24.819503
3972,2f2c686d-113f-435c-b108-ced299b02706,119,1012.86,credit,ussd,Pacheco and Sons,posted,2026-09-10 08:21:24.821389
3973,c7227249-9e67-4d6f-b84a-f2b825430f61,70,4256.71,debit,pos,Li Group,posted,2026-09-10 08:21:24.823443
3974,eff462ed-ddfb-412d-b915-8f062eb6a3ca,115,18831.59,debit,transfer,Gregory LLC,posted,2026-09-10 08:21:24.825555
3975,dad18969-68ef-4745-8240-128bc045341f,100,13825.37,debit,pos,"Bush, Zhang and Bell",posted,2026-09-10 08:21:24.827823
3976,524235ea-9079-45c5-bb30-1ea695443d1a,184,4485.50,credit,ussd,Baker-Rowe,posted,2026-09-10 08:21:24.830102
3977,6fc5d23c-a81a-4809-9bc1-5abf32bbbd18,90,4433.02,debit,ussd,Sutton-Lee,posted,2026-09-10 08:21:24.832254
3978,2b8f8c9f-b412-4014-9212-1ae735814c98,3,921.53,debit,transfer,"Lee, Payne and Roberts",posted,2026-09-10 08:21:24.83446
3979,10183980-2f4a-4782-85ba-a04e08c92d07,137,8223.51,debit,transfer,"Rogers, Lee and Kerr",posted,2026-09-10 08:21:24.836595
3980,11618d03-9a7f-4a1f-b151-8d65d35f2278,124,9246.55,debit,card,"Riggs, Giles and French",posted,2026-09-10 08:21:24.838857
3981,818ae1c3-4e52-42b5-aa0a-52aecfeabfb8,27,14586.93,debit,ussd,Glass-Cline,posted,2026-09-10 08:21:24.841243
3982,c22a2242-454f-46e1-8d78-001fef45b8d8,101,17651.62,credit,pos,Mitchell-Hernandez,posted,2026-09-10 08:21:24.843273
3983,f4f04823-57c7-41de-aaee-9405005a9383,3,18151.85,debit,pos,Hartman and Sons,posted,2026-09-10 08:21:24.845376
3984,3489e88d-2a63-4e3f-8282-b69485cebfaf,190,17731.95,debit,pos,Stephens and Sons,posted,2026-09-10 08:21:24.847263
3985,5a2fdf4e-cb4f-44e0-8203-74a09765fb7a,56,12430.94,credit,transfer,Stephens Group,posted,2026-09-10 08:21:24.849158
3986,86959c5a-09b8-4d5a-96ea-1ff1f1fe3d17,78,15321.05,credit,transfer,"Salazar, Werner and Hamilton",posted,2026-09-10 08:21:24.851466
3987,6b45982a-3904-4e52-aaa1-494748b72114,32,5506.89,debit,transfer,Patel-Obrien,posted,2026-09-10 08:21:24.85367
3988,b58978f4-b0e3-4162-a9dd-c954427dc8b3,147,15738.31,credit,card,"Hernandez, Gonzalez and Adams",posted,2026-09-10 08:21:24.856201
3989,72664ca5-f486-44a6-b6d4-48d695478a9d,94,17950.76,credit,transfer,"Warren, Carr and Wilson",posted,2026-09-10 08:21:24.85843
3990,351e855f-e6c9-4b91-b5a1-1c965e3de772,112,8259.19,credit,card,"Barron, Johnson and Rodriguez",posted,2026-09-10 08:21:24.860728
3991,dd9d078b-13bb-4cf1-a34a-a6097300f9d7,112,16828.87,credit,pos,Wilson-Santiago,posted,2026-09-10 08:21:24.862827
3992,a0da5193-d5c4-454e-8ec1-af91902249dd,24,11975.43,debit,pos,Hicks-Gay,posted,2026-09-10 08:21:24.864796
3993,a522b328-53e1-45f0-97af-3b5d8d41b8db,12,4703.88,debit,transfer,Green PLC,posted,2026-09-10 08:21:24.867005
3994,ddf7a5c1-da5e-4879-9a45-416c37bc1b68,10,15103.16,debit,transfer,Mathews-Morse,posted,2026-09-10 08:21:24.869078
3995,af291ca8-d7a7-4df0-8091-56fa357852fe,15,8269.79,debit,transfer,Hurley Inc,posted,2026-09-10 08:21:24.871039
3996,cfe7f751-7ac8-432b-999a-042a5c9dcdf8,104,19143.03,debit,ussd,"Bailey, Evans and Garcia",posted,2026-09-10 08:21:24.873291
3997,13a96840-b61b-4320-a145-aaf73ac18747,179,7017.92,credit,ussd,Velazquez-Hayes,posted,2026-09-10 08:21:24.875316
3998,d50f52c0-d2c5-4194-8dc9-1919c85ac7a4,93,13683.23,credit,card,"Daniels, Lawrence and Taylor",posted,2026-09-10 08:21:24.877463
3999,db1b430b-39c8-4749-84da-9434281ac558,42,18878.48,credit,card,Wright Inc,posted,2026-09-10 08:21:24.879393
4000,fe319a2e-9fc8-40ea-ac7f-e27062d5053f,119,1507.80,debit,pos,Brown Inc,posted,2026-09-10 08:21:24.881611
4001,aa47da37-9b0e-4e5b-a4af-ced18b9e85ac,97,6393.71,debit,ussd,"Reynolds, Hart and Washington",posted,2026-09-10 08:21:24.883636
4002,9ea3533c-a7a1-4850-a1b8-285e7a27cafc,11,15061.59,debit,pos,Davis-Taylor,posted,2026-09-10 08:21:24.885711
4003,b6e9ccd8-b1bb-4ff6-a553-5b7c08c33def,63,977.04,debit,card,"Smith, Davis and Bullock",posted,2026-09-10 08:21:24.887774
4004,5b2e4846-02a8-431e-948c-b416aa2026b3,139,2076.44,debit,card,Johnson Ltd,posted,2026-09-10 08:21:24.890117
4005,5a00f750-f6f5-4d8f-8dee-d9f7b51fecc1,191,18980.95,credit,transfer,"Marshall, Stout and Moore",posted,2026-09-10 08:21:24.892328
4006,1c48bacb-06d2-4605-942f-caf571aaeda5,87,12731.84,debit,pos,Jordan Group,posted,2026-09-10 08:21:24.894382
4007,2d5edc11-e36e-445a-a33e-89e759f54b50,11,5612.03,debit,transfer,"Parker, Allen and Lewis",posted,2026-09-10 08:21:24.896482
4008,dceacdcd-bb1a-4f5f-a2a0-c80733f59ac8,181,665.90,debit,pos,Jones LLC,posted,2026-09-10 08:21:24.898476
4009,91050809-8299-4a01-a416-2ffbfc55df99,154,9147.09,credit,transfer,Cole Inc,posted,2026-09-10 08:21:24.900597
4010,06201e31-57e4-468e-aac6-b3864aa47311,89,18315.68,credit,transfer,Schwartz LLC,posted,2026-09-10 08:21:24.902668
4011,9df98279-7ff9-4d76-aea4-f7828becc3c9,141,8165.35,credit,pos,Rivers-Bishop,posted,2026-09-10 08:21:24.905004
4012,bdca2010-ed4b-4230-a327-93548460df52,113,9263.57,credit,card,"Dorsey, Bailey and Freeman",posted,2026-09-10 08:21:24.907088
4013,99bf743f-819c-4c9a-89ee-ed5495fa3b64,78,14301.65,credit,ussd,Malone-Morales,posted,2026-09-10 08:21:24.909251
4014,dcac37a5-dede-4875-8104-62a648c1601f,79,9758.58,credit,transfer,"Richardson, Edwards and Little",posted,2026-09-10 08:21:24.911452
4015,4ca78343-f6c5-425a-b4f1-c4038fb44fef,74,16699.55,debit,transfer,"Wright, Gardner and Burke",posted,2026-09-10 08:21:24.913705
4016,fd09401a-e998-41f5-b61b-d6bdf5406bad,11,19717.85,credit,pos,"Osborne, Miller and Johnson",posted,2026-09-10 08:21:24.915789
4017,5f4ee8f1-783e-4431-b9bf-d0b21af64215,58,12309.55,credit,transfer,Golden Inc,posted,2026-09-10 08:21:24.917775
4018,0a8aa325-cf2b-4277-b272-7ff6b71ced59,71,4037.32,credit,card,Jones Group,posted,2026-09-10 08:21:24.91986
4019,d3683560-f745-4c81-9c88-a8eb06361196,135,12085.72,credit,pos,"Robinson, Gomez and Hernandez",posted,2026-09-10 08:21:24.922003
4020,3ef42009-f8a1-49b8-a610-f4c2ce5d1654,187,17713.03,credit,transfer,Wells-Norton,posted,2026-09-10 08:21:24.924288
4021,72721ab8-1cfd-4a11-b224-d62e298994ae,135,9423.55,credit,card,Riley-Baker,posted,2026-09-10 08:21:24.926292
4022,31c5f393-848a-4863-8248-1d173227ff7a,79,17986.20,debit,card,Fernandez-Pierce,posted,2026-09-10 08:21:24.928311
4023,60486686-0647-49ff-a114-12d7030f7e29,63,10852.84,credit,pos,Garcia-Taylor,posted,2026-09-10 08:21:24.930511
4024,31f03896-80ef-4b02-80e1-35034be32b61,61,15726.70,debit,transfer,Vance-Finley,posted,2026-09-10 08:21:24.932634
4025,6c5b00ca-68ba-4607-8c4c-e581bcaaf337,132,16168.71,debit,ussd,"Moore, Pierce and Powell",posted,2026-09-10 08:21:24.934727
4026,df82612c-8317-4745-8fae-ba20483ba996,7,8367.37,debit,ussd,Kim and Sons,posted,2026-09-10 08:21:24.936647
4027,4caa8297-a9b8-4cb4-b05c-2cd96b6acc95,151,16382.10,credit,pos,Gibbs-Schaefer,posted,2026-09-10 08:21:24.938705
4028,b59bed21-a42d-46fa-83af-435b688d61b7,199,821.37,debit,ussd,Nielsen-Warren,posted,2026-09-10 08:21:24.940734
4029,981b39a5-3586-467b-b2bb-c6e54f5e73c8,122,17619.66,debit,pos,Reyes-Schmitt,posted,2026-09-10 08:21:24.94294
4030,37add495-fdae-44a2-aa0a-21f91bba751f,6,13455.15,credit,pos,"Warner, Fuentes and Pierce",posted,2026-09-10 08:21:24.945043
4031,5bd27dfc-4d4c-4c3b-9b7a-51a0104d608b,48,15361.28,credit,pos,"Jenkins, Johnson and Martin",posted,2026-09-10 08:21:24.947448
4032,73c2227c-6593-49c6-b695-d0fc5940be0b,123,15102.00,debit,card,"Pitts, Ferrell and Strickland",posted,2026-09-10 08:21:24.949652
4033,56f97262-5e39-440a-b99d-d188909f9d38,132,5485.91,debit,card,"Adams, Cruz and Greene",posted,2026-09-10 08:21:24.95179
4034,479a3bc7-1a18-44c4-9414-13709d830ce0,191,16596.15,credit,card,"Wang, Moss and Davidson",posted,2026-09-10 08:21:24.954033
4035,67e0e134-f7ca-4443-a40c-9360de904c52,32,3567.68,credit,ussd,Chambers and Sons,posted,2026-09-10 08:21:24.95619
4036,75910206-8553-497f-bdf0-ed9e1725e3ea,74,8740.51,debit,ussd,"Hill, Wood and Smith",posted,2026-09-10 08:21:24.958372
4037,1a01c952-c9a1-490d-ac38-c1b2250008f6,20,872.99,credit,ussd,Mcmahon-Wu,posted,2026-09-10 08:21:24.959628
4038,f81066dc-b79c-4886-97f9-39ea4575c928,123,842.03,debit,transfer,"Morales, Griffith and Nguyen",posted,2026-09-10 08:21:24.961865
4039,7c32da77-085f-41fa-b1e4-6c9f290e6740,116,7396.56,debit,pos,Rios Group,posted,2026-09-10 08:21:24.96391
4040,70c25a76-8bdf-45fc-aa21-b34a37ccbb54,97,576.58,debit,pos,Alexander-Brock,posted,2026-09-10 08:21:24.966059
4041,e2d9e4cf-93f2-4e6d-9026-270b3f62464b,46,18003.87,debit,card,"Jacobs, Allen and Owens",posted,2026-09-10 08:21:24.968391
4042,7f935775-eb85-4396-a423-f0d7ac577829,181,7492.87,credit,ussd,"Miller, Wong and Miller",posted,2026-09-10 08:21:24.970863
4043,5033d65b-0fba-4e4f-8eee-bbe30579abb9,51,14680.82,debit,pos,"Baldwin, Boyd and Phillips",posted,2026-09-10 08:21:24.973085
4044,72067229-8770-49a5-a9fa-c5ca8d241a50,118,10438.00,credit,transfer,"Daniel, Terrell and Frey",posted,2026-09-10 08:21:24.975355
4045,620aaa76-2630-4e26-add7-e3ca3399ba6d,131,12336.64,credit,card,Fuller Ltd,posted,2026-09-10 08:21:24.97778
4046,f892baf1-1638-452c-903a-2dc0df5dcf6e,5,11974.31,credit,ussd,Frank and Sons,posted,2026-09-10 08:21:24.979455
4047,4352ebae-6a63-4718-85b4-da90cabb1221,126,4227.54,debit,pos,"Brown, Harrison and Roberts",posted,2026-09-10 08:21:24.981611
4048,4cd88d99-885c-493b-a03a-ce0299af2a01,4,15492.04,credit,card,Moore-Beck,posted,2026-09-10 08:21:24.983653
4049,c3b455b2-2f7d-43db-91f0-c1bfdf6b30cc,98,2231.60,credit,transfer,"Lewis, Peters and Webster",posted,2026-09-10 08:21:24.985908
4050,5198c559-d311-472f-89ce-b86976173a88,116,9245.41,debit,card,Osborne LLC,posted,2026-09-10 08:21:24.987888
4051,73125f6c-ee51-4a93-9099-c7b9040b7284,143,3004.95,credit,transfer,Ritter LLC,posted,2026-09-10 08:21:24.989874
4052,9c00ee22-557c-4bfe-b99e-3c1857020276,133,14423.99,credit,card,Macdonald Inc,posted,2026-09-10 08:21:24.991931
4053,4fa09541-8e6a-4eab-afdc-8fbe80c0bb13,147,756.65,debit,card,Haney Group,posted,2026-09-10 08:21:24.993846
4054,704adb5a-ccdf-4af8-a336-b963e832cedf,94,9457.94,credit,card,Anderson LLC,posted,2026-09-10 08:21:24.995867
4055,2afc0cf9-41a9-4862-a121-3ca26b8bee37,90,16143.44,debit,pos,Salazar LLC,posted,2026-09-10 08:21:24.997984
4056,b1bad099-6694-4fbe-bf1c-83cb32a399d1,57,10027.19,credit,ussd,"Long, Lynch and Ryan",posted,2026-09-10 08:21:25.000125
4057,fb521dda-32ac-42c1-a1be-af67bf57c474,69,1922.85,credit,card,"Williams, Esparza and Jones",posted,2026-09-10 08:21:25.002271
4058,c7411ede-3b93-48c3-a23d-d9eabea62545,159,4268.60,debit,card,Payne-Bolton,posted,2026-09-10 08:21:25.004353
4059,be725e2f-70a3-4fc7-b94e-e5a4807298ea,136,2883.62,debit,ussd,"Horton, Smith and Harris",posted,2026-09-10 08:21:25.006551
4060,d2ef9120-7fbb-4685-b254-627eb7c5c58b,8,9218.62,credit,transfer,Faulkner Group,posted,2026-09-10 08:21:25.008501
4061,cd80f67b-c279-40e5-930c-06b0fd59dc82,20,10508.28,debit,card,Owens PLC,posted,2026-09-10 08:21:25.010498
4062,b303a099-c2f7-44c2-b9cc-2bb0ef961179,44,75.92,debit,transfer,"Mason, Edwards and Morgan",posted,2026-09-10 08:21:25.012687
4063,62add937-932c-484f-bb16-b3c7f122b149,196,10574.52,debit,transfer,Stanton Inc,posted,2026-09-10 08:21:25.014738
4064,3da2616e-12e1-40dc-8d2e-55b3a9818eaa,141,210.26,debit,pos,Acosta-Stevens,posted,2026-09-10 08:21:25.017096
4065,671a789c-0483-4c22-843e-f2a8b9b9d13e,77,15083.15,credit,transfer,"Thompson, Mcbride and Price",posted,2026-09-10 08:21:25.019378
4066,75b8129b-09bc-40ea-9780-31b2ce4a7c9c,178,11501.34,debit,ussd,"Knight, Gonzalez and Thomas",posted,2026-09-10 08:21:25.021491
4067,cd9d4a1d-676f-4a33-95dc-a8354464bcea,125,9687.83,debit,transfer,Gray-Ellis,posted,2026-09-10 08:21:25.023766
4068,4a178605-b06b-4da4-af86-afee91282545,173,15781.97,debit,transfer,Carpenter-Anderson,posted,2026-09-10 08:21:25.025518
4069,b8e4ed10-b655-4904-88be-4ac96bc4620f,196,10707.28,credit,transfer,Bowen-Harding,posted,2026-09-10 08:21:25.02746
4070,b50d61e4-276e-4f2f-925a-fe8b864c527f,71,11652.18,credit,transfer,Dunn-Murphy,posted,2026-09-10 08:21:25.029529
4071,e82ac84a-0d15-4d9d-ab83-a634e27a1377,178,963.47,debit,transfer,Howard Group,posted,2026-09-10 08:21:25.031583
4072,d77e2f63-0c1f-48dd-aeea-f9f67c05bbb4,106,9894.42,credit,card,Wilson Ltd,posted,2026-09-10 08:21:25.033459
4073,d4200439-4319-4b39-94bb-8975c445e1b3,171,11980.62,debit,pos,Griffin-Watson,posted,2026-09-10 08:21:25.035611
4074,f138f907-7c59-44b2-853b-30c44838de55,141,11936.48,debit,pos,"Dalton, Reese and Mitchell",posted,2026-09-10 08:21:25.037744
4075,5bbd6a1f-2c94-468e-88dd-22a7fe6083e4,56,9089.05,credit,ussd,Everett-Lee,posted,2026-09-10 08:21:25.039871
4076,b7f4247c-1cf1-4279-bee9-7e61097089f5,24,11633.62,credit,card,Villanueva-Gilbert,posted,2026-09-10 08:21:25.041934
4077,1415d3a7-046c-490b-8281-cf8d934285c9,41,19292.58,debit,transfer,Smith-Perez,posted,2026-09-10 08:21:25.043889
4078,47c35647-5e37-42d3-a24b-5e6227b1fed7,164,18955.55,debit,ussd,Curtis-Salazar,posted,2026-09-10 08:21:25.045869
4079,afccb4e9-2f4a-470f-baf3-d3ed74b4ae9c,21,4198.35,credit,transfer,Scott Inc,posted,2026-09-10 08:21:25.048331
4080,e6d362ed-61a7-4b93-a76b-072144fa6ade,29,6845.08,debit,card,"Herring, Waters and Vasquez",posted,2026-09-10 08:21:25.050489
4081,71df03e5-3d96-47f7-baa8-34c0d3fc65ee,93,9819.26,debit,card,Grant and Sons,posted,2026-09-10 08:21:25.052475
4082,6c5288d0-e493-4661-861e-19393e17ed40,91,4085.37,debit,card,Powell LLC,posted,2026-09-10 08:21:25.054201
4083,24177639-cf92-4de4-a8ae-b2f906748269,79,5880.96,debit,ussd,"Walker, Bennett and Walton",posted,2026-09-10 08:21:25.056448
4084,9a39d8b2-552b-47eb-a518-c943c1fa452c,75,4072.20,credit,ussd,"Lewis, Davis and Keller",posted,2026-09-10 08:21:25.058656
4085,b81278d5-68df-4b3f-a424-25739db1b183,17,512.00,debit,transfer,"Burns, Robinson and Wells",posted,2026-09-10 08:21:25.060814
4086,8cb8d4ea-c464-4aa1-9871-48574438c8bb,34,12034.25,debit,ussd,"Brown, Jones and Snyder",posted,2026-09-10 08:21:25.063061
4087,c49864e0-fb2a-471c-89b1-37233007e05b,102,17508.31,debit,transfer,Garcia-Aguirre,posted,2026-09-10 08:21:25.065145
4088,dad77a27-7625-46ad-9d5c-c4abebabe23d,27,3999.34,credit,pos,Gilbert-Carter,posted,2026-09-10 08:21:25.067383
4089,eaa3bfec-9b9d-4867-83e4-5d058fe385fb,29,8468.42,debit,card,"Hicks, Rodgers and West",posted,2026-09-10 08:21:25.069506
4090,35f67e16-2921-43dc-ba5d-e8f06a642d2f,58,4223.83,credit,card,Warren-Kelley,posted,2026-09-10 08:21:25.071645
4091,580b4a8f-6db6-4fca-b2fe-597a4ff96c45,9,4320.77,credit,card,Flores LLC,posted,2026-09-10 08:21:25.073608
4092,768b574c-ddc8-4280-8d58-f6449703afed,109,834.44,debit,ussd,Guerrero-Chase,posted,2026-09-10 08:21:25.075724
4093,9220fab4-dfad-4089-8ab2-169ac8c4459b,138,8504.17,debit,ussd,"Davis, Blair and Bentley",posted,2026-09-10 08:21:25.07797
4094,da66c780-ead8-496a-a44c-972deca3d589,112,13726.04,debit,transfer,Ruiz-Wheeler,posted,2026-09-10 08:21:25.080079
4095,d3ee23c7-cef3-4418-b096-bccd8abcf862,35,6476.80,debit,transfer,"Gutierrez, Howard and Lewis",posted,2026-09-10 08:21:25.082225
4096,f9368ae0-ff4f-4515-be91-cbb017e2ecb3,61,11249.06,credit,pos,"Rogers, James and Ford",posted,2026-09-10 08:21:25.084438
4097,4793596b-4825-488f-a5b3-6274a508bf4f,29,18671.27,credit,card,Davis-Lee,posted,2026-09-10 08:21:25.086579
4098,7dead54c-8ac7-4fbf-9732-fefe5d25dcf8,181,18572.95,credit,card,Garcia-Fuentes,posted,2026-09-10 08:21:25.087906
4099,2d5d33c8-6a91-4396-99a9-68acc01a6eae,175,8761.71,debit,transfer,French-Harris,posted,2026-09-10 08:21:25.090043
4100,94973d97-c35d-4d49-a4a1-99fadfcb794e,109,13426.03,credit,card,"Pitts, Gonzalez and Hughes",posted,2026-09-10 08:21:25.092166
4101,ddf38ae1-5453-47c5-bd81-a0bd5b6cb7cd,26,631.00,debit,transfer,Barajas-Jensen,posted,2026-09-10 08:21:25.094437
4102,bfc7b404-161d-4b03-9120-f8cbdb743e03,137,5121.75,credit,card,Riddle and Sons,posted,2026-09-10 08:21:25.097847
4103,0ba78da7-9728-4dc9-9091-22de9f71e4ce,37,14656.37,credit,card,Smith-Carter,posted,2026-09-10 08:21:25.100081
4104,f363c5bd-d850-495d-ae63-59df118d8b84,64,19053.64,credit,transfer,Mccoy-Olsen,posted,2026-09-10 08:21:25.10219
4105,7c2aaeb3-7239-4b62-8afa-bc426af1d3c9,34,3048.79,debit,card,"Greer, Coffey and Brooks",posted,2026-09-10 08:21:25.104471
4106,af00ad5c-2062-4dfb-96c3-0790bad72d5e,95,5316.24,credit,card,Lutz and Sons,posted,2026-09-10 08:21:25.106642
4107,79090e07-6277-4d3a-a8ad-864ad8822a11,195,18804.70,debit,card,Wright-Sanchez,posted,2026-09-10 08:21:25.108682
4108,beb8df55-87e1-4edc-814c-d69489d0c1b7,26,4797.91,debit,ussd,Thomas-Hernandez,posted,2026-09-10 08:21:25.111193
4109,4ea854f0-a9a8-4ecb-b2a6-1f8fe748a62a,11,12137.15,credit,ussd,"Ramsey, Sims and Kane",posted,2026-09-10 08:21:25.113318
4110,4f40a326-494f-49c5-a9cc-3a642e8058f6,149,3500.82,credit,pos,Smith and Sons,posted,2026-09-10 08:21:25.115514
4111,9a1459a7-b161-40fa-98f3-07badcfc5aee,46,4679.78,credit,ussd,Butler-Suarez,posted,2026-09-10 08:21:25.117686
4112,f8c74f38-7d6b-47ec-97f3-691e08dce1f8,195,8538.38,debit,card,Martinez Inc,posted,2026-09-10 08:21:25.119667
4113,5ba1faae-daef-4daa-b24d-cdcba141df85,175,18881.29,debit,ussd,Wise-Harris,posted,2026-09-10 08:21:25.121566
4114,75639797-903a-4cdb-a6c4-78a2a3671178,29,3990.59,debit,transfer,"Long, Adkins and Hall",posted,2026-09-10 08:21:25.123744
4115,6ffe54e7-0dcc-4b1c-833e-998be5961785,196,11109.15,debit,pos,Farmer-Martinez,posted,2026-09-10 08:21:25.125877
4116,50ff6d13-b71d-4768-9ed1-cdfb8533fecc,126,6437.65,debit,ussd,Lopez LLC,posted,2026-09-10 08:21:25.12783
4117,48e2966a-f235-4245-be89-a5c52f5cf085,84,17752.61,debit,transfer,White LLC,posted,2026-09-10 08:21:25.129825
4118,365cde65-5b61-4a7b-a3fa-ade87c08a6e3,79,11436.07,debit,card,"Mora, Lewis and Davis",posted,2026-09-10 08:21:25.132059
4119,d66112fb-5ad5-4ac2-9afb-a9c23af48d31,114,13868.52,debit,transfer,Stein-Allison,posted,2026-09-10 08:21:25.134311
4120,9b81c07d-8f6b-40de-a0b7-0df5ac299854,116,17991.56,credit,pos,Jackson PLC,posted,2026-09-10 08:21:25.13633
4121,d6c4e855-37a1-43f2-bd63-7734143ccfdc,26,6829.85,debit,pos,Booth and Sons,posted,2026-09-10 08:21:25.138395
4122,6f16e439-97b0-484d-b6ba-95c4a0a7abb6,2,5006.05,debit,ussd,Schwartz LLC,posted,2026-09-10 08:21:25.140444
4123,e91daa55-13e8-4af9-9056-370f11e88000,13,7586.01,debit,pos,Harris PLC,posted,2026-09-10 08:21:25.142501
4124,d4dde220-3573-4e34-8f18-ba72e2fc02e5,102,7494.94,credit,pos,Jackson-Morgan,posted,2026-09-10 08:21:25.144531
4125,0de90895-9977-40dd-b5e5-8775542b4d9e,55,17743.18,debit,transfer,Olson and Sons,posted,2026-09-10 08:21:25.146596
4126,10ef1bf1-dd78-4738-9d41-76a0349e3827,128,6036.58,credit,pos,"Wood, Floyd and Fitzgerald",posted,2026-09-10 08:21:25.148736
4127,c6551341-d083-4bdd-a7c8-6a4eef243bfc,77,4033.72,credit,ussd,"Gonzalez, Harris and Jennings",posted,2026-09-10 08:21:25.150976
4128,82da462a-79f9-4a2e-bcbf-81b690544a02,94,7185.41,debit,ussd,Boyd and Sons,posted,2026-09-10 08:21:25.152968
4129,72c9f20b-965a-4d30-b6fa-dbde2a6df711,96,14047.64,debit,transfer,Lane-Lewis,posted,2026-09-10 08:21:25.155089
4130,0aff350d-0c08-4de5-bb10-d52f2b6e673c,51,15764.46,credit,card,"Savage, Gregory and Cook",posted,2026-09-10 08:21:25.157394
4131,d82c55c1-e987-4a23-a630-3772cc57fb4a,140,229.95,debit,pos,"Villanueva, Ramsey and Jackson",posted,2026-09-10 08:21:25.15972
4132,394d1392-7bf6-4b49-9b57-62d75bee06b5,39,1263.52,debit,transfer,"Cruz, Bray and Johnson",posted,2026-09-10 08:21:25.161786
4133,cc0d2b7b-705b-4526-b3cf-f71d126842e3,134,1700.51,debit,ussd,Webb and Sons,posted,2026-09-10 08:21:25.163887
4134,edd5242c-08dd-44bf-a6db-8fe9b86bbea8,153,13976.84,credit,card,Sullivan-Sullivan,posted,2026-09-10 08:21:25.165926
4135,18193ffc-a430-466c-b80c-deaa9ef80544,19,17337.30,credit,pos,"Pratt, Montgomery and White",posted,2026-09-10 08:21:25.168159
4136,1cd0eace-d324-461c-83cb-3ec7be5874f1,64,97.16,debit,ussd,Webster-Owen,posted,2026-09-10 08:21:25.170319
4137,574b4222-f709-423a-bc8a-f63d1c331d47,165,17298.00,debit,pos,Huff-Shah,posted,2026-09-10 08:21:25.172345
4138,5885e3eb-3c8f-4167-8a63-3010cb6a3213,95,2749.70,credit,card,"Martin, Caldwell and Gates",posted,2026-09-10 08:21:25.174431
4139,ef21dc48-0558-4574-a662-c4793578318d,150,15259.82,debit,card,Perkins and Sons,posted,2026-09-10 08:21:25.176664
4140,f95a557c-06f3-4021-b6eb-236bf7b7f0dd,93,8120.29,debit,card,Rubio Ltd,posted,2026-09-10 08:21:25.178675
4141,c19a961f-d2f4-47ea-a1a7-618bc56b4d33,151,9266.37,credit,transfer,Robertson-Williams,posted,2026-09-10 08:21:25.180719
4142,e6aa3ab6-46df-485d-b8fd-3c82e7ffeba9,167,17540.59,debit,card,"Griffin, May and Meyer",posted,2026-09-10 08:21:25.182884
4143,9a3f981f-0a74-468f-b7ae-dd81825b1257,187,4142.82,credit,card,Rivas Group,posted,2026-09-10 08:21:25.184818
4144,53b136d0-c797-4a5e-8ec0-d194c2a36bdc,144,11937.81,debit,ussd,"Pacheco, Frazier and Hicks",posted,2026-09-10 08:21:25.187322
4145,5ecb98cb-83ec-4b37-8586-507014591df8,124,17883.38,credit,transfer,Allen-Garcia,posted,2026-09-10 08:21:25.189419
4146,7b6dd28a-a273-4bb2-b8ac-5e19d7eb38ae,95,1425.40,credit,card,"Shea, Campos and Lawrence",posted,2026-09-10 08:21:25.191695
4147,b5a262e9-9430-43bf-977f-43cb5f7203c9,22,5459.60,debit,card,Wise Group,posted,2026-09-10 08:21:25.19351
4148,5032f5da-f19d-41b1-be9a-4c67fc3b5b2e,96,4899.93,debit,pos,"Rodriguez, Stevenson and Gomez",posted,2026-09-10 08:21:25.195783
4149,ecb5d0fc-9018-43ee-b5d7-adabe7a6f973,12,4564.96,debit,card,Peterson Ltd,posted,2026-09-10 08:21:25.197652
4150,83922498-8155-40a7-82fa-957085b4f629,134,247.29,debit,card,Becker-Jones,posted,2026-09-10 08:21:25.199746
4151,28f54870-2f1b-4e72-836a-e1bb56d2167d,138,7653.09,debit,pos,Gutierrez Group,posted,2026-09-10 08:21:25.2018
4152,35c75850-14cb-4362-8b6e-0c5a72f4401c,75,17383.35,credit,card,"Alvarez, Cole and Marquez",posted,2026-09-10 08:21:25.203962
4153,9f25337d-db40-41bc-b401-ec391068260e,51,11957.38,debit,pos,Atkins Inc,posted,2026-09-10 08:21:25.205842
4154,fcb60ea7-8f82-4e62-a509-0b59778ccbe6,141,8395.35,credit,transfer,Wright Group,posted,2026-09-10 08:21:25.207908
4155,61c2c827-442d-448b-802d-1afc3c1f8d15,129,8039.61,credit,card,Wilson-Green,posted,2026-09-10 08:21:25.210081
4156,1a16be4e-9314-4a12-b121-01eeae902142,185,4339.64,credit,pos,Burns Group,posted,2026-09-10 08:21:25.212012
4157,3c6dd758-102b-4372-8e56-4f72e5f94da1,104,9441.27,debit,card,Duke-Murray,posted,2026-09-10 08:21:25.214273
4158,cfe80d81-1479-48f2-ab3a-0ad28cf83600,37,16754.26,debit,card,Rosales LLC,posted,2026-09-10 08:21:25.216211
4159,fa2b2749-7381-46df-a666-4e6d345a8f00,199,14292.62,debit,transfer,Nguyen Group,posted,2026-09-10 08:21:25.218237
4160,277a32f6-bb2a-4269-aba7-22c21490ac32,23,11087.59,credit,ussd,Miller Inc,posted,2026-09-10 08:21:25.220329
4161,8f81b297-7f17-4a2c-b6b0-513d2e5b519e,88,10930.23,debit,pos,"Smith, Lynch and Bailey",posted,2026-09-10 08:21:25.222583
4162,35ec2b3f-f509-481f-99be-391d1fd8a894,99,8963.21,debit,card,"Gordon, Wilkins and Sampson",posted,2026-09-10 08:21:25.224919
4163,1e3de2e7-f68a-40a5-85cd-785e80311659,126,4826.68,credit,transfer,Richardson Inc,posted,2026-09-10 08:21:25.226828
4164,6ec008d6-bfeb-4180-a912-06dd2cd84c81,110,3825.62,debit,card,Nguyen Group,posted,2026-09-10 08:21:25.228989
4165,c31d1957-5213-484b-9f6f-d2e05a3e6b42,134,1020.77,credit,ussd,"Hebert, Ross and Harris",posted,2026-09-10 08:21:25.231146
4166,b7abb26c-a81c-44d0-a650-016b090f2bf0,200,19347.49,credit,ussd,"Hurley, Black and Smith",posted,2026-09-10 08:21:25.233431
4167,42b60e3d-f623-46f0-8884-84296c0d03cd,157,17192.02,debit,transfer,Garcia-Manning,posted,2026-09-10 08:21:25.235763
4168,78019d01-39ca-4ee3-84f2-12210ea11f61,12,17024.18,debit,card,Kennedy-Collins,posted,2026-09-10 08:21:25.237784
4169,c2f37e22-cb91-4009-b528-ba5c3530e12a,136,14625.83,credit,ussd,Bridges Ltd,posted,2026-09-10 08:21:25.239658
4170,6b2df7c2-d6a2-4eb8-bda6-4089d05b84b9,8,7820.03,credit,ussd,Butler Group,posted,2026-09-10 08:21:25.241682
4171,1c6ef28e-72ef-4620-ba99-d92126956b6d,1,1240.43,credit,ussd,Solomon Ltd,posted,2026-09-10 08:21:25.243635
4172,a40f7a42-b4a5-48c0-9580-09db89a6ae3a,135,16051.22,debit,transfer,Quinn Group,posted,2026-09-10 08:21:25.245739
4173,9716bb50-3d10-4eda-9599-c9c73e878f5c,38,2546.12,debit,card,Krueger and Sons,posted,2026-09-10 08:21:25.24775
4174,828f3624-f880-4427-a2ca-3192cac8c0af,61,17471.36,debit,transfer,Jennings-Reyes,posted,2026-09-10 08:21:25.24991
4175,c85b74ee-9c92-4395-a1e0-3726fb378d66,10,11550.70,credit,card,Taylor LLC,posted,2026-09-10 08:21:25.25105
4176,6ce6ed5a-1920-4c7e-8e40-92965916a297,69,14040.47,credit,transfer,Peck-Romero,posted,2026-09-10 08:21:25.253062
4177,d293e2f0-2d9b-49bb-87a3-5b987285fd78,168,9270.32,debit,card,Obrien-Vang,posted,2026-09-10 08:21:25.255174
4178,09af381b-a521-47cc-9f49-032a3bbd21d2,25,17963.49,debit,ussd,Walker and Sons,posted,2026-09-10 08:21:25.257155
4179,426f174b-72cc-49c1-b474-554318d6eb15,64,11219.64,credit,card,Osborne-Gilmore,posted,2026-09-10 08:21:25.259271
4180,b262fb82-9c30-4b5f-aa03-701795772e92,41,15139.40,credit,card,"White, Lee and Osborne",posted,2026-09-10 08:21:25.261436
4181,42cb9a36-4c7e-4bdd-b72f-692889ee72e5,92,3910.84,debit,pos,"Barton, Daniel and Woods",posted,2026-09-10 08:21:25.263663
4182,1b45d0db-64d4-4c64-94ec-954f658fc4ef,33,3122.03,credit,pos,Novak Ltd,posted,2026-09-10 08:21:25.265702
4183,4165f826-882c-49d7-8266-672da18ae2f2,45,6110.26,credit,ussd,"Mccoy, Daniels and Johnson",posted,2026-09-10 08:21:25.267854
4184,08357ee8-2c0a-4429-8469-f02e8752fd63,86,6792.62,credit,pos,West-Farmer,posted,2026-09-10 08:21:25.269975
4185,b64fd297-c48e-454f-aee5-db35cb6158fe,183,12978.73,credit,card,"Mcdonald, Adams and Stevenson",posted,2026-09-10 08:21:25.272197
4186,f2342408-01b7-446c-8175-f4f35a1affbc,52,14341.85,debit,card,"Evans, Banks and Brooks",posted,2026-09-10 08:21:25.274349
4187,f326da46-5177-4090-af4c-dfaad20a0941,100,13246.34,credit,pos,"Cantrell, Roberts and Spencer",posted,2026-09-10 08:21:25.276576
4188,2a4c41f4-2bff-497f-be4c-9d870ea0c4b2,93,12001.03,debit,card,Nguyen-Gomez,posted,2026-09-10 08:21:25.278873
4189,574bbfdf-7ff2-45e0-89cf-07d829098e6a,152,371.63,debit,card,"Armstrong, Price and Smith",posted,2026-09-10 08:21:25.281127
4190,8518fe28-44f6-4c0b-a582-27ad19594d09,2,8420.80,debit,pos,Hammond-Andrade,posted,2026-09-10 08:21:25.283175
4191,35b3a738-4f6f-4618-924f-ff29ea6ded2a,52,10522.80,credit,pos,Steele Ltd,posted,2026-09-10 08:21:25.285094
4192,f7268a91-e631-4e60-bcc9-88ac171cbc6c,68,11591.85,credit,transfer,Edwards-Rodriguez,posted,2026-09-10 08:21:25.287237
4193,1b491076-37d9-4870-9842-66b0fbd78029,63,19036.76,credit,card,"Wade, Moore and Jenkins",posted,2026-09-10 08:21:25.289395
4194,bb832057-7d8d-48ed-81e6-aa18c8cc6204,131,7253.06,credit,ussd,"Hull, Davis and Davenport",posted,2026-09-10 08:21:25.291548
4195,49073c24-4116-4933-a766-679f05355c73,56,1685.84,credit,transfer,Graves LLC,posted,2026-09-10 08:21:25.293622
4196,cf677de9-4d0a-4d63-9d01-6574aa6d6eb4,136,9441.52,credit,pos,Webster LLC,posted,2026-09-10 08:21:25.295544
4197,3c858bce-9053-479d-87da-5340efa34529,200,419.37,debit,card,Henry-Peters,posted,2026-09-10 08:21:25.29762
4198,037a311a-a742-46d7-b769-d386647af075,176,8676.79,debit,card,George-Boyd,posted,2026-09-10 08:21:25.299621
4199,2b1649b5-de59-4e6e-a745-60a3d91a5920,35,2206.36,credit,pos,"Levine, Oliver and Sullivan",posted,2026-09-10 08:21:25.302023
4200,bc873359-3a68-4b29-bda7-511c13e1d121,174,17832.48,debit,transfer,Delacruz and Sons,posted,2026-09-10 08:21:25.303953
4201,1a7257ae-a600-4f5a-bbc5-26b706dc2be7,143,9932.59,debit,transfer,"Duffy, Ware and Cohen",posted,2026-09-10 08:21:25.305929
4202,90233ce9-1cf5-4aa0-8595-73893e42ae4b,10,4196.81,debit,card,Wilson-Vasquez,posted,2026-09-10 08:21:25.308039
4203,68cdbe38-638d-49dd-992e-a354c826b44d,125,512.86,credit,card,"James, Byrd and Berry",posted,2026-09-10 08:21:25.310294
4204,61c2eba6-d4d2-4ff1-b311-a66decd682bb,186,15243.89,credit,card,"Bean, Tran and Rivera",posted,2026-09-10 08:21:25.312387
4205,e171a8c9-9f3e-463c-88e2-ddceebd6b7bd,70,17147.78,debit,card,Rivera Inc,posted,2026-09-10 08:21:25.314475
4206,3fa171cf-4fbb-45da-83a7-ac536303f106,173,9110.39,debit,ussd,Young PLC,posted,2026-09-10 08:21:25.31656
4207,909f26f8-14bc-4ae3-97cd-9598b9324e68,47,15885.31,credit,pos,"Nelson, Bishop and York",posted,2026-09-10 08:21:25.318696
4208,f1176246-16d8-4bd9-8093-d38d8508acaa,191,3210.04,debit,pos,Hernandez-Robertson,posted,2026-09-10 08:21:25.320947
4209,6c27bc8a-ef79-45a0-b98f-10e23f434be7,126,3308.07,debit,transfer,Simmons-West,posted,2026-09-10 08:21:25.323056
4210,9cf0f007-eb75-49d3-9a60-a643fb9a6228,22,11417.62,credit,transfer,"Booth, Smith and Conway",posted,2026-09-10 08:21:25.325222
4211,879420c1-baaa-42b7-8fce-472a27f6c365,12,10013.89,credit,pos,Smith PLC,posted,2026-09-10 08:21:25.32726
4212,edbbd071-112f-4b28-83aa-a793b9a830a7,199,15621.01,debit,pos,Kline-Camacho,posted,2026-09-10 08:21:25.329436
4213,fa332455-04b9-41e9-b5c1-ec1a4ad67d20,168,10031.76,credit,pos,"Hayden, Lam and Nguyen",posted,2026-09-10 08:21:25.331615
4214,8a786dd0-a6e5-415c-a785-8a52d56cad43,101,10884.58,credit,card,"Ball, Poole and Cline",posted,2026-09-10 08:21:25.333927
4215,7b199aa8-9c3e-488a-b3aa-7b558a4c5d52,111,10479.96,credit,transfer,Pineda-Miller,posted,2026-09-10 08:21:25.336053
4216,81d5d698-9daa-445b-94a5-7ab87d08354a,89,5949.98,debit,ussd,"Romero, Cox and Abbott",posted,2026-09-10 08:21:25.33825
4217,358acfe1-906d-4d3b-a4fe-8e7326138f83,61,11212.72,credit,transfer,"Schmidt, Perkins and Lopez",posted,2026-09-10 08:21:25.340507
4218,152f6518-ce9f-4684-84fc-aa961e153abf,97,16238.65,debit,pos,Hernandez Group,posted,2026-09-10 08:21:25.342366
4219,441bac87-b4e5-4828-a95e-ce7027879ede,154,6801.89,credit,pos,"Brown, Walker and Perez",posted,2026-09-10 08:21:25.344608
4220,31592b09-7583-4db0-b6ec-2601f075eff4,44,12722.50,debit,card,"Stevens, Reyes and Fernandez",posted,2026-09-10 08:21:25.346781
4221,fdb5ee9b-8455-4168-bc6d-fca7cba233fb,1,3075.54,debit,card,Mejia-Lee,posted,2026-09-10 08:21:25.348934
4222,aa76e003-2374-4d69-aeb9-26f01fa0b8a4,199,14985.81,debit,ussd,Munoz-Young,posted,2026-09-10 08:21:25.351047
4223,2145bc90-9a13-4ff5-83b5-74febaf54572,99,16564.60,credit,transfer,Li LLC,posted,2026-09-10 08:21:25.352808
4224,46d1dae9-134a-4e9a-b26c-2cd11736a3c9,60,346.94,debit,pos,Thompson Group,posted,2026-09-10 08:21:25.354902
4225,9fc5cade-7519-4508-b6ce-daff424556a9,6,16657.06,credit,transfer,"Fox, Singh and Nichols",posted,2026-09-10 08:21:25.357169
4226,98c3076d-8ed0-4526-a4ba-b3ee3fb1c646,71,9060.50,credit,card,Romero-Moore,posted,2026-09-10 08:21:25.359353
4227,f1d4e7ae-dcc7-4a11-b6fe-69da18ce2d69,91,15262.84,credit,pos,"Fleming, Fisher and Watson",posted,2026-09-10 08:21:25.361639
4228,50fb5887-f0b0-4fea-b319-29f3e3aa85c9,126,10480.84,debit,ussd,Potts Inc,posted,2026-09-10 08:21:25.36368
4229,8525cbad-cf10-46ad-9e9c-6fcf7b231426,61,18155.30,debit,transfer,Young LLC,posted,2026-09-10 08:21:25.365785
4230,a4eeeb6b-0b75-4e2e-9bfe-ce244ecf7cbb,86,6606.26,credit,transfer,Malone PLC,posted,2026-09-10 08:21:25.367581
4231,34b0fec7-fb01-4586-91b0-86a2c7bc5631,106,12956.18,debit,transfer,"Martinez, Brown and Morris",posted,2026-09-10 08:21:25.369784
4232,fd434126-862e-4adc-a373-79969b079fff,79,18692.00,debit,ussd,Curry Ltd,posted,2026-09-10 08:21:25.371823
4233,fc2f083f-157d-485e-8183-2ce2df2b74d2,158,6935.08,credit,transfer,Meyer-Serrano,posted,2026-09-10 08:21:25.373778
4234,3d30935e-91d9-4bb2-aaaa-b53a7ce8cdbb,167,6373.39,credit,ussd,Hines and Sons,posted,2026-09-10 08:21:25.375827
4235,5cad0975-707b-4b57-97ea-ee6596e7488e,33,9097.61,debit,card,Ware-Sanchez,posted,2026-09-10 08:21:25.377934
4236,7d9c1e91-9c0d-4b56-a2d2-8328fe98b58d,146,3064.11,credit,transfer,Ramirez Ltd,posted,2026-09-10 08:21:25.380002
4237,6e788c1e-c6ed-4c37-bd02-c03960ea65be,66,12073.10,debit,ussd,Fischer-Young,posted,2026-09-10 08:21:25.382061
4238,183e6af6-49e1-4339-926d-4ae487fae5b9,114,15115.14,credit,ussd,Peterson PLC,posted,2026-09-10 08:21:25.383958
4239,85683265-65a6-4bf4-920e-11911f4cd751,89,18822.42,debit,ussd,Hernandez-Brown,posted,2026-09-10 08:21:25.38619
4240,441307d8-2094-4d1e-8eb0-1ebfe37c1987,89,5912.58,credit,transfer,Hughes-Martin,posted,2026-09-10 08:21:25.388264
4241,1ee52ad1-cb7e-4946-a67c-0154ee06e76b,115,3570.36,credit,transfer,Camacho Ltd,posted,2026-09-10 08:21:25.389997
4242,e0a79095-2c6d-46d3-9ac5-99167f8066b5,6,7171.59,credit,card,Farmer PLC,posted,2026-09-10 08:21:25.392004
4243,78b2f98f-dfcf-4d7b-b429-ecdaf7edecaf,53,4882.55,credit,pos,"Long, Ward and Rodgers",posted,2026-09-10 08:21:25.394347
4244,880aceca-54e8-41f3-b13e-a739b95909ff,51,6529.46,debit,ussd,Foley-Gates,posted,2026-09-10 08:21:25.396416
4245,8a81b2cc-e333-401c-89ae-d15095eab384,41,6929.17,credit,ussd,Ballard PLC,posted,2026-09-10 08:21:25.398427
4246,dd7dc67c-44e2-4d4d-9a56-17060b576b29,115,10881.48,credit,ussd,"Garcia, Benson and Padilla",posted,2026-09-10 08:21:25.400645
4247,43b778e0-0bc1-4ecf-ab45-864d29ce6b57,132,10404.96,debit,ussd,Mclean LLC,posted,2026-09-10 08:21:25.402669
4248,5b581ddf-8570-4a8d-b3b1-4c2365921bc3,165,8229.37,debit,card,Little LLC,posted,2026-09-10 08:21:25.404664
4249,3c388245-f171-4bf6-a139-bcd2646b17b3,26,3816.11,credit,ussd,Gonzalez Group,posted,2026-09-10 08:21:25.406955
4250,648d39dd-f1a2-4810-9e0a-d172a5f64362,108,5412.91,credit,card,Wagner Ltd,posted,2026-09-10 08:21:25.408913
4251,b0f5b585-2ec2-4075-83ec-7284f9114e3d,93,4208.03,credit,transfer,"Williams, Fernandez and Morris",posted,2026-09-10 08:21:25.411324
4252,41a608ae-b74b-4d56-82af-34ff80b309cf,16,14541.74,debit,card,Fisher-Oliver,posted,2026-09-10 08:21:25.413412
4253,51b5c50c-dd4b-416a-a85b-d8fd5d188190,141,11878.71,debit,transfer,Johnson Group,posted,2026-09-10 08:21:25.415435
4254,de9a367e-38f8-4e08-8d09-27b43cf8f1b2,65,3047.90,debit,card,Kerr LLC,posted,2026-09-10 08:21:25.41742
4255,c7137684-3a63-41a3-820e-11b48124d709,128,5786.47,debit,ussd,Ferguson-Ward,posted,2026-09-10 08:21:25.419433
4256,b40e0667-380a-4b6a-aa1e-d96135e60c90,21,9155.72,debit,card,Coleman Group,posted,2026-09-10 08:21:25.421359
4257,f8ead2d7-4e31-4859-9f31-c9e9ccc88207,102,12987.91,debit,card,"Rodriguez, Boyer and Fleming",posted,2026-09-10 08:21:25.423442
4258,dd97277d-e7a6-4113-8d33-9371d5b30d86,107,13880.51,credit,card,"Terry, Gay and Bennett",posted,2026-09-10 08:21:25.425463
4259,bda32503-5d16-43dd-86f3-dca57bebe9ce,44,5655.62,credit,pos,Shannon and Sons,posted,2026-09-10 08:21:25.427508
4260,59f24705-70f0-48a1-875c-fd3ebd1f1524,119,8216.79,debit,transfer,Taylor-Nguyen,posted,2026-09-10 08:21:25.429542
4261,a8414255-5e7d-43ab-9e27-70c12d5daa36,164,8593.89,debit,ussd,Foster Ltd,posted,2026-09-10 08:21:25.431606
4262,19554c4f-4d1c-4f52-a520-71b503b5a6c0,102,15873.35,credit,ussd,Kelly-Graham,posted,2026-09-10 08:21:25.433748
4263,18cd50fc-0730-4886-9a2a-625064378706,30,3541.41,debit,transfer,Olson PLC,posted,2026-09-10 08:21:25.435567
4264,89fc07c2-4e64-4b4b-8ca9-099825576b2b,108,6980.98,debit,transfer,Thomas-Reeves,posted,2026-09-10 08:21:25.437678
4265,4449caef-3bab-4414-9a80-344b5057769d,71,6993.95,debit,card,Tyler Ltd,posted,2026-09-10 08:21:25.439691
4266,09967516-476b-492b-b172-f664ae5c70e7,146,19405.78,debit,pos,Evans and Sons,posted,2026-09-10 08:21:25.44171
4267,b2a0db5a-30b4-4c82-b05e-b4eac8db6a93,67,17630.42,debit,card,Mora-Johnson,posted,2026-09-10 08:21:25.443861
4268,8b85dd59-00e7-498e-928a-5600d19d6881,28,4388.58,credit,ussd,"Taylor, Page and Villarreal",posted,2026-09-10 08:21:25.445877
4269,abe98ede-bf50-4e0c-94b7-95e3d05a4b05,10,10604.63,debit,card,"Garrison, Lewis and Bright",posted,2026-09-10 08:21:25.448015
4270,f868c21b-b268-4264-91e9-769ade75c723,92,12087.47,credit,ussd,Sexton Inc,posted,2026-09-10 08:21:25.450006
4271,67c8e1e3-1b02-48e7-8694-d5226131526b,126,12958.83,credit,ussd,"Oconnor, Butler and Good",posted,2026-09-10 08:21:25.45219
4272,700505bc-204a-4db8-9523-0fb6fecd0e63,29,17366.68,credit,pos,Wood-Black,posted,2026-09-10 08:21:25.454177
4273,e7e6f5ed-3550-48d4-a0ca-2aac2f1ebf7a,9,3743.94,credit,card,Sexton and Sons,posted,2026-09-10 08:21:25.456194
4274,5d3360cd-0a26-4354-a014-d0ec6bf66fb8,138,6559.90,credit,card,Turner LLC,posted,2026-09-10 08:21:25.458136
4275,3c8f2892-9bc8-4e11-866d-38cfe588c41d,122,9291.64,credit,ussd,Lang Ltd,posted,2026-09-10 08:21:25.460034
4276,2e2943ae-f1d7-4876-a7aa-7060e8fdc6a7,15,8940.15,credit,pos,Mcbride-Lindsey,posted,2026-09-10 08:21:25.462163
4277,8f8d7401-7db3-466c-91bb-d8004321ba65,76,18484.23,debit,pos,Lam Group,posted,2026-09-10 08:21:25.464212
4278,5bdef266-71f9-430e-9a55-d271e6b3ef13,40,6324.46,credit,card,Fry-Gibson,posted,2026-09-10 08:21:25.466179
4279,0d452b06-0e24-400d-aa8b-a88901f98aad,194,6844.85,debit,pos,Palmer PLC,posted,2026-09-10 08:21:25.468162
4280,f6f8db57-9dda-4bc5-89bd-9e6b5d471be7,135,12943.45,credit,ussd,Thomas Inc,posted,2026-09-10 08:21:25.470412
4281,1ba981ed-0b64-491c-9eec-4c8609fbfc71,30,12341.92,credit,transfer,Sharp PLC,posted,2026-09-10 08:21:25.472431
4282,25d43b92-f5db-4299-8947-253e63eb89d3,92,8752.77,credit,ussd,Graves PLC,posted,2026-09-10 08:21:25.474492
4283,3a5ef462-08dc-4177-869d-cae3ba94bbb9,199,8019.91,credit,card,Davis-Tate,posted,2026-09-10 08:21:25.4765
4284,82c3a8b4-bc3d-4ccc-aa6b-d6ae13a95300,54,2946.85,debit,transfer,Stewart Group,posted,2026-09-10 08:21:25.478631
4285,04cfa11c-a50d-4661-857d-133abaab4554,137,778.81,credit,pos,Campbell-Ortiz,posted,2026-09-10 08:21:25.480668
4286,6f9a934a-3b6c-43b6-9485-39c385c34d1f,67,4010.65,debit,ussd,Ayers-Fox,posted,2026-09-10 08:21:25.482648
4287,891eb543-6486-4ffa-a663-69d0397a0bc9,101,18521.17,debit,ussd,"Baldwin, Harper and Bean",posted,2026-09-10 08:21:25.484966
4288,87106fe2-3fec-48b0-8775-699027da7c13,15,18697.38,debit,transfer,Osborne-Kaiser,posted,2026-09-10 08:21:25.487007
4289,1c3a1a59-afa6-4333-a005-91e1449cef1f,101,2477.53,debit,ussd,"Massey, Cook and Hinton",posted,2026-09-10 08:21:25.489224
4290,6884931c-4621-4dbd-9890-3da38a171603,156,12998.59,credit,transfer,"Anderson, Martin and Valdez",posted,2026-09-10 08:21:25.491449
4291,7e889239-e21d-4cef-b7ee-4585bd490d3e,29,10673.60,credit,transfer,"Grant, Anderson and Crawford",posted,2026-09-10 08:21:25.493614
4292,b1edb853-ef8f-433b-b13a-2f716270e021,146,12538.85,credit,card,"Lyons, Wood and Jones",posted,2026-09-10 08:21:25.495758
4293,7309ca5b-2b7b-410c-b702-2543d996aa1c,38,16103.63,debit,pos,Bailey-Giles,posted,2026-09-10 08:21:25.497857
4294,31012052-a053-423c-9d23-6a27bc2bac88,15,7607.45,debit,transfer,"Goodwin, Keller and Mcdonald",posted,2026-09-10 08:21:25.5
4295,1638c6dc-3a8e-4acd-963a-4952aa587e6f,91,8773.17,credit,ussd,Harper Group,posted,2026-09-10 08:21:25.50199
4296,95254b69-480a-4389-8e13-6ceac38a4825,34,10199.65,debit,transfer,Webb Ltd,posted,2026-09-10 08:21:25.504036
4297,7fc4b203-b6fb-4ea8-963c-38ad72e0c79e,132,3807.27,credit,card,Johnson and Sons,posted,2026-09-10 08:21:25.506264
4298,6652f8fa-edf3-4227-ab5e-490d68b09e02,139,10354.42,credit,ussd,Hahn-Lewis,posted,2026-09-10 08:21:25.508301
4299,1af6ec84-cbd9-4903-a8af-f2ba9d767cdb,181,3184.79,debit,card,Gordon-Davis,posted,2026-09-10 08:21:25.510148
4300,06272353-72d0-4eac-99ff-8afdf32b9d4c,191,6846.66,debit,transfer,Williams LLC,posted,2026-09-10 08:21:25.511261
4301,cbd8b8a9-6e5d-4636-b41f-b69911f40bd8,156,15934.56,credit,transfer,Reynolds and Sons,posted,2026-09-10 08:21:25.513348
4302,ac11205a-b8f8-46c6-8bb4-3a3062036f71,111,8554.08,credit,transfer,Wright-Webster,posted,2026-09-10 08:21:25.515342
4303,f3c768fc-4a9e-4a5f-9a71-44333cc148a9,79,14149.44,debit,pos,Perry LLC,posted,2026-09-10 08:21:25.51735
4304,5267c8df-5398-4621-ba92-4f9ad60780a9,25,15583.64,debit,card,"Smith, Williams and Lewis",posted,2026-09-10 08:21:25.518648
4305,7cd1fe8d-192b-4a85-9c51-ceb352a58a05,136,2202.13,credit,pos,"Watts, Stafford and Dixon",posted,2026-09-10 08:21:25.520884
4306,6fc31d01-5288-4131-bc25-6920b5c6156a,18,4804.36,credit,pos,"Gibson, Joseph and Harvey",posted,2026-09-10 08:21:25.523073
4307,7911d015-498b-4a93-9903-97a73d662109,34,11574.02,credit,pos,"Davis, Owens and Kirk",posted,2026-09-10 08:21:25.525408
4308,9532baa4-e949-4a84-af07-bb5e270b02a8,70,15602.71,debit,pos,"York, Joseph and Sloan",posted,2026-09-10 08:21:25.52771
4309,d525c8e8-2227-416f-a7c6-f201fbcb2ca6,125,16724.89,credit,ussd,Martinez-Luna,posted,2026-09-10 08:21:25.529985
4310,21585785-9436-4939-bdf4-cb2b2afb4329,193,4542.31,credit,card,"Bowen, Stuart and Watson",posted,2026-09-10 08:21:25.532313
4311,082fef8f-3da6-41f4-913c-da4977331671,185,1591.50,credit,pos,Ward Group,posted,2026-09-10 08:21:25.534468
4312,23b7f4cc-19ec-400b-b203-bcbc4f4daa32,46,11200.46,debit,ussd,"Walker, Perry and Mosley",posted,2026-09-10 08:21:25.536752
4313,a0b7c083-035c-4861-ae74-66a701c01283,2,6014.26,debit,pos,"Smith, Wilson and Curry",posted,2026-09-10 08:21:25.538896
4314,eea0f4d3-66a4-4c9f-b33a-8c00cfd6c7fe,131,15649.26,debit,pos,Bernard-Cunningham,posted,2026-09-10 08:21:25.54102
4315,98bcd262-4fba-4ab7-b2e5-c0e6e8b6dfd0,198,654.92,credit,ussd,"Peterson, Hensley and Vincent",posted,2026-09-10 08:21:25.543357
4316,6200f0e9-7bd1-4d6e-be75-5fb0909ca750,37,3784.41,credit,pos,Campbell Ltd,posted,2026-09-10 08:21:25.545873
4317,9f32b3aa-1eac-4eac-b33e-d0cd395ef482,159,4445.15,credit,ussd,Gonzalez-Hopkins,posted,2026-09-10 08:21:25.547862
4318,22a9335a-04a5-4836-b4e0-ddc6045c5927,106,6555.11,credit,pos,Mason and Sons,posted,2026-09-10 08:21:25.549815
4319,49025242-9b48-4f6a-9b86-1ddebe344551,27,8882.46,debit,ussd,"Long, Mcgee and Fuentes",posted,2026-09-10 08:21:25.552062
4320,a60295c9-fad8-4bcc-8c02-1841fc4690c1,173,7722.62,debit,transfer,"Mccarthy, Bell and Ali",posted,2026-09-10 08:21:25.554477
4321,cea0deb1-ec03-4cd3-a63d-bb48a4290049,85,2424.90,credit,pos,Bray-Ochoa,posted,2026-09-10 08:21:25.5566
4322,4030a7d5-9bce-48a5-aec4-8f740cc650c4,39,3103.97,credit,transfer,Aguilar-Travis,posted,2026-09-10 08:21:25.558642
4323,46667086-e4c3-40de-81d7-e8cd1408907c,16,4932.32,debit,transfer,King Inc,posted,2026-09-10 08:21:25.560679
4324,706c94e6-09a1-407d-8e9c-decf2edb7862,135,616.97,credit,ussd,Salinas Group,posted,2026-09-10 08:21:25.562661
4325,e3daef35-9f0d-43a6-b299-79823ac2f48f,57,3038.89,credit,ussd,"Sanders, Hodges and Herman",posted,2026-09-10 08:21:25.564253
4326,2c1cd9eb-569c-4d24-8a82-dc4b2af58ada,67,472.47,debit,ussd,Soto PLC,posted,2026-09-10 08:21:25.566499
4327,b6107342-f5f2-4357-81bf-897af4817606,131,5352.47,credit,pos,Pratt LLC,posted,2026-09-10 08:21:25.568569
4328,0d1af2e3-df67-40f7-b5d9-ddab8ef78b8b,141,17221.31,credit,card,Reeves Inc,posted,2026-09-10 08:21:25.57047
4329,eb427e8d-f372-40f3-9e1f-e6ae38464e2a,113,6902.45,credit,ussd,Anderson-Krause,posted,2026-09-10 08:21:25.572537
4330,3110a44c-6ed1-44be-b79f-5d676e0f1f46,50,9962.27,credit,transfer,"Lopez, Barron and Doyle",posted,2026-09-10 08:21:25.574704
4331,cdcdc453-6d83-4fda-a220-ae9f88a53906,172,16466.34,debit,transfer,Coleman-Hendrix,posted,2026-09-10 08:21:25.576805
4332,1bdd4105-7da2-4c73-9c20-97ecc3ef4118,68,11803.99,debit,transfer,Davidson Ltd,posted,2026-09-10 08:21:25.578691
4333,c907b72f-1006-446f-8cb0-23cb3961773f,174,18791.87,credit,card,Carter PLC,posted,2026-09-10 08:21:25.580671
4334,96e44105-1c40-4eac-ac87-2bd1f5c1d7f9,164,2921.73,debit,pos,Potts-Sanchez,posted,2026-09-10 08:21:25.58278
4335,4a2ecc2e-12fe-4603-a23f-97700c945479,130,913.76,credit,card,Ramirez LLC,posted,2026-09-10 08:21:25.584648
4336,4867878c-766b-4823-9bb0-f52a3b0591ea,168,2296.94,debit,card,"Combs, Brown and Welch",posted,2026-09-10 08:21:25.586915
4337,1621b4cc-2947-435f-8dc3-460206b318cb,36,7101.78,credit,pos,Stephenson-Whitney,posted,2026-09-10 08:21:25.588989
4338,ea409b1d-f372-4036-ba0a-3d6c6d866c2d,13,19469.45,debit,ussd,Haley Inc,posted,2026-09-10 08:21:25.591261
4339,afb33b55-fadf-497d-b5a4-f65245cbefbe,72,9269.10,debit,card,Baird-Moon,posted,2026-09-10 08:21:25.593427
4340,2c60526c-f3ca-4e7e-ad33-963dc53e9069,152,14680.67,debit,transfer,Pena-Williams,posted,2026-09-10 08:21:25.59534
4341,7bdf5a57-82da-4c5e-9570-98562d58cc16,43,7025.58,debit,ussd,"Bowman, Jenkins and Brown",posted,2026-09-10 08:21:25.597727
4342,cd006de6-5898-47c2-ab61-94b9cdff7826,37,18555.48,credit,pos,Williamson-Robertson,posted,2026-09-10 08:21:25.599823
4343,66cd7557-33c8-445b-b144-d3ee5ae164b5,160,16977.66,credit,transfer,Valentine-Suarez,posted,2026-09-10 08:21:25.601806
4344,4a58bb71-ba19-4fe2-aefa-7380ee57886f,103,14538.67,debit,card,"Smith, Watson and Cruz",posted,2026-09-10 08:21:25.603913
4345,eb0f7280-7016-4c92-a55f-d659d565b13b,118,6374.00,debit,transfer,Cole-Bennett,posted,2026-09-10 08:21:25.606019
4346,4bec5a3a-815e-48d2-96fa-b07903077046,1,5347.48,debit,pos,"Reed, Brown and Griffin",posted,2026-09-10 08:21:25.608313
4347,e38cb850-81eb-46a0-ab7b-60802d0059ed,177,6485.68,credit,card,"Frazier, Watson and Carr",posted,2026-09-10 08:21:25.610386
4348,a3886c55-1275-4e04-9463-bdddeb4c7536,184,14516.61,debit,pos,Roy-Lewis,posted,2026-09-10 08:21:25.612632
4349,38c7b807-b17c-4b13-9992-cd00bf0e0f78,184,880.12,credit,pos,Garza-Sanchez,posted,2026-09-10 08:21:25.614732
4350,fac88c12-8d66-40df-9202-c90601c23528,88,16991.81,credit,pos,Cameron Inc,posted,2026-09-10 08:21:25.61687
4351,a1e30ed2-3ba8-45ad-a4b8-4a19f2024abe,39,8968.45,credit,card,Baker Group,posted,2026-09-10 08:21:25.618744
4352,b462aea0-db76-4fc1-b6f5-dc9933cfec64,106,14202.73,credit,card,Brown-Turner,posted,2026-09-10 08:21:25.620754
4353,d3a5a954-32c8-4b0f-afbe-66b254702f16,126,1701.33,debit,ussd,May LLC,posted,2026-09-10 08:21:25.622808
4354,82beffb8-bac9-48f0-942c-43079f4a7a0c,95,8982.75,debit,card,Gallagher PLC,posted,2026-09-10 08:21:25.624821
4355,060ce2a7-6d93-43c0-bce4-71c8813b566f,101,13728.76,credit,ussd,Kaiser-Hayes,posted,2026-09-10 08:21:25.627056
4356,dd6e02c0-5b07-46ce-8c06-47c0db6b5768,9,15187.90,credit,ussd,"Hess, Owen and Lewis",posted,2026-09-10 08:21:25.629245
4357,84cc9024-998d-4650-b4bd-9a82b69b83fd,29,11995.85,debit,card,"Martinez, Perez and Johnson",posted,2026-09-10 08:21:25.631598
4358,fc0330d6-3d1b-4a6a-88f1-c32c0a1a0737,133,18635.77,debit,transfer,"Matthews, Kim and Reed",posted,2026-09-10 08:21:25.633829
4359,c87c1f7e-2422-4fac-bce9-cc2f00d60357,4,9250.87,credit,ussd,Dalton LLC,posted,2026-09-10 08:21:25.635763
4360,05ad69c7-c9f4-49ad-a6dd-7f53a6c856aa,101,3250.24,debit,pos,Benson-Allen,posted,2026-09-10 08:21:25.6378
4361,2cd66cfa-451e-42aa-8a81-e83b4c77828e,61,7124.90,credit,pos,"Fisher, Smith and Wells",posted,2026-09-10 08:21:25.640056
4362,257cc251-41dd-44aa-8b4d-4cd04dda11aa,120,9828.95,credit,ussd,Wilson-Haley,posted,2026-09-10 08:21:25.642139
4363,1bc68efa-03e2-4231-975d-165f3b55308f,134,6903.37,debit,ussd,Anderson-Brown,posted,2026-09-10 08:21:25.644192
4364,88e2459f-6c29-47c1-9fc4-70f35ce4c6fa,149,16182.55,debit,transfer,King Inc,posted,2026-09-10 08:21:25.64624
4365,f4dbf3dc-16a6-4ff0-92e5-e02d6e36fea1,19,14777.45,debit,card,Sanchez-Lopez,posted,2026-09-10 08:21:25.648687
4366,fe12a49a-a2ca-4e8b-90fb-b491720b1347,119,6510.83,debit,pos,Murphy LLC,posted,2026-09-10 08:21:25.650604
4367,5dcc83cf-0592-4cdf-8b5a-84c3eada8d61,158,15402.74,credit,transfer,"Meyers, Wright and Foster",posted,2026-09-10 08:21:25.652901
4368,00d58b31-e559-4012-9272-f25ad6c0cc21,130,2353.56,debit,card,Hancock LLC,posted,2026-09-10 08:21:25.65497
4369,a8742510-40c5-4f56-b059-5acfc67103be,188,598.71,credit,transfer,Hernandez Inc,posted,2026-09-10 08:21:25.656998
4370,aef57ae7-b1e0-4674-9ec1-68110cd7b609,12,2119.56,debit,transfer,Butler PLC,posted,2026-09-10 08:21:25.659007
4371,9482b2eb-790c-4173-bcda-5e8a717e0501,135,941.58,credit,transfer,Blackwell-Bailey,posted,2026-09-10 08:21:25.661137
4372,8eb56d51-7e42-4928-8a74-b03b968fbee6,191,10808.08,debit,transfer,Wilson-Schmidt,posted,2026-09-10 08:21:25.663176
4373,fef4fe5f-c2d1-4f2a-b55c-c9b279c222d2,140,162.62,debit,transfer,Nelson and Sons,posted,2026-09-10 08:21:25.665054
4374,8c5fde3d-4ec4-4e74-9d9e-f85d905c8f0d,21,8770.07,debit,pos,Reynolds-Garcia,posted,2026-09-10 08:21:25.667192
4375,c8a84d53-88db-4ce9-a288-58f7dfd10ede,129,13209.89,debit,ussd,Thomas-Blair,posted,2026-09-10 08:21:25.669364
4376,e908766c-0425-4428-96f2-a9c655d2921a,140,1057.06,debit,pos,Walker LLC,posted,2026-09-10 08:21:25.671364
4377,fd5f0e03-7581-472c-afbc-e5a2ddcd4fa4,136,7695.41,debit,ussd,Garcia Ltd,posted,2026-09-10 08:21:25.673428
4378,be03fcab-8855-4fc2-aa9f-813fa8260bff,141,13013.44,debit,transfer,Zamora Inc,posted,2026-09-10 08:21:25.675453
4379,627fa307-acd1-4498-828c-ae84c48cfd65,107,11605.09,debit,card,"Anderson, Keller and Patel",posted,2026-09-10 08:21:25.677855
4380,c7b9b0bd-57a5-447a-960f-5085116a52fd,6,1519.63,credit,transfer,"Brown, Hunt and Hughes",posted,2026-09-10 08:21:25.679983
4381,badf4038-7244-4216-865c-1af1b5f10b38,83,15710.69,debit,pos,"Rowe, Hernandez and Simmons",posted,2026-09-10 08:21:25.682256
4382,6a196885-abdc-4a24-87ff-15c606600e98,167,8981.02,debit,card,"Perry, Hensley and Young",posted,2026-09-10 08:21:25.684373
4383,0f192dc1-7171-4f03-8a9f-225a5885f8d9,110,19194.10,credit,pos,Smith Group,posted,2026-09-10 08:21:25.686253
4384,a34d9acd-974c-401e-97fa-1fbe23b1fca0,23,5655.08,credit,ussd,"Martin, Moore and Jennings",posted,2026-09-10 08:21:25.688677
4385,1386c4bd-157c-4990-bc28-020a984d17d0,105,13802.98,credit,card,Moyer Ltd,posted,2026-09-10 08:21:25.690634
4386,a2d6c240-9987-4a8a-9a04-9e21c9189aea,79,319.97,debit,pos,Stewart Inc,posted,2026-09-10 08:21:25.692659
4387,e91227e1-e79f-494b-ae83-f1fe7df2f0a1,129,16134.72,credit,ussd,"Bird, Martinez and Nguyen",posted,2026-09-10 08:21:25.694827
4388,e3d4215e-0a6f-4b3e-9a4b-adc9b34267d5,135,9115.87,debit,pos,Parker-Richardson,posted,2026-09-10 08:21:25.697051
4389,e9bbc1cd-7d96-4d61-aebc-193ee423b912,14,7994.83,credit,ussd,"Davis, Bowen and Harrison",posted,2026-09-10 08:21:25.69927
4390,c2082ecd-04f5-43f8-a6c5-e9412aa6beb2,185,12667.93,debit,card,Bryant and Sons,posted,2026-09-10 08:21:25.701383
4391,44cb9936-87ed-4c82-9a62-46fea546e1d3,85,5782.43,credit,card,"Vaughan, Shepard and Smith",posted,2026-09-10 08:21:25.703571
4392,7636602c-f572-4119-81d7-6a337591e9ba,89,5756.72,credit,card,Gonzales-Warren,posted,2026-09-10 08:21:25.705876
4393,f27e40b8-02d7-40b2-8309-de9ec0845073,4,7373.40,debit,transfer,"Mayer, Reynolds and Allen",posted,2026-09-10 08:21:25.708014
4394,6671a80d-67b0-4f86-b59e-6c6c13cfb571,81,557.69,credit,ussd,Allen-Mendoza,posted,2026-09-10 08:21:25.710363
4395,f8966fb7-6d70-4cab-82aa-55bac461a2c2,25,19682.08,credit,card,Holden and Sons,posted,2026-09-10 08:21:25.712331
4396,8917883e-6ac0-4274-8bfc-ef20dec6211d,106,19118.12,debit,ussd,Blackburn Group,posted,2026-09-10 08:21:25.714399
4397,02371bf2-b88a-42a6-891c-2931d43fc5c2,155,14020.72,credit,ussd,Simpson-Williams,posted,2026-09-10 08:21:25.716373
4398,15ca4d81-244a-43cc-90b5-84475458cfab,196,17156.18,debit,ussd,Baker-Woodard,posted,2026-09-10 08:21:25.718455
4399,d9d3c226-ca49-4b36-9779-659381012eeb,156,15477.50,debit,transfer,"Bailey, Reese and Lopez",posted,2026-09-10 08:21:25.720959
4400,dfeb87af-79d3-4962-b38f-b1b65a3184a5,15,137.42,debit,card,Baker and Sons,posted,2026-09-10 08:21:25.723124
4401,d268c03e-0fae-4396-b0f8-f7badbf9cfae,190,15920.85,debit,transfer,"Barrett, Jones and Diaz",posted,2026-09-10 08:21:25.725406
4402,8c99fd84-3099-406e-a7ee-b3d0142aa278,15,16135.43,debit,card,Roberts-Johnson,posted,2026-09-10 08:21:25.727636
4403,8c7b5d9c-2ca3-42a9-a9a4-74f51d210cdd,69,14975.24,credit,pos,Hines-Crane,posted,2026-09-10 08:21:25.729807
4404,e7e0b891-ebce-42cf-a5ff-0f8e34864b08,32,4119.42,debit,pos,"Johnson, Johnson and Navarro",posted,2026-09-10 08:21:25.732059
4405,9490fb29-90b4-4dfe-a70f-62e7e01d150b,166,12428.88,debit,ussd,"Garza, Ibarra and Atkins",posted,2026-09-10 08:21:25.734275
4406,a41e0077-271d-49ee-bd96-0aa8e33da7fb,155,13315.60,credit,card,"Evans, Bailey and Gonzalez",posted,2026-09-10 08:21:25.736609
4407,34c077d5-7445-47e7-9c33-78c9b1e6a222,195,16313.09,credit,card,Haynes Inc,posted,2026-09-10 08:21:25.738635
4408,021bb994-6cb1-45f5-b603-1187f3ea13e3,91,7776.76,credit,pos,Ward and Sons,posted,2026-09-10 08:21:25.740708
4409,bddb3bda-75a6-4e26-83dd-3b4ef2c85307,110,7285.89,debit,card,Travis-Wu,posted,2026-09-10 08:21:25.74284
4410,75c06db7-14a0-4937-8d15-63fe912bed8e,143,6760.66,debit,card,Watson-Gonzalez,posted,2026-09-10 08:21:25.744879
4411,f39f3c15-1619-4af8-b263-2bdc4ecf1859,132,14791.86,credit,transfer,Cooper Group,posted,2026-09-10 08:21:25.746899
4412,84153f37-9129-4ac3-b610-cc7b9dee1c44,155,13810.97,credit,pos,"Jackson, Brown and Taylor",posted,2026-09-10 08:21:25.749095
4413,7202f42c-d3b3-4be7-9c0c-fb2a3c23b15d,80,18837.74,credit,transfer,"Mueller, Williams and Cunningham",posted,2026-09-10 08:21:25.751401
4414,9f728365-4753-4d4a-894a-ebadf479a959,170,11315.20,debit,ussd,Stewart-Wagner,posted,2026-09-10 08:21:25.753376
4415,a32be7b1-f7d1-400b-9693-d1a978afe5b0,25,7884.11,credit,card,Gonzalez Group,posted,2026-09-10 08:21:25.755491
4416,3a812eb8-4080-4dd2-829b-bbe9bee2ff4d,22,19709.79,credit,ussd,"Hoffman, Robbins and Mendoza",posted,2026-09-10 08:21:25.757485
4417,c7efd2d6-3459-4ccc-97c2-1d25e1845fc9,6,2312.19,credit,transfer,Foster LLC,posted,2026-09-10 08:21:25.759755
4418,0d6012cc-6252-4970-b32d-f8bf8d37bc2b,16,13547.22,debit,transfer,Maldonado-Williams,posted,2026-09-10 08:21:25.76177
4419,e22f356e-4235-45b7-b28b-691e88d656c2,119,5165.13,credit,ussd,"Smith, Morgan and Gregory",posted,2026-09-10 08:21:25.764031
4420,bed83550-07ca-4f88-b3b2-9a0074d8d53f,35,6570.45,credit,transfer,"Weaver, Torres and Wells",posted,2026-09-10 08:21:25.766208
4421,a89bce4a-63dd-43a3-a397-b51b8e6d0a28,189,10378.19,credit,card,"Wallace, Blair and Allen",posted,2026-09-10 08:21:25.76855
4422,571f4210-1e85-486a-ae61-2a065f911c10,26,14421.65,debit,transfer,"Bates, Buchanan and Galvan",posted,2026-09-10 08:21:25.770742
4423,09da49fc-af3c-4f56-8063-3e8d3fa085dd,50,17214.89,debit,ussd,"Velazquez, Santos and Adams",posted,2026-09-10 08:21:25.772994
4424,e6b0a9ff-f1d3-4b2e-a20c-bacb7a43c03c,20,11619.88,debit,pos,Duke Ltd,posted,2026-09-10 08:21:25.774864
4425,24f875cd-9a63-4011-bc1b-325f25fa9d12,88,2932.39,credit,card,"Garcia, Ortiz and Carpenter",posted,2026-09-10 08:21:25.777224
4426,af6c96c4-59ef-4239-a2c3-544b2ab777b1,156,6824.66,credit,card,Brown-Webb,posted,2026-09-10 08:21:25.779486
4427,e2cf9985-3e56-4e26-a49a-35dd9ba023d0,180,6812.09,debit,pos,"Robinson, Marshall and Burke",posted,2026-09-10 08:21:25.781802
4428,0ccb8492-4a94-42a4-bdf6-31599cb3e5bf,191,7332.65,credit,pos,Henderson-Tate,posted,2026-09-10 08:21:25.784032
4429,1e2cb08a-309e-47ae-852d-1361d7c760c2,176,9672.58,debit,pos,Austin LLC,posted,2026-09-10 08:21:25.786237
4430,4423703c-c0c2-42d1-9d4b-b4a4072d9b14,185,10684.49,debit,transfer,Hall-Walker,posted,2026-09-10 08:21:25.788402
4431,76426204-da94-416a-8813-02635f2b3183,68,480.97,debit,pos,Munoz Group,posted,2026-09-10 08:21:25.790418
4432,6117af88-fa18-48c4-ab9e-282fd8211db1,2,12007.01,credit,card,Porter-Charles,posted,2026-09-10 08:21:25.792542
4433,1395d81c-754b-4482-99f2-bee66b0419ac,52,5433.42,credit,transfer,"Montgomery, Lowery and Maldonado",posted,2026-09-10 08:21:25.794886
4434,df5c6f2d-6133-4104-8273-1ad4af34e240,35,6719.27,debit,ussd,Levine-Drake,posted,2026-09-10 08:21:25.797123
4435,42a2bdb3-3b7c-4602-9b61-637f593f65d1,69,6482.76,debit,card,Hicks PLC,posted,2026-09-10 08:21:25.79951
4436,95473667-09f0-48cc-9bef-7116c1b2c826,77,15874.05,credit,pos,Lopez PLC,posted,2026-09-10 08:21:25.801462
4437,06653f92-e7ba-401d-aaf7-d7fcfb821542,94,15135.15,credit,card,"Mahoney, Hanson and Hardin",posted,2026-09-10 08:21:25.802912
4438,e5ed3d2f-e9ef-4b63-8731-cfaf4b3e808b,69,2326.79,debit,pos,"Simpson, Sawyer and Coleman",posted,2026-09-10 08:21:25.805148
4439,f24bd6a0-2ef3-4dae-acd9-2393416c7996,12,16917.47,credit,transfer,Schultz-Moore,posted,2026-09-10 08:21:25.807292
4440,f2ac7543-a3a3-441a-a2a5-a42a3f1e67b7,37,11536.30,debit,ussd,Love and Sons,posted,2026-09-10 08:21:25.809225
4441,59f3ad35-b989-44aa-9009-480c40f931b5,6,6625.02,credit,pos,Moreno PLC,posted,2026-09-10 08:21:25.81136
4442,e0d2cb17-9bde-4e73-a09b-9d835caa0edd,101,15631.83,credit,transfer,Mejia Inc,posted,2026-09-10 08:21:25.813417
4443,8c3c6467-2511-48a7-beaa-e96e5d2d9c78,127,5504.49,credit,ussd,"Myers, Murray and Diaz",posted,2026-09-10 08:21:25.815879
4444,62ef5cdd-e4bb-412e-8953-2a293c15c2e0,197,14637.36,debit,ussd,Black-Newman,posted,2026-09-10 08:21:25.81802
4445,e775324a-23bc-4e2a-a5a2-4426fa3229f4,116,9292.98,debit,card,Malone-Mitchell,posted,2026-09-10 08:21:25.820189
4446,d81bfcf6-3f10-45ec-a74b-ee4f32d1fd64,75,7235.84,debit,pos,Moreno LLC,posted,2026-09-10 08:21:25.822354
4447,134aaa64-3471-467b-8f8a-d3c02d01942a,13,1592.87,credit,ussd,Adams-Holmes,posted,2026-09-10 08:21:25.824526
4448,bf1a2354-bae5-4ba2-9311-76d6f805c7f2,116,14300.19,credit,ussd,Lara-Patton,posted,2026-09-10 08:21:25.826585
4449,2900bd67-bb37-415e-8077-ec5dbf20f3d0,9,14098.49,credit,card,Russell-Cantu,posted,2026-09-10 08:21:25.82864
4450,be1cda02-1a32-46c6-8ba7-16efce9af936,169,6701.78,debit,ussd,"Barrett, Preston and Carpenter",posted,2026-09-10 08:21:25.830097
4451,4eea8680-1218-4576-8edb-2d895fd70ece,108,883.69,debit,card,Mckinney Ltd,posted,2026-09-10 08:21:25.832216
4452,69ce6b05-65e6-4ca8-bb4a-006f3b5070ac,152,14305.23,debit,ussd,Allen and Sons,posted,2026-09-10 08:21:25.834344
4453,55d66ffc-39f3-4f59-a223-b396088929bc,52,9468.64,debit,transfer,Graham-Johnson,posted,2026-09-10 08:21:25.836987
4454,7bc010bc-9e22-4ead-b023-4f86f448606a,44,17906.25,debit,transfer,"Arnold, Watson and Carrillo",posted,2026-09-10 08:21:25.839363
4455,366d352b-7fb2-407d-8254-976c2ad8d49c,145,6926.29,debit,ussd,"Khan, Young and Woods",posted,2026-09-10 08:21:25.841503
4456,eac23112-5ded-48c5-8091-2c6fb61946f3,81,17773.94,credit,pos,Holmes-Shaw,posted,2026-09-10 08:21:25.843586
4457,82e58cd1-45b8-498f-85ad-6b400fe2e09c,60,4438.78,credit,transfer,Johnson-Williams,posted,2026-09-10 08:21:25.845677
4458,41c640d9-4069-458c-9b56-c0b1151cc3fd,79,2949.22,debit,transfer,Smith PLC,posted,2026-09-10 08:21:25.847676
4459,3361311c-a06f-4b5a-a101-3b6e378b1b84,182,1772.60,debit,pos,Jimenez-Moran,posted,2026-09-10 08:21:25.849603
4460,093d7987-d034-4a4d-98be-06ecb02e8ac7,156,7201.21,credit,ussd,"Lopez, Gonzalez and Peck",posted,2026-09-10 08:21:25.851808
4461,c1309892-f6ca-41df-b63e-0fa1be67aaac,57,14528.82,credit,transfer,Campbell Group,posted,2026-09-10 08:21:25.8539
4462,4896bbbe-56a0-41ac-a1d4-45253cd84531,144,13914.99,credit,card,Wiggins PLC,posted,2026-09-10 08:21:25.856096
4463,91443e30-306c-4c70-b220-de7d160aa5d4,176,19956.29,debit,pos,Brown Inc,posted,2026-09-10 08:21:25.858052
4464,843ad0d6-0cf8-4097-915c-f4338a1d0756,149,8202.30,credit,ussd,Lopez PLC,posted,2026-09-10 08:21:25.860092
4465,83c22f86-9ace-460b-9df3-c6e4a4bc371f,23,14474.19,debit,transfer,Walker-Murray,posted,2026-09-10 08:21:25.862141
4466,fcce4774-57e8-4cee-b19a-1f4d0d51b7f5,162,14013.92,debit,pos,Martinez-Lopez,posted,2026-09-10 08:21:25.864217
4467,dabc2b7b-e6f7-4c7e-87f2-8c047c6fc191,16,1399.16,credit,transfer,Alvarado-Grant,posted,2026-09-10 08:21:25.866314
4468,1de50456-fb23-4717-8dc4-1e2fcadd3a68,171,14006.28,credit,transfer,Rodriguez-Briggs,posted,2026-09-10 08:21:25.867666
4469,f975aad7-9e8d-4a9e-951b-9b8373740e1b,194,14887.74,credit,pos,"Cruz, Simmons and Escobar",posted,2026-09-10 08:21:25.86997
4470,d9d7bcee-1e73-4598-856c-2639f05e13ac,109,19302.60,credit,ussd,Fisher-Knapp,posted,2026-09-10 08:21:25.872115
4471,10efd250-db07-465d-9c0b-18fddba5984f,200,11545.10,debit,card,Jordan-Davis,posted,2026-09-10 08:21:25.874149
4472,0ded5341-8e39-41a9-8d26-01a079de16e6,189,5821.57,debit,transfer,Reese Group,posted,2026-09-10 08:21:25.876237
4473,58149c7c-2455-4f94-80a9-b2d057b1b94b,159,10423.75,debit,pos,Harper-Vincent,posted,2026-09-10 08:21:25.878457
4474,4ff58ac2-8868-4fb8-8f81-fd57a032880c,48,8264.95,debit,transfer,"Ferguson, Rios and Schmidt",posted,2026-09-10 08:21:25.880544
4475,ce90d4b8-8e1b-4510-bb05-23e4ca74040d,126,13132.75,credit,transfer,Walker Inc,posted,2026-09-10 08:21:25.882448
4476,5f489333-82e6-4159-9caa-c9f47db47f87,25,8127.58,debit,ussd,Hamilton Ltd,posted,2026-09-10 08:21:25.884297
4477,c5e0ba28-8c32-4e40-a891-4b33990f15bb,1,9961.60,debit,transfer,Bailey-Cook,posted,2026-09-10 08:21:25.886294
4478,2db45640-3d2e-45a7-869d-839dd7fbdf0c,163,13427.06,credit,ussd,"Robles, Reid and Haley",posted,2026-09-10 08:21:25.888631
4479,a7cbc6d2-4282-43cd-b6ed-d04345350e98,129,17135.00,debit,transfer,"Martin, Andrews and Jones",posted,2026-09-10 08:21:25.89083
4480,3d4410e7-87c1-4574-b6f8-87f2554e2b8c,72,3526.92,debit,transfer,"Ashley, Hernandez and Jordan",posted,2026-09-10 08:21:25.892955
4481,4964c5a3-db01-458f-9049-c1670f48759e,39,4921.40,debit,card,Flowers Group,posted,2026-09-10 08:21:25.894835
4482,3f6411c3-a09c-45e3-97a1-e6c542330aa4,187,4536.71,debit,card,Fisher-Suarez,posted,2026-09-10 08:21:25.896845
4483,3e19889f-af54-4749-87f2-6db01d498036,176,3327.67,credit,pos,"Hendrix, Austin and Ryan",posted,2026-09-10 08:21:25.898859
4484,8b04487f-d078-44bc-9125-bcd043ee214d,36,7923.76,debit,card,Rangel Inc,posted,2026-09-10 08:21:25.900763
4485,5112250e-e1cf-4317-b5bc-c3a28eed3435,161,5852.80,debit,card,"Miller, Mccarthy and Marquez",posted,2026-09-10 08:21:25.902813
4486,14170c27-6fb2-4fca-96c2-df0b49f30e87,47,15497.41,credit,transfer,Newman Ltd,posted,2026-09-10 08:21:25.904777
4487,72a89b72-ce60-4c8e-a7c8-bbf3c57f39af,164,8294.25,credit,pos,"Hancock, Adams and Nixon",posted,2026-09-10 08:21:25.907245
4488,d3d09a64-32cc-42c2-a901-83f517e09043,174,18632.13,credit,ussd,Peterson-Robbins,posted,2026-09-10 08:21:25.909204
4489,f1294f7c-9a13-4f88-acef-d0c1a3ad8781,84,9668.67,credit,ussd,Reeves-Thompson,posted,2026-09-10 08:21:25.911198
4490,188e52c9-1db7-4608-81d7-b98272e63bed,79,1887.66,debit,transfer,Rojas Inc,posted,2026-09-10 08:21:25.913146
4491,3d4e5009-ec02-412a-bcb8-281bd3c22130,161,4294.69,debit,card,"Hernandez, Fleming and Lewis",posted,2026-09-10 08:21:25.915235
4492,ad73c680-8ee1-4543-a86d-fd8c2c2719d0,131,16940.83,debit,card,Proctor and Sons,posted,2026-09-10 08:21:25.917122
4493,6916b063-449a-473d-969a-271b4d3f07f3,1,18400.79,credit,pos,Jacobson PLC,posted,2026-09-10 08:21:25.919135
4494,ee3a785f-edce-4555-ae6a-3882dcf642b9,11,18259.89,debit,ussd,Hernandez-Thomas,posted,2026-09-10 08:21:25.921331
4495,796f7739-7d72-439a-9032-c3c9a514e27f,35,8282.02,debit,transfer,Mills and Sons,posted,2026-09-10 08:21:25.923189
4496,3dbb3c2d-d6f1-404d-9fa9-f590a2d7e702,143,14819.89,debit,transfer,"Norman, Vega and Finley",posted,2026-09-10 08:21:25.925342
4497,0a985faa-7ddc-41d6-aaed-0ba3a56f3e84,21,8230.83,debit,ussd,Love-Marquez,posted,2026-09-10 08:21:25.927708
4498,ea89035b-9d79-4fe5-9b8a-7e4f4273066c,49,11501.53,credit,ussd,Hunter Ltd,posted,2026-09-10 08:21:25.929635
4499,987e5bad-2d80-4fc3-86d9-d258f7a953b0,28,7833.79,debit,card,Sullivan and Sons,posted,2026-09-10 08:21:25.931483
4500,e80e02d7-8808-45fd-8cca-56adc0d00503,171,11699.23,credit,transfer,"Miller, Jones and Miller",posted,2026-09-10 08:21:25.933803
4501,c77d9199-9de7-4c3d-90c0-e79ff2f7f0e3,56,15223.11,debit,ussd,Galloway Inc,posted,2026-09-10 08:21:25.935837
4502,a7530dc8-67b2-48ab-91bd-0e9643723160,31,5457.45,debit,transfer,Bennett LLC,posted,2026-09-10 08:21:25.937714
4503,91e5481a-c39a-4e9a-96e7-a5c2decd4ac2,156,5907.21,credit,pos,"Benjamin, Frazier and Smith",posted,2026-09-10 08:21:25.939872
4504,517313be-1601-478e-96ef-02207ce598dc,4,19177.69,debit,ussd,Lawson and Sons,posted,2026-09-10 08:21:25.94174
4505,4f186e94-b70a-4fc6-9345-e6d22c288933,71,2471.11,credit,pos,Simmons-Ball,posted,2026-09-10 08:21:25.943862
4506,8517a82f-1c1c-4a72-8f06-5ea31f60739b,3,14670.52,credit,transfer,Flores PLC,posted,2026-09-10 08:21:25.94573
4507,b7664a01-b98a-4289-b1dc-8a8373a5e611,5,8743.49,credit,card,Wilson-Banks,posted,2026-09-10 08:21:25.947848
4508,0de1db42-9b00-4a89-b011-94f0311dc233,26,966.49,debit,pos,"Hall, Johnson and Baldwin",posted,2026-09-10 08:21:25.949902
4509,0dda5a8f-e8d7-4d6d-bb42-4ea2ffaea235,85,6805.38,debit,transfer,"Orozco, Hill and Rodriguez",posted,2026-09-10 08:21:25.952131
4510,6a9ceafe-153d-4809-8dd0-e559a18827d3,77,5403.36,debit,card,Moore-Henry,posted,2026-09-10 08:21:25.954076
4511,a15888af-3e87-49c6-9c4d-980b7b9ec123,111,14190.04,credit,pos,Diaz-Clark,posted,2026-09-10 08:21:25.956218
4512,f4e9af4b-e427-4e14-a0b5-4983afd01247,42,6295.69,credit,pos,Brooks PLC,posted,2026-09-10 08:21:25.958116
4513,447f0938-79a3-485b-bc61-cbd2fec68ad2,110,18200.24,credit,transfer,Allen-Price,posted,2026-09-10 08:21:25.960528
4514,8dcdcee9-cc84-4c8e-9892-04581600f8dc,64,917.51,debit,card,"King, Ortiz and Stone",posted,2026-09-10 08:21:25.962702
4515,33339462-e3f3-4727-9fd7-d64c2a5ab0be,30,4911.33,credit,card,"Singleton, Barnes and Morton",posted,2026-09-10 08:21:25.963936
4516,992dc6dc-1035-49e5-8bd9-847b9299e796,1,13518.01,credit,transfer,Everett-Neal,posted,2026-09-10 08:21:25.966224
4517,70db4bc0-2110-475d-94f2-c9f0d399f62c,86,17735.95,debit,pos,Khan-Lowe,posted,2026-09-10 08:21:25.968274
4518,8ea77916-3ea5-4074-a581-758566ee2396,133,19321.67,credit,transfer,"Valdez, Walker and Bauer",posted,2026-09-10 08:21:25.970227
4519,1a25a163-5afd-4e45-ac19-1d88f8b64c6f,70,17717.07,credit,transfer,"Hernandez, Young and Marshall",posted,2026-09-10 08:21:25.972453
4520,19c77cb1-4c20-4723-a41c-3b1799da1e4b,179,17185.72,debit,pos,Young Inc,posted,2026-09-10 08:21:25.974359
4521,c48eb82d-2973-4558-b44a-a64620b6d642,84,6063.50,debit,card,"Meyer, Nolan and Dawson",posted,2026-09-10 08:21:25.976469
4522,bcc591a7-160b-4a65-a07f-127240fa5eef,137,11241.64,credit,pos,"Burch, Williams and Dixon",posted,2026-09-10 08:21:25.978497
4523,5263dadd-e578-40ed-a03e-4f68ff8b74d0,83,5913.03,debit,pos,Newton-Contreras,posted,2026-09-10 08:21:25.980465
4524,34111e82-faf3-4d56-a372-28be1fc2328f,196,14690.30,debit,card,"Ruiz, Brown and Wood",posted,2026-09-10 08:21:25.982542
4525,3863c7fe-fe43-4293-b7bb-5bb0f78e8d06,115,9305.46,debit,pos,"Smith, Vega and Santana",posted,2026-09-10 08:21:25.984647
4526,f3c23fff-cc79-45d5-ba99-18ef6d7b6412,28,4676.88,debit,card,"Beard, Moore and Torres",posted,2026-09-10 08:21:25.986856
4527,502ea5ca-765e-4e6a-afc3-a8807cdff0c8,161,12776.83,credit,ussd,Perez-Moore,posted,2026-09-10 08:21:25.988988
4528,34ac9cdc-b33c-4350-ac9b-bd130e213d5a,78,8873.22,debit,transfer,"Pittman, Thompson and Park",posted,2026-09-10 08:21:25.991257
4529,76ade2ad-8afd-429b-9eb1-c42a0d768635,84,17116.80,debit,card,"Mason, Santana and Harris",posted,2026-09-10 08:21:25.993253
4530,61274e46-868e-4606-983f-ba0e2567d7b0,80,16896.20,debit,transfer,Cabrera-Anderson,posted,2026-09-10 08:21:25.995295
4531,688a161b-df91-4deb-a499-6607e132667d,6,8146.90,debit,card,"Wright, Nelson and Thomas",posted,2026-09-10 08:21:25.997412
4532,197e2a78-c905-413a-b773-57a61430a01f,119,5871.99,credit,transfer,Jones Ltd,posted,2026-09-10 08:21:25.999531
4533,d01f7a90-17c0-473a-a6ef-72291931705b,56,6918.75,credit,transfer,"Nichols, Orozco and Yates",posted,2026-09-10 08:21:26.001578
4534,346c23c6-6dba-46ae-b470-a5cfef95f14b,94,11243.08,debit,transfer,Carroll-Whitehead,posted,2026-09-10 08:21:26.003836
4535,abcd8b3e-d6c2-4c35-8c8d-0bcf4d6d5bd4,181,964.82,debit,transfer,Morrison Inc,posted,2026-09-10 08:21:26.005682
4536,bda2fa30-9d78-4fb4-afef-883e02a0bca7,71,16147.18,debit,card,Murphy-Browning,posted,2026-09-10 08:21:26.007855
4537,dbbdf28f-7a2f-44c4-b866-f9dce3cb3bcf,167,8060.48,debit,ussd,Barrett PLC,posted,2026-09-10 08:21:26.009807
4538,bdc4239c-c887-494d-af98-3f15208308cf,152,13548.10,debit,transfer,"Bradley, Fuentes and Hernandez",posted,2026-09-10 08:21:26.011899
4539,f6386bed-3be1-447e-a993-82a7946a9ebf,36,19795.99,credit,pos,Bailey-Johnston,posted,2026-09-10 08:21:26.013977
4540,7155c8a7-cf66-4c3d-a8cd-659b4ba62f2d,189,15595.33,credit,ussd,Hoover LLC,posted,2026-09-10 08:21:26.015837
4541,d63912d6-c2bd-4033-b543-84c82676e588,23,18847.47,credit,ussd,Scott-Davis,posted,2026-09-10 08:21:26.018006
4542,d4c2b4a1-7d05-42a4-9f12-93c3f5ca1c20,28,10075.36,credit,card,Aguilar Inc,posted,2026-09-10 08:21:26.01949
4543,529fb877-52ed-4b75-9c62-c1d8cf62af2c,131,6169.77,debit,ussd,Thompson-Taylor,posted,2026-09-10 08:21:26.021129
4544,5b6f8a9e-7da9-4037-b30b-ebc40dd80cbb,168,17081.64,debit,ussd,"Richardson, Hall and Banks",posted,2026-09-10 08:21:26.022983
4545,6c0b718f-c96c-4bd6-8eed-211587d6b879,163,11323.64,debit,transfer,Fox-Cooper,posted,2026-09-10 08:21:26.024986
4546,01427942-f4b3-41eb-8571-87e19e79a1c7,199,8442.25,debit,card,Wilson-Hoffman,posted,2026-09-10 08:21:26.026992
4547,4e4916ea-2d5c-4870-af66-39a69191cb93,189,10208.09,credit,card,Johnson and Sons,posted,2026-09-10 08:21:26.028892
4548,95ddfd7d-ac3c-457e-b8a1-6b801ca50702,192,3800.78,debit,pos,Hernandez-Fields,posted,2026-09-10 08:21:26.030834
4549,663acf6e-12d0-4e3f-b86f-d0dea38fc908,13,15827.76,credit,card,Moss LLC,posted,2026-09-10 08:21:26.032709
4550,8a0fb4b2-ba31-4967-8c14-ecb3f7e332e9,23,5816.74,debit,card,Walton Group,posted,2026-09-10 08:21:26.034583
4551,99309ea5-e036-43c3-9d2b-271699ea92f4,163,6065.90,credit,pos,"Jordan, Cline and Benson",posted,2026-09-10 08:21:26.036608
4552,f8220a28-aaa7-4a71-9386-8b8ea1edf5f1,187,6008.86,credit,transfer,"Fox, Burns and Hernandez",posted,2026-09-10 08:21:26.038906
4553,042c013b-dce1-4ef9-a76a-bc20b8280182,142,2411.34,debit,ussd,"Thompson, Hawkins and Daniel",posted,2026-09-10 08:21:26.041034
4554,0cb02afc-d812-4334-9d1c-90f953d8a953,53,2166.32,debit,ussd,"Stewart, Morris and Figueroa",posted,2026-09-10 08:21:26.043052
4555,e439e01e-bb76-4129-b8da-374b2f43ea25,80,7190.97,credit,card,Ruiz-George,posted,2026-09-10 08:21:26.045185
4556,d29a73b0-8b1e-493a-ad05-36015bbba302,143,4146.92,debit,ussd,"Anthony, Williams and Schmitt",posted,2026-09-10 08:21:26.047409
4557,8b5ef16c-7dd4-491b-a002-4ae26125e4a4,6,12478.34,credit,ussd,"Rollins, Wilson and Peters",posted,2026-09-10 08:21:26.049924
4558,560353b7-b115-413e-b5b6-bd5a7640a546,100,4572.63,credit,transfer,Cobb-Valentine,posted,2026-09-10 08:21:26.051057
4559,e45daa58-bcd4-4285-9436-2ab1865cda25,107,1382.59,credit,pos,Villa and Sons,posted,2026-09-10 08:21:26.052976
4560,dd0b90ae-85bc-479e-a1c0-18b8847fb2cc,15,17014.03,debit,pos,Chan-Hawkins,posted,2026-09-10 08:21:26.055456
4561,6fab97fe-0979-47c6-b530-8f4e7881722d,94,9602.19,debit,ussd,Norris and Sons,posted,2026-09-10 08:21:26.057307
4562,dbfe2807-ea11-4958-acd0-e1f39de5890f,92,15116.70,debit,pos,"Griffin, Miller and Flores",posted,2026-09-10 08:21:26.05942
4563,cf5fa30c-095c-49a8-af4a-7f54fa3b555f,40,19677.69,credit,transfer,Miller PLC,posted,2026-09-10 08:21:26.061577
4564,49ce7fcf-9375-48ac-812a-97670739e77e,36,12445.78,debit,ussd,Price-Day,posted,2026-09-10 08:21:26.06364
4565,508062c8-19a3-45cb-a07a-c506dfb7ac47,148,18327.22,debit,card,Sanchez LLC,posted,2026-09-10 08:21:26.065453
4566,b656f78a-c023-41e5-beef-9f901f8d1274,181,8488.53,credit,transfer,Hickman and Sons,posted,2026-09-10 08:21:26.0673
4567,36fcbe12-c29e-4761-bff7-1f5c31378748,161,7088.15,debit,transfer,Copeland PLC,posted,2026-09-10 08:21:26.069199
4568,41cc254a-bd7c-4d5b-aac6-7c4fb8d7ef9c,63,1574.06,debit,transfer,"Collins, Russell and West",posted,2026-09-10 08:21:26.074352
4569,7323a72b-8165-4c0c-bb83-61c1117fe3b3,200,15668.54,debit,ussd,"Mendoza, Craig and Berry",posted,2026-09-10 08:21:26.077154
4570,24fed3d3-8de8-475d-a301-e4c337fd6f1d,50,19469.81,credit,pos,"Smith, Davis and Miller",posted,2026-09-10 08:21:26.079322
4571,3eecaf17-6675-4b69-8605-d34a9e70532c,177,9718.90,credit,pos,"Anderson, Macdonald and Erickson",posted,2026-09-10 08:21:26.081636
4572,63796f29-96e0-4bbd-a95e-7cda9214bf42,200,9684.65,debit,pos,Thompson Ltd,posted,2026-09-10 08:21:26.083681
4573,fed1f812-557a-4399-94ba-405768b3c3c1,135,17468.73,credit,ussd,West-Griffith,posted,2026-09-10 08:21:26.085665
4574,ee5ef69e-b8d9-414a-b121-33e7eab05e1b,44,6030.10,credit,ussd,Ali-Estrada,posted,2026-09-10 08:21:26.087788
4575,cd53bd68-97e1-48f6-98b2-ba8f84a6e92c,101,6868.18,debit,transfer,"Howell, Perez and Cook",posted,2026-09-10 08:21:26.089675
4576,3600a1f5-c073-4444-964c-4eb5ebe1549b,115,10414.05,credit,transfer,Mcdonald and Sons,posted,2026-09-10 08:21:26.091465
4577,5e5b4dfb-f28d-45af-9d0f-afb8340b85cc,28,2522.26,credit,card,Haley Ltd,posted,2026-09-10 08:21:26.093392
4578,72124864-6587-4548-a16b-b306235acccf,157,14559.07,credit,pos,"Ruiz, Huerta and Sanders",posted,2026-09-10 08:21:26.095465
4579,4daded53-8091-47ac-863c-6c2aca7c7382,28,11498.73,debit,card,Miranda-Johnson,posted,2026-09-10 08:21:26.09755
4580,ad4d9487-4394-44a1-8a05-16b0dbe23d8e,161,7643.78,debit,ussd,"Ortega, Mann and Gibson",posted,2026-09-10 08:21:26.099637
4581,4e8c9c7c-655b-4e32-9293-b9ec5e221f6f,118,8177.55,credit,transfer,Phillips Inc,posted,2026-09-10 08:21:26.101644
4582,516c429f-60fa-4a9f-a39a-eeba1bc78c29,68,8172.83,credit,card,"Calderon, Willis and Smith",posted,2026-09-10 08:21:26.103852
4583,33bafb45-a505-49d8-a484-3ea6da10a48f,137,930.43,debit,pos,Harrell PLC,posted,2026-09-10 08:21:26.105746
4584,434fe73c-30b2-4ab5-b197-3aca3aa3d3f7,124,9502.15,credit,card,Vasquez-Fisher,posted,2026-09-10 08:21:26.107743
4585,38e2ba10-0b54-4f7f-95c2-fba6f9167783,159,16516.67,credit,card,Matthews-Johnson,posted,2026-09-10 08:21:26.109685
4586,a5c0d8bd-07e0-4cc7-a9b0-8cf7febd6d48,2,2077.73,debit,card,Lopez-Lawrence,posted,2026-09-10 08:21:26.111672
4587,0cb8532f-1a5a-4f62-9fa8-9306d4f8e497,145,6855.89,debit,card,"Montgomery, Gentry and Davis",posted,2026-09-10 08:21:26.113761
4588,54ba50d1-31ed-448b-9397-285e4aab41cf,161,14498.29,credit,transfer,Mosley-Fisher,posted,2026-09-10 08:21:26.115875
4589,20495622-a019-4d1f-a41a-77fa1e7e7831,130,11669.88,debit,transfer,Wolfe-Stafford,posted,2026-09-10 08:21:26.117802
4590,fc7d208c-4c0d-4298-9e3c-e1ddaeea870b,72,17293.35,credit,ussd,"Dixon, Carter and Davis",posted,2026-09-10 08:21:26.120005
4591,b603e04c-6598-4267-9dda-d63457ba3604,109,896.47,debit,pos,Ho LLC,posted,2026-09-10 08:21:26.122026
4592,5fcd690f-a483-499e-9f0a-e248c66fed1d,120,1848.76,credit,pos,Decker-Ramos,posted,2026-09-10 08:21:26.124149
4593,7f8091ad-5472-42fd-971b-7396223940f0,139,13035.76,debit,ussd,"Kennedy, Carter and Williams",posted,2026-09-10 08:21:26.126351
4594,56e3cf7a-d2a1-4c00-8290-70dbffe11de3,46,5014.69,debit,pos,Pollard-Harrison,posted,2026-09-10 08:21:26.128362
4595,9bc4b428-f832-49d9-bcef-2e24c8dd9902,198,6194.79,debit,pos,Green PLC,posted,2026-09-10 08:21:26.130244
4596,839a7c37-d240-4176-a9f6-051a312e052d,5,1497.79,debit,ussd,Singh-Munoz,posted,2026-09-10 08:21:26.132358
4597,89f6342a-a318-4f44-87dc-08e459288004,86,14513.06,debit,ussd,Sanchez Group,posted,2026-09-10 08:21:26.134333
4598,cee8938c-6883-41ea-a516-30c3562ce4fb,42,13983.15,credit,card,Mitchell and Sons,posted,2026-09-10 08:21:26.136284
4599,9c4844e0-cf73-4099-bbbe-565723ade124,85,10501.28,credit,transfer,Fowler and Sons,posted,2026-09-10 08:21:26.138188
4600,319e052b-bd6e-4809-8b2c-e6742adc951c,165,15559.94,debit,pos,"Sampson, Garrison and Martin",posted,2026-09-10 08:21:26.140799
4601,77336852-b1e7-4046-be77-164b22879eeb,94,14852.84,debit,ussd,"Hines, Henson and Frey",posted,2026-09-10 08:21:26.143072
4602,ca76545a-cbf5-43dd-8821-91dc06201ee7,9,8227.89,debit,ussd,Cummings Inc,posted,2026-09-10 08:21:26.145056
4603,d81cfea5-6d7e-47c9-b3be-69962f0c02b5,11,2418.55,credit,card,Kennedy Group,posted,2026-09-10 08:21:26.146969
4604,e856e6c2-994b-4785-bd4c-fa0fee5efb9b,4,3698.54,credit,ussd,Ramos-Griffin,posted,2026-09-10 08:21:26.149108
4605,bfdf70dc-851c-4089-9fad-3880391ef0d1,93,17098.74,credit,ussd,Carr and Sons,posted,2026-09-10 08:21:26.151386
4606,5c975972-2fd9-4b76-95b4-9c2969208981,67,15028.67,credit,card,Huynh-Browning,posted,2026-09-10 08:21:26.153469
4607,46184f94-6597-4dbf-87f0-3155b3153078,3,9794.83,debit,transfer,Kennedy PLC,posted,2026-09-10 08:21:26.155316
4608,43c6b785-736e-461c-9de5-e4ad8265d049,128,19529.21,debit,transfer,Kerr-Snyder,posted,2026-09-10 08:21:26.157449
4609,e40af18e-ab50-469d-8764-7837b513ba45,86,7515.35,debit,transfer,Kline-Avila,posted,2026-09-10 08:21:26.159496
4610,4f03d3fc-1187-43c4-92d8-bf76b0206191,99,8405.46,credit,pos,"Castro, Mckenzie and Lloyd",posted,2026-09-10 08:21:26.161583
4611,97613e21-63ff-4719-bf32-88407108d1d5,88,18687.91,credit,ussd,Lang-Gamble,posted,2026-09-10 08:21:26.163806
4612,1c496ca1-979a-46e6-9877-72dd0243d207,152,6932.18,credit,transfer,Ewing Inc,posted,2026-09-10 08:21:26.165712
4613,cfb9f3d9-fccc-49b0-b5c1-8ce7d1fd0d12,44,12173.05,debit,pos,"Burnett, Ward and Mills",posted,2026-09-10 08:21:26.167881
4614,0ea96597-c672-47ed-8e42-60d08649919a,41,14206.80,credit,pos,"Patel, Warner and Carroll",posted,2026-09-10 08:21:26.169966
4615,615d93a6-833b-4bdc-baf2-483c85921e4c,103,12537.23,credit,transfer,Johnson-Taylor,posted,2026-09-10 08:21:26.1719
4616,005bedf0-3613-4047-a48f-b6981b0661b1,9,426.98,debit,pos,Nelson Group,posted,2026-09-10 08:21:26.173779
4617,c4c5324e-0267-449d-bc34-d29799a17024,75,6942.22,debit,transfer,Jackson-Mason,posted,2026-09-10 08:21:26.175801
4618,881c4345-c27e-44b0-896d-4a24d77f0e2b,184,17319.62,debit,ussd,"Fox, Rogers and Holt",posted,2026-09-10 08:21:26.177926
4619,a93ba2cb-6590-42fa-9238-7a8184d8a02b,83,14463.63,debit,ussd,"King, Mason and Greer",posted,2026-09-10 08:21:26.180049
4620,8fd3ef2e-f724-4d5e-990c-e07db5ecb250,7,472.21,debit,pos,Ortiz Ltd,posted,2026-09-10 08:21:26.182153
4621,b993ab52-9219-47eb-887b-bd079173df94,181,14974.32,credit,pos,Johnson and Sons,posted,2026-09-10 08:21:26.183848
4622,79f9bcd8-c37d-4de9-b756-fe88dbd7dd10,57,14001.38,credit,transfer,Barrett LLC,posted,2026-09-10 08:21:26.184879
4623,e219b88f-b0ee-46e1-8c76-d28d9cb14472,131,9029.92,debit,pos,Stewart Group,posted,2026-09-10 08:21:26.186257
4624,eacd9b45-38d5-4339-b880-004a81959946,124,6215.63,credit,transfer,Rich-Jackson,posted,2026-09-10 08:21:26.188321
4625,201a7ac9-98b6-4e57-a7ee-71a1e1e891d1,175,11907.95,debit,card,Walker-Nelson,posted,2026-09-10 08:21:26.190446
4626,d95f71e0-757a-491c-8bff-fc9c6d1cb7df,43,15213.53,credit,pos,"Roberts, Francis and Cox",posted,2026-09-10 08:21:26.192649
4627,cd40a655-2370-4c1a-9bc1-b7b79c8c7f44,58,15695.15,credit,card,Lee-Stevens,posted,2026-09-10 08:21:26.194656
4628,6b5832c2-52a9-4753-af38-84ec2f4bc312,110,12226.60,credit,pos,Myers-Chen,posted,2026-09-10 08:21:26.196599
4629,289ef562-0ab8-4e68-9e02-7daf60ad7626,187,1949.85,debit,ussd,Brown-Cruz,posted,2026-09-10 08:21:26.198744
4630,c6a814d2-966a-4357-93d8-c18ddc05e9d7,188,5163.27,debit,transfer,Alvarez-Sanchez,posted,2026-09-10 08:21:26.200775
4631,6d5dade8-112b-4cb2-99ec-fd905ad3365d,62,16813.46,debit,transfer,Day and Sons,posted,2026-09-10 08:21:26.202695
4632,e5106f24-b276-4ade-b2c9-6ed60624e04c,116,8940.97,debit,transfer,"Brown, Joseph and Hendricks",posted,2026-09-10 08:21:26.204951
4633,61ddae4f-d38e-41e2-b57e-050197cf4dac,142,17032.57,debit,transfer,Short-Ferguson,posted,2026-09-10 08:21:26.206974
4634,b6ae6c1f-2cea-4acd-af85-8192f91bb7da,26,4470.26,debit,card,Mullen-Moore,posted,2026-09-10 08:21:26.209004
4635,76abd496-2c90-41b3-8c0f-54256c3f63ea,93,7931.35,credit,card,"Garcia, Mayo and Wright",posted,2026-09-10 08:21:26.211036
4636,e75c1769-4c0d-44f5-a12b-47b38c2c51f0,151,10328.97,debit,pos,Lopez PLC,posted,2026-09-10 08:21:26.213032
4637,54f041a4-f46e-46d2-a8a9-423228b8fe31,34,8328.31,credit,transfer,Dawson-Parker,posted,2026-09-10 08:21:26.214991
4638,29582d74-6f8e-4df6-88ec-c7592810f08e,38,5566.41,debit,pos,Ayala-Snyder,posted,2026-09-10 08:21:26.217048
4639,e0d6ed0d-57f6-4c39-a359-904a9c7e8317,82,1828.29,debit,ussd,Cohen Group,posted,2026-09-10 08:21:26.218912
4640,ae5fb8cc-6188-42d3-9665-8c8597398f21,4,13803.45,debit,transfer,Clark Ltd,posted,2026-09-10 08:21:26.220826
4641,e01ee678-5e8e-4c1d-8b3d-4c9b1b3c634d,128,18128.91,debit,ussd,"Stone, Smith and Davis",posted,2026-09-10 08:21:26.222971
4642,b9af0550-8afd-441e-841e-d2e7c4765da2,19,14345.55,credit,transfer,Oconnell-Bates,posted,2026-09-10 08:21:26.225168
4643,cc353f4b-b824-4c7d-aced-38e94b4a302c,76,6475.87,credit,ussd,Price and Sons,posted,2026-09-10 08:21:26.227272
4644,3399737f-daf5-4032-8bc5-5f499f299c5e,102,6495.01,debit,card,Church-Jackson,posted,2026-09-10 08:21:26.22925
4645,09b1f36e-2a80-434d-8031-25aa4c7cbb45,195,19085.32,debit,ussd,Stewart-King,posted,2026-09-10 08:21:26.231276
4646,71b27bea-e14e-43e8-b92d-79400b37b3ac,55,2404.02,credit,card,Jones-Phillips,posted,2026-09-10 08:21:26.233269
4647,19feb45e-b99b-418a-9c3a-8bcb5a97c82b,68,3431.38,debit,pos,Cannon Ltd,posted,2026-09-10 08:21:26.236061
4648,d4476efa-385d-4aed-9173-65da641c5f66,160,5746.93,credit,transfer,Butler-Rogers,posted,2026-09-10 08:21:26.238149
4649,61095ae7-dab8-4a9e-9758-f8b5e3edda71,162,18533.58,credit,ussd,Bailey Inc,posted,2026-09-10 08:21:26.240028
4650,d09db1b9-39cb-4e2c-bd96-d6fd7c466ab1,199,15785.92,credit,card,"Cooper, Holt and Murillo",posted,2026-09-10 08:21:26.242167
4651,665f65e4-d471-42e3-a7c6-e070f6f1c25a,184,14061.94,debit,card,Erickson-Washington,posted,2026-09-10 08:21:26.24437
4652,f1724794-e8ee-4969-b2ff-1d5577ec2b4b,28,13855.09,debit,transfer,Peterson-Dean,posted,2026-09-10 08:21:26.246423
4653,38c34052-0461-4eca-b12b-caba86589a9f,193,15226.22,credit,transfer,Young Group,posted,2026-09-10 08:21:26.24837
4654,a739d671-7820-4f45-a68f-47b72586745e,139,4988.82,debit,transfer,Thomas-Ramirez,posted,2026-09-10 08:21:26.250497
4655,de21b252-b2b0-406b-b620-e13bcd8e713a,54,11943.56,credit,pos,"Saunders, Livingston and Carter",posted,2026-09-10 08:21:26.252644
4656,35db52dd-21e5-40c0-96e7-40b0f79d0af7,57,13286.93,debit,card,Morris-Cohen,posted,2026-09-10 08:21:26.254745
4657,4b4535aa-4dfa-4a44-b9f3-697599f4d8e4,169,5121.21,credit,ussd,Myers-Robinson,posted,2026-09-10 08:21:26.256906
4658,2c80fb21-563a-4d8e-8604-de961179eaf7,43,8737.44,credit,card,Lucas Group,posted,2026-09-10 08:21:26.258812
4659,6d96c848-0251-4206-b3d1-e075bcbc6df4,158,10428.45,credit,card,"Phillips, Miller and Grant",posted,2026-09-10 08:21:26.261083
4660,99218984-0d73-46f1-b001-9864c62f86f9,102,16862.31,debit,transfer,Porter-James,posted,2026-09-10 08:21:26.263217
4661,e94454d3-848b-4ecf-b71a-413df70a8b68,93,15210.69,credit,pos,Kirk PLC,posted,2026-09-10 08:21:26.265453
4662,7bc84d21-5abb-4d9d-a281-7b094f1b7781,186,5533.87,credit,card,Adams-Benjamin,posted,2026-09-10 08:21:26.267534
4663,875d7c5f-b754-4d75-a546-d72c75f702b7,33,14245.03,debit,card,Ryan-Ferrell,posted,2026-09-10 08:21:26.269519
4664,a49753e7-4a66-41b6-a206-a9005e5ebb2d,13,6116.52,debit,transfer,Cruz LLC,posted,2026-09-10 08:21:26.271515
4665,73a81434-dfe8-421f-9b79-b8890c746bff,107,12770.72,debit,transfer,Cole-Harris,posted,2026-09-10 08:21:26.273587
4666,d4843230-04c9-4454-b840-eb6c636d0bbd,150,13452.40,debit,card,"Dawson, Davis and Thompson",posted,2026-09-10 08:21:26.27594
4667,3b962824-0c93-418f-80a4-6a2c1c8b23a7,137,9614.83,debit,pos,Rivera-Rivera,posted,2026-09-10 08:21:26.278139
4668,3b76b59d-f897-4500-be13-14bb2812d24a,161,10897.70,debit,card,Parker and Sons,posted,2026-09-10 08:21:26.280197
4669,e1f2fb88-6432-480f-8013-e201c86c01fb,102,14551.71,debit,pos,Carroll-Sheppard,posted,2026-09-10 08:21:26.28217
4670,9cad5b9b-3e38-4345-b3b4-a708c3836179,162,15824.60,debit,transfer,"Smith, Bolton and Oliver",posted,2026-09-10 08:21:26.284316
4671,a3fca62b-9446-4bcb-a870-11caacca00c9,6,5032.03,credit,card,Hoffman Inc,posted,2026-09-10 08:21:26.286261
4672,07ed29a1-2052-4f90-bc55-8a9589e875a4,116,4868.58,credit,ussd,Wise-Martinez,posted,2026-09-10 08:21:26.288333
4673,3381662f-4aac-4f0b-9eb8-86f1bc7385be,155,966.36,debit,ussd,"Phillips, Mitchell and Mendez",posted,2026-09-10 08:21:26.290563
4674,47dc2d9c-43ec-41da-8b26-c34ced6d3ba0,111,15724.46,credit,card,Velasquez Ltd,posted,2026-09-10 08:21:26.292748
4675,4af69201-fba8-4cfb-920c-8cad2918b737,1,3662.80,debit,pos,Young and Sons,posted,2026-09-10 08:21:26.29497
4676,5755d3f1-c734-41ea-8942-7218636f3ba2,34,6371.34,debit,pos,Payne LLC,posted,2026-09-10 08:21:26.296887
4677,8e85df55-fc21-4619-b998-34fe4627ed63,72,9132.31,credit,pos,Jimenez Ltd,posted,2026-09-10 08:21:26.29888
4678,c031c81a-8a81-46de-a9ec-71853e26a198,112,13202.21,debit,transfer,"Wilson, Burton and Mejia",posted,2026-09-10 08:21:26.301057
4679,4cd3d4e4-d172-4501-985e-2545a18da587,106,4279.45,debit,card,"Freeman, Baker and Miranda",posted,2026-09-10 08:21:26.303404
4680,b77064c9-1926-41b8-839e-8a4f82b75013,179,10917.18,credit,pos,George Group,posted,2026-09-10 08:21:26.305303
4681,3b5f4f3b-9b4a-4a45-a7a7-8491573f7f94,113,3662.43,credit,card,Holmes-Davis,posted,2026-09-10 08:21:26.307407
4682,1fc703c8-07d2-47f4-9536-082d52372c36,63,18477.45,credit,pos,Pugh PLC,posted,2026-09-10 08:21:26.309378
4683,e798afd0-f7f2-4401-b672-7bbcbc8a495a,158,7041.62,credit,transfer,James-Jones,posted,2026-09-10 08:21:26.311844
4684,d3a86209-990e-44ab-a32f-6baf61799387,1,13426.77,credit,transfer,Lee-Jones,posted,2026-09-10 08:21:26.314091
4685,6e302bc7-10a3-4804-963e-8ea1d6b016a1,143,2079.21,credit,card,Pittman-Allen,posted,2026-09-10 08:21:26.316159
4686,85b0c6ec-e73c-40bf-82f9-ca5b5072d2b5,21,19137.74,credit,transfer,"Powell, Beck and Day",posted,2026-09-10 08:21:26.318048
4687,b8d0745f-2de0-4026-b61a-7ed376e8f08f,180,18405.93,debit,transfer,Chase and Sons,posted,2026-09-10 08:21:26.320138
4688,bd9c5c1e-1c44-4859-ad22-4ba2465b1eb4,109,8987.99,debit,transfer,Haynes and Sons,posted,2026-09-10 08:21:26.321968
4689,7054fa36-2662-4f66-ab68-502e17c23948,133,13970.25,debit,card,Gardner-Gonzalez,posted,2026-09-10 08:21:26.324105
4690,23a8f6e4-292e-4740-903b-dc7fa7c5cf0f,122,18520.20,debit,card,"Lane, Medina and Johnson",posted,2026-09-10 08:21:26.325379
4691,67b1cdbb-c815-43df-a3de-6410042d5907,199,18929.26,debit,card,Pearson Group,posted,2026-09-10 08:21:26.328673
4692,e502f396-be5b-43e6-8796-ece2b912e5c9,182,13963.93,debit,ussd,Francis Ltd,posted,2026-09-10 08:21:26.330635
4693,38cee63e-b777-404e-9589-eaf03059ebf1,102,13796.81,credit,pos,Sanchez Ltd,posted,2026-09-10 08:21:26.332785
4694,e28c98ec-f5cc-48a7-91b1-29f376e00bab,12,18522.37,credit,card,Shaw-Gilmore,posted,2026-09-10 08:21:26.334934
4695,9ab57c7a-c2c5-4e1c-aca0-1c7e7fd2cd15,69,18283.48,debit,ussd,Gonzalez Group,posted,2026-09-10 08:21:26.337002
4696,0a4b43f3-bf90-4473-90e9-d1eb9719094a,125,17294.93,credit,transfer,"Serrano, Nguyen and Chavez",posted,2026-09-10 08:21:26.339141
4697,fb8c9310-442d-49f9-bab5-7c10ca097f49,142,19700.29,credit,pos,Gonzales-Brown,posted,2026-09-10 08:21:26.341481
4698,6cb2645c-0022-40bd-9cda-6bb13c6364a2,147,12807.78,debit,transfer,"Oliver, Smith and Gould",posted,2026-09-10 08:21:26.344145
4699,35639aaa-f135-4458-b679-62ae10b5b3e1,107,18833.34,credit,transfer,Gross-Harris,posted,2026-09-10 08:21:26.346281
4700,e1dfb610-006e-4e0d-b8dc-867bbb6fb1d8,26,13534.77,credit,card,Smith-Oneill,posted,2026-09-10 08:21:26.348202
4701,3851957d-c206-4644-a62b-52b4c693cfe5,31,10555.22,credit,card,Lin-Butler,posted,2026-09-10 08:21:26.350202
4702,49ec2177-bf7d-4327-b816-5ccf68e26c5b,2,14835.21,credit,card,Gordon-Anderson,posted,2026-09-10 08:21:26.352229
4703,38fbffb9-0bf5-44a4-b045-2b5fa543a60b,28,13297.93,credit,pos,Hartman Ltd,posted,2026-09-10 08:21:26.354312
4704,9f3b3077-680f-4bb3-9485-669997007a39,182,4765.13,debit,ussd,Liu-Garcia,posted,2026-09-10 08:21:26.356321
4705,1a0e1ed8-d5a2-474f-be5d-f9673b966b3a,79,6301.98,credit,pos,Williams-Wagner,posted,2026-09-10 08:21:26.358305
4706,1a52ffe6-d039-4649-963c-8424359ab686,117,1418.38,debit,ussd,Smith-Wright,posted,2026-09-10 08:21:26.360411
4707,106c9d26-8bbc-4f45-abad-61acd215fc27,80,4754.43,credit,transfer,James-Reyes,posted,2026-09-10 08:21:26.362384
4708,3e5dd50e-1e3e-4dce-9cde-6396a39c89cb,40,7492.03,debit,ussd,"Perez, Murray and Butler",posted,2026-09-10 08:21:26.364645
4709,96eed2a5-d228-4747-a57f-41684ed41b6a,152,10160.10,debit,ussd,Cooke Ltd,posted,2026-09-10 08:21:26.366529
4710,cbfc6cec-84ac-457c-8e03-6fb1b9f637dc,81,9985.51,credit,transfer,Rush-Ross,posted,2026-09-10 08:21:26.368637
4711,8cbf3d80-6f53-4107-b828-290ff0882fc4,50,7080.03,debit,ussd,Peterson PLC,posted,2026-09-10 08:21:26.370629
4712,b57f010c-1b3f-454e-a4bb-79cbc87ebe80,81,10619.58,debit,pos,"Perez, Alvarado and Orozco",posted,2026-09-10 08:21:26.373008
4713,15d3715a-1d3a-4873-8deb-c0e52494cff1,133,19388.38,credit,card,Oliver Group,posted,2026-09-10 08:21:26.375086
4714,56561dbe-b5b3-484f-8408-5dd632c7d87f,52,1455.03,debit,card,"Bell, Davis and Kramer",posted,2026-09-10 08:21:26.378867
4715,6bb4d864-fb48-4739-8efd-c5e4b875a8aa,188,6723.95,credit,transfer,Morris LLC,posted,2026-09-10 08:21:26.38083
4716,fa8b07c6-46d5-481f-827f-90335cea3cd5,77,707.90,credit,transfer,Terry-Coleman,posted,2026-09-10 08:21:26.382844
4717,2b02d53b-6ecc-436e-bf96-8f40e229e7f7,2,3429.77,credit,pos,"Foster, Carter and Moody",posted,2026-09-10 08:21:26.38495
4718,5df23def-f77e-4d2b-9cac-6007dda685e6,126,18663.33,credit,transfer,Smith Inc,posted,2026-09-10 08:21:26.386856
4719,cec44af8-129b-47ae-9702-3c1d844183c7,137,11826.15,credit,card,"Smith, Trujillo and Fernandez",posted,2026-09-10 08:21:26.389125
4720,35ae8f94-9f0c-4cf0-8872-3731474553e2,99,2841.43,debit,pos,Singleton-Davis,posted,2026-09-10 08:21:26.391322
4721,85cf1dd5-2321-4a14-b6b1-52ebab09c6ce,82,7583.98,credit,pos,Calderon-Vaughn,posted,2026-09-10 08:21:26.393449
4722,ca06b197-b555-4f1e-ab9c-c1840fc029f0,37,2786.48,credit,card,Johnson-Garcia,posted,2026-09-10 08:21:26.395501
4723,c2e388ea-1a64-4a05-80ce-ec767911e01f,127,18007.59,credit,card,Rodriguez Ltd,posted,2026-09-10 08:21:26.3973
4724,b1df3959-d949-4cce-bd7f-e34f6b6b9942,178,11339.77,credit,card,"Gaines, Williams and Hess",posted,2026-09-10 08:21:26.399382
4725,3f3339cb-d2ea-43c7-ad59-cfa68993321a,45,10938.78,debit,card,Hogan Group,posted,2026-09-10 08:21:26.401391
4726,f4cf9d3a-3828-4201-92bd-cff7b0b119b0,172,14708.49,credit,ussd,Martinez Ltd,posted,2026-09-10 08:21:26.403441
4727,d5b196e7-8b86-4b99-8275-4c827c758e68,144,2767.93,credit,transfer,"Hanna, Carpenter and Moss",posted,2026-09-10 08:21:26.405639
4728,7c96fcb7-3248-4560-abf2-207b1ed0dde6,76,385.21,debit,card,"Combs, Gray and Sandoval",posted,2026-09-10 08:21:26.407902
4729,a6d3c86e-4d5a-4103-bd84-5b62ec9be951,165,14872.59,credit,card,"Garcia, Gross and Stafford",posted,2026-09-10 08:21:26.41026
4730,c3d04ef2-2578-44cb-b96f-7ea9b8667fbf,102,7222.02,credit,pos,Brown-Ortiz,posted,2026-09-10 08:21:26.412339
4731,4d390863-2a23-4185-8d3f-38ce1fbc8e8b,42,7414.14,credit,transfer,Ramirez-Howard,posted,2026-09-10 08:21:26.414472
4732,495297a6-d6f3-4489-97c4-10461cd4e34a,132,9603.32,credit,card,Long Ltd,posted,2026-09-10 08:21:26.416372
4733,f4826b48-c079-4f8e-8bf8-79b8ac7bdb1f,50,18119.89,debit,ussd,Thomas-Jones,posted,2026-09-10 08:21:26.418695
4734,8f6881ac-506f-4ab1-8360-ef398a9693b6,131,11207.18,credit,card,"Garcia, Holloway and Phillips",posted,2026-09-10 08:21:26.421222
4735,c6183f6f-0e55-4cac-807b-1d2e48f29f8c,184,4967.50,debit,transfer,Anderson Group,posted,2026-09-10 08:21:26.423339
4736,9d7dac53-a29c-4b24-ad5d-846f1898a2ff,52,16484.72,debit,transfer,Davis and Sons,posted,2026-09-10 08:21:26.425278
4737,eac1e39b-4b1f-4a4a-931c-33f1af7ecc2e,85,152.39,debit,card,Sanchez Group,posted,2026-09-10 08:21:26.427448
4738,13d5dbc2-8a65-4ce7-96bd-43c0a135d768,45,7599.09,debit,card,Hill Group,posted,2026-09-10 08:21:26.429246
4739,51e06fc2-9154-4cd1-bde9-d6a65d713a89,34,18595.57,debit,pos,"Johnson, Chan and Flynn",posted,2026-09-10 08:21:26.431438
4740,287161b1-0e6f-49df-9c4f-84cb377dd1d7,35,9388.85,credit,ussd,"Kim, Ellison and Ward",posted,2026-09-10 08:21:26.433517
4741,667ac154-15b1-4cb6-af77-2693f684a46f,198,15400.93,debit,card,Bauer Ltd,posted,2026-09-10 08:21:26.435558
4742,38a7ac65-6eb4-4487-96ec-e946abd9b8e9,136,14807.68,debit,transfer,Hunter PLC,posted,2026-09-10 08:21:26.437467
4743,cc57763d-9111-48ba-a905-f35aa1ea771c,17,305.23,debit,ussd,Mitchell PLC,posted,2026-09-10 08:21:26.439473
4744,fbab4ae3-fa6d-4a68-ab51-eec1914e15f0,186,15277.96,credit,card,"Young, Miller and Flores",posted,2026-09-10 08:21:26.441675
4745,666a83a8-4d11-40a9-8c79-0450fb8c757e,122,7313.19,credit,ussd,"Price, Thompson and Matthews",posted,2026-09-10 08:21:26.443925
4746,feaa9ae3-6fd8-4203-8e09-3809d877e43e,36,11701.01,debit,card,Rubio LLC,posted,2026-09-10 08:21:26.445909
4747,1c381d13-b0bd-4a13-b1ad-b79ad48dd784,45,19311.12,credit,transfer,"Williams, Jenkins and Jones",posted,2026-09-10 08:21:26.448118
4748,0117273c-624d-401f-989c-73485aada9a6,156,10135.10,debit,ussd,"Duran, Browning and Ramos",posted,2026-09-10 08:21:26.450337
4749,829082c7-e644-487f-b51a-e0907b6a4812,36,4080.36,debit,ussd,"Davidson, Hernandez and Barrera",posted,2026-09-10 08:21:26.452739
4750,3b748e40-29f7-4d3d-859d-2b80568247f9,140,6735.06,credit,card,"Wright, Williamson and Knox",posted,2026-09-10 08:21:26.454782
4751,a4db108a-08fe-4a78-9d0b-273f29d2a40a,57,4582.71,credit,pos,Nelson-Byrd,posted,2026-09-10 08:21:26.457118
4752,bbd73ac4-ad1c-4877-9be2-b71d60911b4e,5,18241.66,credit,ussd,Perez-Washington,posted,2026-09-10 08:21:26.45925
4753,5e6d85f4-1489-4d6a-bc5e-bff3a8578923,186,13787.70,credit,pos,"Fisher, Gregory and Edwards",posted,2026-09-10 08:21:26.461653
4754,abda6f05-4faa-4f29-9e99-5abfba6e9b72,125,8057.95,credit,pos,Reeves and Sons,posted,2026-09-10 08:21:26.463553
4755,ea1a24e0-f584-4525-a5bf-791c47f46440,13,16097.96,debit,transfer,Ayers Group,posted,2026-09-10 08:21:26.465596
4756,9aca8936-1c17-48df-9284-3f56a455de84,199,7262.25,debit,transfer,"French, Neal and Leonard",posted,2026-09-10 08:21:26.467845
4757,037110db-8369-4384-b82c-f400bbd5af9f,73,12072.48,debit,pos,Obrien-Wright,posted,2026-09-10 08:21:26.469875
4758,453686fd-9ce0-4b89-9bf3-bfdd07fa9780,103,7260.57,credit,transfer,Holmes-Thornton,posted,2026-09-10 08:21:26.471811
4759,f28a125e-2836-4605-b1d1-947dc8da5631,44,4332.31,credit,card,"Peters, Cook and Franklin",posted,2026-09-10 08:21:26.473917
4760,bf4f97e5-12b8-44e6-a2d3-b042fdaf5aff,41,9713.92,debit,pos,Sandoval-Gay,posted,2026-09-10 08:21:26.476154
4761,eac09c29-5aea-43d2-a5b4-33bdcee31423,78,4371.10,credit,transfer,"Parker, Paul and Baker",posted,2026-09-10 08:21:26.478372
4762,6ba2d278-445c-4038-b215-a023cef29260,44,5139.55,debit,transfer,Rose Inc,posted,2026-09-10 08:21:26.480417
4763,c81aeb95-08e8-45a5-bc1e-cb2b16bcb028,82,3350.57,debit,card,"Stevens, Hall and Sharp",posted,2026-09-10 08:21:26.482808
4764,3013c7f7-42ae-4a22-afe1-cf69217184c2,139,13739.50,credit,transfer,Smith LLC,posted,2026-09-10 08:21:26.484848
4765,bece882e-6a50-426f-9d47-9310fcad93be,185,1749.82,debit,pos,"Ward, Cook and Tucker",posted,2026-09-10 08:21:26.486947
4766,f10afc6f-87f2-4cfe-8f86-4a30f822f405,109,8563.60,debit,card,Adams-Cooper,posted,2026-09-10 08:21:26.488948
4767,2fde7144-a693-4a50-8751-079dbc4c9e5f,31,13453.67,debit,card,Riggs-Gray,posted,2026-09-10 08:21:26.491173
4768,86968470-71be-4805-ba20-99b74902e033,121,17032.45,credit,transfer,Smith-Hoffman,posted,2026-09-10 08:21:26.493328
4769,3aa90ee3-b691-400c-81ac-4d011afef1d7,86,1748.98,credit,ussd,Lowe-Garcia,posted,2026-09-10 08:21:26.495576
4770,1c1e72fe-72c0-4bf3-ab0c-4bc47c8fcb89,123,17270.91,credit,card,Allen-Jacobs,posted,2026-09-10 08:21:26.497694
4771,4b9c2a1a-4d7b-4a2f-af50-7d377802a6d9,183,6028.59,credit,card,Adams-Smith,posted,2026-09-10 08:21:26.499661
4772,9f03b879-27c0-4cfa-8ede-1050af2440e7,142,7734.36,debit,ussd,"Hinton, Hicks and Walker",posted,2026-09-10 08:21:26.501794
4773,d326e5a6-bebf-4386-8fad-d92c3577e979,198,9022.16,debit,transfer,Banks-Anderson,posted,2026-09-10 08:21:26.504012
4774,c32e683b-cb3d-465c-9fe7-9ad85bc7653e,115,14131.46,credit,pos,Hayes-Bryant,posted,2026-09-10 08:21:26.506122
4775,8339a5ca-681d-4085-a46d-6386321f1676,95,17127.97,credit,card,Garcia Ltd,posted,2026-09-10 08:21:26.508083
4776,4d52755a-f0e3-4125-8c52-471f8e007f16,108,16519.96,debit,pos,Gonzalez Group,posted,2026-09-10 08:21:26.510025
4777,1258f0e2-e754-4db9-a305-5cb09664a7e0,132,10637.74,debit,ussd,Munoz and Sons,posted,2026-09-10 08:21:26.512087
4778,5e737457-5b2a-4a4b-8982-a491d2b4559a,84,6380.91,debit,transfer,Wilson Inc,posted,2026-09-10 08:21:26.514062
4779,11980682-a18c-4fc7-ba19-6b568ab8b92c,14,19683.11,credit,card,"Hogan, Barrett and Shelton",posted,2026-09-10 08:21:26.516506
4780,8df8a861-2d61-402f-87c4-4051668836be,137,3422.41,debit,ussd,"Smith, Gomez and Jenkins",posted,2026-09-10 08:21:26.518706
4781,8c994c86-276e-4a50-9967-ddf8f14ab104,99,3408.30,credit,transfer,"Phillips, Douglas and Dunn",posted,2026-09-10 08:21:26.520896
4782,04fc34c1-6f56-48d5-b670-c341611a7968,87,9269.46,debit,transfer,Miller-Robinson,posted,2026-09-10 08:21:26.522941
4783,adf17780-8ed2-4e49-8516-bab04179fa1c,184,6295.53,credit,pos,Tran Inc,posted,2026-09-10 08:21:26.525032
4784,df916a86-2496-4a25-a8be-1757ca719674,2,5397.97,debit,card,"Murphy, David and Wilson",posted,2026-09-10 08:21:26.527231
4785,1e028438-d8a4-46ef-a866-f36b924e5fce,148,7392.89,credit,card,Molina Group,posted,2026-09-10 08:21:26.529214
4786,350f2134-af28-4a39-a526-218644e37309,1,2128.20,debit,ussd,Sanchez-Lewis,posted,2026-09-10 08:21:26.531295
4787,571e918d-22fb-4758-af9d-2d8033563296,176,15099.54,credit,card,"Jackson, Knight and Richardson",posted,2026-09-10 08:21:26.533519
4788,b22809f9-acf1-4c07-8575-b41c93e2775f,40,14328.75,debit,ussd,"Wilson, Watkins and Stanley",posted,2026-09-10 08:21:26.535821
4789,6f8f8748-8a3f-49c1-8fc3-2321dc49720b,167,2754.86,credit,transfer,Moore Inc,posted,2026-09-10 08:21:26.537759
4790,4164e0ba-c72a-44ff-8d0a-393a87ab03ac,51,6135.93,credit,card,"Romero, Barton and Anderson",posted,2026-09-10 08:21:26.540002
4791,e8622b88-75ef-448b-85c8-b9361a747600,125,5757.87,credit,pos,Dalton-Newman,posted,2026-09-10 08:21:26.542015
4792,ebca168f-f091-4f36-b2b5-3a7f786c7191,134,499.56,debit,ussd,"Bond, Weaver and Lane",posted,2026-09-10 08:21:26.544121
4793,71e0337c-abe5-4b51-8fb0-2fd4f0d5a214,83,7819.54,debit,card,Hudson LLC,posted,2026-09-10 08:21:26.546071
4794,e8ad6660-b691-4579-af2a-d8f6143a31d2,81,10305.58,credit,transfer,Saunders-King,posted,2026-09-10 08:21:26.548133
4795,410748e8-104c-4d17-a060-6b35f4796c5f,84,15759.30,debit,pos,Quinn Ltd,posted,2026-09-10 08:21:26.550046
4796,2bf0ec7e-24b5-4ea8-94c8-85925137dbdd,140,2726.71,debit,ussd,Webster-Valdez,posted,2026-09-10 08:21:26.551937
4797,4747649e-7663-4424-8941-2ed48b3ac8f9,19,4904.76,credit,pos,"Clark, Gilbert and Kelly",posted,2026-09-10 08:21:26.554311
4798,4c9b25b9-821c-4fc3-870d-a61d552bc738,146,11163.44,debit,ussd,Robles Group,posted,2026-09-10 08:21:26.556248
4799,b8e9f519-7624-4906-aa79-e60a3016b2b5,29,16365.73,debit,ussd,Cooper Group,posted,2026-09-10 08:21:26.557972
4800,66f53291-be7c-438a-b821-f36d28e9a2e8,20,4889.69,debit,ussd,Houston-White,posted,2026-09-10 08:21:26.560045
4801,5dafb020-50ee-412a-ab86-c5d11e8a1434,115,18863.29,debit,pos,Holder-Sloan,posted,2026-09-10 08:21:26.562306
4802,419b0dfa-3005-4a14-93fd-5cd4e2751aea,115,7823.52,credit,ussd,Garcia-Combs,posted,2026-09-10 08:21:26.564557
4803,977d9196-cf99-4dee-b450-8d3f24c51845,12,7709.43,credit,ussd,Calderon-Fuller,posted,2026-09-10 08:21:26.566188
4804,5cfc3318-2fdc-4c60-9ba7-9d41afbaa4b1,42,13862.35,debit,transfer,Archer Inc,posted,2026-09-10 08:21:26.567929
4805,6fe12499-9059-4997-87c6-5be658b37dcb,40,19502.60,credit,card,Weaver-Conner,posted,2026-09-10 08:21:26.570208
4806,c9ff9362-8c41-4848-92e4-c48beb209ffc,23,3169.54,credit,pos,Lopez-Sexton,posted,2026-09-10 08:21:26.572131
4807,a3f972f9-0a7e-4d12-87a6-b74ff882308d,149,14365.34,credit,card,Smith Ltd,posted,2026-09-10 08:21:26.574005
4808,2690a316-f848-40f8-acbb-3bf37ff01794,113,1869.36,credit,pos,Wilson-Vaughn,posted,2026-09-10 08:21:26.576433
4809,2201bf06-d6e1-4edf-a018-916fe90efdfd,38,2285.39,debit,ussd,Harris Inc,posted,2026-09-10 08:21:26.578503
4810,16352b95-ec8d-4a9c-ac5e-2cb18c8ae3b0,23,5038.64,debit,pos,Anderson Group,posted,2026-09-10 08:21:26.580467
4811,4ffab053-a6c5-4e3c-bc2a-4107d55f0f85,151,12282.88,debit,pos,Haynes-Wolf,posted,2026-09-10 08:21:26.581888
4812,5d2e40f8-14cf-4247-9056-7d428711d3f1,1,10484.42,credit,ussd,Day-Horne,posted,2026-09-10 08:21:26.583952
4813,754de1ac-408d-4f45-bc87-dd135335d21d,141,17907.50,debit,pos,Tapia Ltd,posted,2026-09-10 08:21:26.586303
4814,c66041ed-4176-4733-a489-29d587e2fc9d,162,5631.12,debit,pos,Stevens PLC,posted,2026-09-10 08:21:26.588227
4815,72b171a5-5506-4133-a452-e31b07a1da79,93,17366.86,credit,ussd,Owen PLC,posted,2026-09-10 08:21:26.59011
4816,746ab179-ff5d-420c-9660-3a910bd7df02,125,12806.28,credit,card,Bates and Sons,posted,2026-09-10 08:21:26.592092
4817,58fed117-3b46-4b50-9ee3-1b56239ba15a,9,13543.78,debit,transfer,"Aguilar, Obrien and Wright",posted,2026-09-10 08:21:26.59414
4818,957635da-1dbd-4f6e-9138-a627385c81d2,141,19360.01,credit,ussd,Estes-Powell,posted,2026-09-10 08:21:26.596391
4819,6018e5df-1943-4b5c-b853-5131c7618d83,48,12981.66,debit,pos,"Gomez, Castillo and Ross",posted,2026-09-10 08:21:26.598677
4820,a54664f2-5061-41ac-9e48-bc5c46066c4c,37,12718.40,credit,transfer,"Jones, Harris and Tucker",posted,2026-09-10 08:21:26.600729
4821,196337fd-95f8-4a83-8ad7-ad02132e1b6f,141,3016.03,debit,ussd,James and Sons,posted,2026-09-10 08:21:26.602643
4822,5c9d27fe-cbcd-40d9-a79e-55fd1502e25e,114,2624.72,credit,ussd,Munoz-Harrington,posted,2026-09-10 08:21:26.604385
4823,0d574e28-fd9a-49c6-b3b9-813f04c52656,3,14465.08,debit,pos,Johnson Inc,posted,2026-09-10 08:21:26.606023
4824,369f5fc9-4513-4919-8201-d763c59be031,70,1224.49,debit,ussd,Mccarty PLC,posted,2026-09-10 08:21:26.607768
4825,f03fb010-1f9b-4065-95b5-0c088bcc4247,37,2774.28,debit,pos,"Allen, Jennings and Farrell",posted,2026-09-10 08:21:26.609558
4826,9a918426-f8ee-428d-8e84-e00d8d16d9ff,187,1389.66,debit,transfer,"Macias, Thomas and Wong",posted,2026-09-10 08:21:26.611583
4827,7e2bb5a4-9ad8-472e-af77-4ae2bb0df40a,63,11492.17,credit,card,Gordon-Holmes,posted,2026-09-10 08:21:26.613612
4828,173d2e2f-e519-463d-b254-561cb14136c6,199,9955.98,debit,transfer,"Campbell, Espinoza and Rios",posted,2026-09-10 08:21:26.615653
4829,ef1c7daa-84a3-4c1e-8ed3-78653e6dc42e,17,17388.06,debit,ussd,"Hensley, Villarreal and Hall",posted,2026-09-10 08:21:26.617803
4830,213c9037-76b9-46a6-bbd7-b0b58a4c008a,22,12839.15,debit,pos,Short-Hodge,posted,2026-09-10 08:21:26.619751
4831,527928ff-845f-47f3-9b13-87875b1a3a3b,171,471.91,debit,card,Shah-Molina,posted,2026-09-10 08:21:26.622226
4832,b218a88e-71cb-40e1-b451-68f69fb7e5fd,110,861.26,debit,card,"Brown, Brown and Caldwell",posted,2026-09-10 08:21:26.624381
4833,47530a0f-1b51-43e6-9c13-928e0acbb22d,16,1400.12,debit,card,"Lowe, Weaver and Baker",posted,2026-09-10 08:21:26.626525
4834,b8e46481-137f-49dd-8f16-0890fbbc100f,56,16030.36,debit,card,Tapia PLC,posted,2026-09-10 08:21:26.628568
4835,5d961608-32ec-42a3-b485-b5a72b805b5c,191,3545.60,credit,transfer,Carpenter-Martin,posted,2026-09-10 08:21:26.630618
4836,250f6bd5-df28-4892-ac62-cdd3e6c178c7,26,13664.02,debit,transfer,Owens PLC,posted,2026-09-10 08:21:26.632355
4837,92bfead1-a636-4292-8c5c-36cc6e95a4f4,62,1706.15,credit,pos,Rose-Myers,posted,2026-09-10 08:21:26.63441
4838,9232a0ad-3569-4691-9149-00673a7eec32,50,16608.12,debit,card,"Jones, Hughes and Parker",posted,2026-09-10 08:21:26.636708
4839,6606a630-5291-46cc-8fec-ba93f95c2b41,20,7885.41,debit,card,Adkins and Sons,posted,2026-09-10 08:21:26.638675
4840,6c1cc598-a8c7-438c-a0eb-7c90d9adb44d,5,6537.73,credit,card,Rios-Jenkins,posted,2026-09-10 08:21:26.640776
4841,6f93d07c-5e44-4585-9f3a-09b412e9864b,27,3126.71,debit,transfer,"Rios, Rangel and Young",posted,2026-09-10 08:21:26.643033
4842,5117df3c-1adc-45b9-900c-089302a642ba,172,2860.58,debit,ussd,"Wilson, Thomas and Navarro",posted,2026-09-10 08:21:26.645341
4843,2cbdf3e8-8c2e-4d1a-b125-f048ec39eb94,124,14634.48,credit,transfer,"Hicks, Fernandez and Allen",posted,2026-09-10 08:21:26.647587
4844,c68fc91f-0ba0-4dde-97c6-e9d3f9f8d7cb,52,10404.96,debit,transfer,"Bailey, Colon and Willis",posted,2026-09-10 08:21:26.649855
4845,759fdc08-b420-4389-b19f-f1b4fe9e6bde,71,11066.29,debit,ussd,Anderson LLC,posted,2026-09-10 08:21:26.651989
4846,e89a8ae5-051c-43d6-a2e1-509a5ecc7b93,170,3000.65,credit,card,Garcia LLC,posted,2026-09-10 08:21:26.654136
4847,f2d6b870-4e28-4ede-bb06-8f95da12423f,20,4462.06,credit,transfer,Adams Inc,posted,2026-09-10 08:21:26.656139
4848,993571ef-8584-4125-b933-00d52027dc83,15,1387.35,debit,transfer,Lane-Madden,posted,2026-09-10 08:21:26.658372
4849,c87808ad-a08f-4f5f-afe3-02282768b30d,95,3490.27,debit,card,"Thompson, Lopez and Lopez",posted,2026-09-10 08:21:26.660733
4850,037478b8-e464-4d54-b49b-8aace35d96ae,71,10359.39,credit,card,Perez and Sons,posted,2026-09-10 08:21:26.662987
4851,f1c80a3b-a017-4d73-b803-20cf6c553ff5,131,9938.87,credit,pos,"Webb, Nelson and Harris",posted,2026-09-10 08:21:26.665253
4852,826be1d9-cef5-4b11-9708-9ffbd2794d2f,56,12429.23,credit,ussd,"Brown, Schroeder and Brown",posted,2026-09-10 08:21:26.667687
4853,d9ac5656-dc70-4c9f-8633-478401e6def4,31,10893.25,credit,card,Fowler-Alvarado,posted,2026-09-10 08:21:26.669852
4854,37a85570-fa79-40c0-84a8-0748ab6fa41d,183,14530.94,debit,transfer,"Smith, Browning and Jones",posted,2026-09-10 08:21:26.672044
4855,8812d329-6ae9-45e2-b18f-6d91f11d18d2,107,13572.62,credit,card,Wright-Hale,posted,2026-09-10 08:21:26.674226
4856,8ed40c00-08e9-4bcd-906a-14220eeb9812,127,2092.72,debit,pos,Nunez Ltd,posted,2026-09-10 08:21:26.676312
4857,673034bb-1d1f-435c-895f-c774cd2c017d,29,1965.68,credit,ussd,Donaldson and Sons,posted,2026-09-10 08:21:26.678401
4858,f4942e0b-b1d1-44b8-a0f9-5516f990c24e,4,6584.60,debit,pos,Best-Roberts,posted,2026-09-10 08:21:26.680588
4859,7ab4f73e-217f-4887-848e-ea95df79a0fa,51,9592.12,credit,pos,Harris-Ward,posted,2026-09-10 08:21:26.682839
4860,7bae5074-5c28-44bd-8b09-696f79ded14d,43,10564.98,debit,transfer,Sanders-Baker,posted,2026-09-10 08:21:26.68519
4861,944291a5-b85f-4468-9cd1-c7ffd5568656,37,17943.21,debit,card,Medina-Ramirez,posted,2026-09-10 08:21:26.687362
4862,75fc5542-bd87-4c48-a530-825761746878,199,5570.87,credit,card,"Ellis, Jones and Edwards",posted,2026-09-10 08:21:26.689786
4863,d3f632d3-edb6-4377-8eaf-bf262b517edb,88,18945.96,debit,ussd,"Henry, Lopez and Burns",posted,2026-09-10 08:21:26.692022
4864,797794f0-887c-4bee-a953-842e908884b7,171,15671.35,credit,transfer,Ross-Gray,posted,2026-09-10 08:21:26.694162
4865,22da5954-da17-4345-9fd1-07585be05898,37,6644.12,debit,ussd,Perez-Andersen,posted,2026-09-10 08:21:26.696171
4866,a9f4693b-0540-4346-8abf-913eee33b9f2,116,12784.21,debit,pos,"Watson, Thornton and Porter",posted,2026-09-10 08:21:26.698678
4867,78893521-510d-4be4-acf0-8c2f1f3807d7,25,18058.83,debit,ussd,Burton-Marshall,posted,2026-09-10 08:21:26.700989
4868,fff90ea0-772f-4194-8a73-9c75bd38c2b3,153,3952.52,credit,card,Walker-Guerra,posted,2026-09-10 08:21:26.702974
4869,ea6980a3-e87e-44c3-8e61-7c47fe6e5872,129,11669.92,debit,transfer,Anderson-Cox,posted,2026-09-10 08:21:26.705148
4870,e1c83ed4-3dc2-4aef-a50b-78dc05860671,75,3927.72,debit,card,"Bradley, Willis and Kelly",posted,2026-09-10 08:21:26.707333
4871,f142b67c-2b48-4928-a6aa-0906b2a1a24d,65,3598.93,debit,pos,"Burnett, Williams and Ryan",posted,2026-09-10 08:21:26.709459
4872,11aa9a01-a4df-40a9-893b-d4e7160d849e,109,4241.18,credit,transfer,"Curtis, Clark and Dean",posted,2026-09-10 08:21:26.711648
4873,4b430ef2-40a7-4c18-b7dc-4940b6b56cee,194,12602.83,debit,card,"Robinson, Powers and Powers",posted,2026-09-10 08:21:26.714138
4874,016140ab-16f6-49f5-9675-abc2ccb21f4e,17,16913.55,debit,pos,Frazier PLC,posted,2026-09-10 08:21:26.715997
4875,9c4601af-6a67-464c-9f42-ad3af38dfc3e,132,6225.18,debit,card,"Bowen, Murphy and Miller",posted,2026-09-10 08:21:26.718143
4876,dc1f1929-d76b-444e-942c-81d2b146bbd3,183,14349.35,credit,transfer,Ramos LLC,posted,2026-09-10 08:21:26.7201
4877,ebe628c8-d4c8-4ec3-8416-130300ba7a02,48,3858.52,credit,ussd,Ward Group,posted,2026-09-10 08:21:26.722065
4878,837bfa47-2e24-42b1-8cfc-d4c1dc6c292c,67,13772.94,credit,card,Drake-Willis,posted,2026-09-10 08:21:26.724089
4879,01b50f12-4036-46d8-82ab-662e2e931c2c,67,7985.26,debit,card,Brooks-Ferguson,posted,2026-09-10 08:21:26.72623
4880,2f1497a0-0a4b-4b47-b88f-774786704e44,119,4774.19,debit,ussd,"Mcdonald, Gardner and Morris",posted,2026-09-10 08:21:26.728342
4881,cf377ed6-2431-4625-9251-37f2d06bfa42,159,3493.49,debit,transfer,"Gonzales, Mitchell and Boyd",posted,2026-09-10 08:21:26.730942
4882,46b2b3f1-d84c-4b8a-8df7-14ba04ecfbb9,190,15222.92,debit,transfer,Blair-Norton,posted,2026-09-10 08:21:26.73275
4883,d278f110-97b0-46cc-b93e-773cce37e951,191,4630.02,debit,transfer,Steele-Gonzales,posted,2026-09-10 08:21:26.734638
4884,03355fe9-758f-4924-9077-d296d43541ed,147,3657.36,debit,pos,Smith-Simpson,posted,2026-09-10 08:21:26.736727
4885,f36a5d09-096b-4d1c-b6df-7cc9b3bb6a41,158,4272.69,debit,transfer,Zuniga PLC,posted,2026-09-10 08:21:26.73875
4886,36c0ba84-772c-43ac-8018-71081dd911cc,156,5104.87,debit,card,Villa and Sons,posted,2026-09-10 08:21:26.740785
4887,ac2a9f0b-7a34-4cbf-a398-60d9fe580471,42,3955.27,credit,transfer,"Rodriguez, Summers and Adkins",posted,2026-09-10 08:21:26.74311
4888,3ffa0e92-c44a-4797-93bc-90c700077dc9,77,10974.51,debit,transfer,Collins Inc,posted,2026-09-10 08:21:26.745125
4889,6aa79130-432b-481f-9930-03e2f03d0614,123,5832.98,credit,pos,Harris LLC,posted,2026-09-10 08:21:26.747093
4890,62bfeca7-5791-41d4-ba6a-6a8111dfeb1a,86,2130.74,credit,card,Gray-Mcdonald,posted,2026-09-10 08:21:26.749652
4891,5ed0dfd9-d035-4e04-b58b-992d5a5c25dc,70,10127.53,credit,transfer,Williams-Jacobs,posted,2026-09-10 08:21:26.75225
4892,82acc9aa-76df-40a7-8a23-5ec0689ab79e,168,868.03,debit,transfer,Stout-Franco,posted,2026-09-10 08:21:26.754376
4893,06944864-58e7-43c2-99a4-404b533761b1,17,1529.68,credit,pos,"Jackson, Brooks and Stevens",posted,2026-09-10 08:21:26.756676
4894,23b96f4e-3e77-43b9-b31c-29bb0c662bc0,141,10419.99,debit,pos,"Oliver, Johnson and Brooks",posted,2026-09-10 08:21:26.758903
4895,74b55586-0bf3-4880-8d69-35a8593ef439,47,15177.81,credit,transfer,Gardner and Sons,posted,2026-09-10 08:21:26.760969
4896,e5cc9194-cc6a-4b94-b924-d5a9934f27e4,40,7733.68,debit,pos,Porter-Morgan,posted,2026-09-10 08:21:26.762974
4897,b1de2242-326d-46db-8feb-c41ae8013124,100,10928.37,debit,card,Brown-Rivers,posted,2026-09-10 08:21:26.765066
4898,6b7f1b14-540c-4d73-a586-c2a39ec8494c,170,8875.99,credit,ussd,Strickland-Shaffer,posted,2026-09-10 08:21:26.76715
4899,0d5311e5-26e4-4b2f-a290-783cdeb95c38,48,2786.95,credit,transfer,"Moyer, Miller and Morgan",posted,2026-09-10 08:21:26.769274
4900,761f6fa9-b58f-4ee7-a21a-a8430ce86445,50,14663.98,credit,ussd,Adkins PLC,posted,2026-09-10 08:21:26.771235
4901,2008b1c9-1cf2-45d0-a9ca-f72576a98f67,171,4355.87,debit,transfer,Oliver and Sons,posted,2026-09-10 08:21:26.773249
4902,ed294c43-bfa9-493f-8f57-c21630b0f214,159,1893.12,credit,pos,"Woods, Johnson and Parker",posted,2026-09-10 08:21:26.775388
4903,15a335c3-13ed-40f5-bf01-d71e27bfebe0,42,1640.62,credit,transfer,"Gregory, Chen and Buck",posted,2026-09-10 08:21:26.777999
4904,1049c8fd-61c9-4041-bc27-72559b0bfa4d,114,14508.78,debit,pos,"Simpson, Cisneros and Wolfe",posted,2026-09-10 08:21:26.780292
4905,c0395ca9-39c4-4aeb-a2b7-3539fee5222a,93,1936.72,debit,transfer,Sanders-Campbell,posted,2026-09-10 08:21:26.782491
4906,63af5f85-ac43-4710-b41e-8828d73b303b,86,18198.11,credit,pos,Perez-Mcclure,posted,2026-09-10 08:21:26.78457
4907,13a88b3a-01be-4a79-81b5-b1534436ff54,6,3597.68,debit,card,Clark-Green,posted,2026-09-10 08:21:26.786509
4908,ed6db67e-648c-457e-9198-0a7582d12370,114,6806.81,debit,pos,Bennett-Nicholson,posted,2026-09-10 08:21:26.788671
4909,b457157c-7d1b-4bcf-932a-ab6bccedfa9e,63,11606.11,debit,card,"Martin, Jones and Wood",posted,2026-09-10 08:21:26.790996
4910,f269e007-df55-4bdb-b67a-0f8dce5d2ffe,112,19440.69,debit,ussd,Matthews-Smith,posted,2026-09-10 08:21:26.793091
4911,e67a8be7-7d34-4f26-a032-bc00c4977d6c,107,12109.15,debit,pos,Khan-Swanson,posted,2026-09-10 08:21:26.795185
4912,663549e7-b143-4d4a-b07c-f039aa14f2ef,84,2972.82,credit,pos,"Day, Klein and Maldonado",posted,2026-09-10 08:21:26.797396
4913,8239f2d9-be42-4c15-9aff-318ad2ce81a3,94,4367.75,credit,pos,Mitchell PLC,posted,2026-09-10 08:21:26.799341
4914,408e931f-8f6d-4b88-bed8-30180a9ad774,81,5601.42,credit,pos,"Booker, Davis and Montgomery",posted,2026-09-10 08:21:26.801547
4915,bccfbbfb-94a8-46a0-a2d5-9477e5bcf63d,153,11353.02,credit,ussd,Johnson Group,posted,2026-09-10 08:21:26.803696
4916,6f470ff0-7806-44e0-b99f-092566457c47,184,13124.52,debit,transfer,"Beasley, Rivera and Mccall",posted,2026-09-10 08:21:26.806042
4917,6cf9d975-62e7-48ca-ac26-ca20f4e738e2,81,2911.21,credit,transfer,"Johnson, Parker and Camacho",posted,2026-09-10 08:21:26.80842
4918,962c5f17-86b5-4b63-a89a-4c5b78e4c534,198,4544.71,debit,card,Delgado-Chavez,posted,2026-09-10 08:21:26.810567
4919,7b6b157d-c12d-4327-8a01-524a8af1322a,100,17702.82,debit,card,Herman-Faulkner,posted,2026-09-10 08:21:26.813001
4920,32202ed6-1c5f-4367-9ac8-36a820582c51,29,14901.18,debit,transfer,"Beck, Reed and Cole",posted,2026-09-10 08:21:26.815316
4921,1fae5a20-4aae-4ab6-910e-7b44722494d1,28,10272.17,credit,pos,French Group,posted,2026-09-10 08:21:26.817413
4922,bea7e996-5619-4ee0-9c35-5fd00a841177,100,7009.92,debit,transfer,"Smith, Munoz and Foster",posted,2026-09-10 08:21:26.819868
4923,8e518df6-ffa0-4173-843e-069902e0790e,95,7240.20,debit,ussd,"Wilson, Ballard and Dillon",posted,2026-09-10 08:21:26.822227
4924,9608d66e-3b57-469f-92db-4f01179293bc,171,9664.72,debit,ussd,"Griffin, King and Lopez",posted,2026-09-10 08:21:26.824463
4925,d0d25404-6c81-4b6e-ad04-fe910d11fe60,113,7238.93,debit,ussd,Gibson PLC,posted,2026-09-10 08:21:26.826498
4926,290c52a6-d791-4af8-be7d-ca1558897223,44,1999.58,credit,card,"Ruiz, Martin and Thompson",posted,2026-09-10 08:21:26.828714
4927,573ccef7-1c9b-4385-9650-fda3827a1940,163,18975.54,debit,pos,West-Brooks,posted,2026-09-10 08:21:26.83091
4928,c6b80293-3a68-4d7b-b5b4-1b931e4fc4c6,198,8976.10,debit,transfer,"Parker, Garrison and Hill",posted,2026-09-10 08:21:26.83324
4929,59353251-f251-45a6-82d2-92ead914bdd0,31,10429.42,debit,pos,"Alvarez, Mccann and Blackwell",posted,2026-09-10 08:21:26.835368
4930,94aab8e4-a1c1-465e-b203-03a8ad205139,58,16960.66,debit,pos,Hodge PLC,posted,2026-09-10 08:21:26.837307
4931,70ed3e73-06d6-4e0b-9d50-d3c0bf6a78ad,32,17432.11,credit,transfer,"Smith, Santos and Powell",posted,2026-09-10 08:21:26.839506
4932,76130158-b8b5-430e-91ee-b0b859f32be7,119,18740.66,debit,transfer,"Stevenson, Pacheco and Morrow",posted,2026-09-10 08:21:26.841815
4933,62d4b28f-2879-4998-9c31-96c66a34feae,96,17850.54,debit,card,Stephens-Watson,posted,2026-09-10 08:21:26.843973
4934,671bdb8b-ad2e-4619-91a7-0dabb39d9d32,55,15056.68,debit,pos,Bennett-Johnson,posted,2026-09-10 08:21:26.846099
4935,812bd4e9-0eb1-47b1-9512-58196b2742fa,33,5844.53,debit,transfer,Moreno and Sons,posted,2026-09-10 08:21:26.848178
4936,8d30b5fd-a231-484d-a68a-1ecc9e7078ec,107,7229.41,credit,ussd,Price-Harrington,posted,2026-09-10 08:21:26.850127
4937,d8bf5bc8-3534-4f13-a518-442b469e74b1,67,5531.51,debit,transfer,"Davidson, Phillips and Acevedo",posted,2026-09-10 08:21:26.852224
4938,44b32d64-7645-4844-838c-c3541b1a1318,151,12629.82,debit,pos,"Lane, Aguilar and Martinez",posted,2026-09-10 08:21:26.854291
4939,bb933e51-daa5-4f22-a868-63cd177742cb,69,19606.36,debit,ussd,"Sharp, Hobbs and Rodriguez",posted,2026-09-10 08:21:26.856557
4940,11903c27-b8ce-45cd-b3c4-fee0e995431f,39,7342.33,debit,transfer,Lowery Ltd,posted,2026-09-10 08:21:26.858665
4941,5992bc9c-5920-4733-ac29-089230836a9a,75,2512.97,debit,pos,"Simpson, Blake and Rivera",posted,2026-09-10 08:21:26.861085
4942,06c0aa86-38a3-49b3-a392-efac41988e83,124,13588.58,credit,ussd,Hill-Douglas,posted,2026-09-10 08:21:26.86328
4943,d810595d-efbf-45c3-9535-f701c791c168,195,62.83,debit,card,Burke and Sons,posted,2026-09-10 08:21:26.865426
4944,989191cc-f01d-4e11-bcd3-ce1e8e3702a6,180,18211.79,debit,pos,"Cobb, Lawrence and Russell",posted,2026-09-10 08:21:26.86772
4945,ed061e06-6200-4b62-aa68-4878b821675e,108,18003.85,debit,card,Williams-Brown,posted,2026-09-10 08:21:26.869891
4946,b219bf4d-eef9-45b2-80a3-e274edf13225,182,15252.58,credit,ussd,Christian Inc,posted,2026-09-10 08:21:26.871825
4947,d7f1c926-f44b-4b8e-87d0-1e4f2465db00,101,3836.25,credit,card,"Garrett, Maynard and Hampton",posted,2026-09-10 08:21:26.874138
4948,5841dfe3-0b33-4ad2-ad81-8d2fb02defc7,160,17980.84,credit,card,Campbell and Sons,posted,2026-09-10 08:21:26.876049
4949,963e4440-b5a6-4aeb-aaab-0c541a1d5ddb,134,8199.68,debit,transfer,Watkins-Savage,posted,2026-09-10 08:21:26.878211
4950,13612180-18d7-41f7-b3a2-5f30046f2b0f,37,1125.48,credit,transfer,"Carpenter, Brown and Johnson",posted,2026-09-10 08:21:26.880473
4951,791df1a0-6bdd-41ef-8eda-21d5bda6e61f,128,18432.61,credit,transfer,Taylor Group,posted,2026-09-10 08:21:26.882408
4952,d8380a4b-76a7-42e8-8662-34ab9331fcad,177,2155.45,debit,card,Ingram-Marquez,posted,2026-09-10 08:21:26.884554
4953,a877c5b9-22e4-496d-bef2-1f247c91eb70,30,7217.52,credit,ussd,Mercer-Lam,posted,2026-09-10 08:21:26.886628
4954,58e21b57-b566-492c-a0dd-4de9a20174b4,109,5984.45,debit,ussd,Ross-Moore,posted,2026-09-10 08:21:26.888992
4955,f4182984-d3b6-4182-9729-7637662cef90,158,11105.05,credit,ussd,"Anderson, Ellis and Mccoy",posted,2026-09-10 08:21:26.891167
4956,0b194077-b94b-43b7-83a3-ebe2c00757b0,180,13080.28,credit,pos,Alexander LLC,posted,2026-09-10 08:21:26.893168
4957,d525a901-11a6-4fbd-9d8d-5de36f7f0623,30,17008.35,debit,card,"Villa, Andrews and Hawkins",posted,2026-09-10 08:21:26.895369
4958,5448691b-1c5d-436a-b0b1-947c406a0544,44,562.56,debit,transfer,"Tucker, Baker and Ward",posted,2026-09-10 08:21:26.897754
4959,9bc562d5-1ce9-49a7-9a36-882d97261af0,3,10087.07,debit,card,Gilmore-Sweeney,posted,2026-09-10 08:21:26.900012
4960,22dfecfe-ba5f-40a9-aed4-da10775af140,150,16229.89,debit,ussd,"Wheeler, Griffin and Perkins",posted,2026-09-10 08:21:26.902111
4961,bfeaecae-1982-4b46-abb1-438717df4284,124,11442.62,debit,transfer,Cole Group,posted,2026-09-10 08:21:26.904065
4962,3ed6f0d2-8332-450b-9944-d9301edc023e,99,3699.89,debit,card,Pena PLC,posted,2026-09-10 08:21:26.905939
4963,3c566139-0a28-4626-9bf9-4bd7fecec4de,126,12308.22,debit,card,Black-Fisher,posted,2026-09-10 08:21:26.908196
4964,aa1215c5-1ec4-4060-867a-ff20bc5315d1,123,13309.91,credit,card,Schmitt-Barnes,posted,2026-09-10 08:21:26.910235
4965,8ecaa1d2-0f6c-49fb-bd7a-fc8f0301c8ef,87,10640.56,debit,pos,"Ingram, Williams and Brown",posted,2026-09-10 08:21:26.912572
4966,bf5129c7-a728-406c-929a-c88e1ec3614b,152,9200.84,debit,transfer,Bowen-Evans,posted,2026-09-10 08:21:26.914744
4967,9eeba74a-7447-45a9-b5e9-54c6df19c0bd,27,2365.83,debit,card,"Austin, Miller and Maddox",posted,2026-09-10 08:21:26.917254
4968,99054f16-1b7b-4c62-b25c-3152334d1b0a,122,7637.21,debit,card,Allen Group,posted,2026-09-10 08:21:26.919227
4969,9f76301a-e968-4718-9a9a-e56b9ffb90c1,82,13125.80,debit,pos,"Hernandez, Rogers and Carter",posted,2026-09-10 08:21:26.921559
4970,fe0a5935-0696-45c4-a5be-135fd529315c,121,5413.36,debit,transfer,"Cordova, Estrada and Hall",posted,2026-09-10 08:21:26.923821
4971,671c2ffb-549b-4abb-b41b-ef082164c95d,150,5382.02,debit,ussd,Miller LLC,posted,2026-09-10 08:21:26.92582
4972,3f1841d1-0a23-463b-a976-8f3b0d378d3e,45,13145.26,debit,card,"Wilson, Lindsey and White",posted,2026-09-10 08:21:26.928099
4973,bed6f95d-d72a-41d9-b91f-6319d07965af,8,18906.85,debit,pos,Steele-Soto,posted,2026-09-10 08:21:26.930354
4974,db5db0e1-e914-4113-81ea-07f7addda906,172,17423.29,debit,card,Spence-Gibbs,posted,2026-09-10 08:21:26.932528
4975,9b8a714e-d93e-45a8-b5c2-f5ca44b8edfd,3,10225.98,debit,transfer,"Rodriguez, Hart and Mcguire",posted,2026-09-10 08:21:26.934757
4976,cc2ac10e-c9cf-4e58-b987-c39a67907fb1,49,6080.71,credit,ussd,Jenkins-Underwood,posted,2026-09-10 08:21:26.937059
4977,1a2e611f-56bb-4b1b-8531-4281dd7abfeb,181,4238.17,debit,transfer,Whitehead Group,posted,2026-09-10 08:21:26.939049
4978,4a3e9025-ae0e-4f6f-9fba-f533eca99f1c,118,7707.38,credit,card,Cooper-Robles,posted,2026-09-10 08:21:26.941234
4979,57fdc600-8846-42f9-adb4-eef5893faabc,2,10911.63,debit,ussd,Rodriguez-Franklin,posted,2026-09-10 08:21:26.943244
4980,e3f1af64-8a91-4b4d-a06f-9b34e808cc04,80,1054.43,debit,transfer,Caldwell-Smith,posted,2026-09-10 08:21:26.94534
4981,20516bc9-4041-452b-8cea-6c05dfd47b82,92,12478.60,credit,card,"Simon, Collins and Erickson",posted,2026-09-10 08:21:26.947595
4982,0f16ebfb-78cd-4bff-8997-e0617cfeb7d6,33,19994.01,debit,card,Fuller-Pacheco,posted,2026-09-10 08:21:26.948825
4983,888c2357-97cb-476e-a5fb-89cacf7207ff,43,16704.68,credit,transfer,"James, Hart and Green",posted,2026-09-10 08:21:26.951135
4984,49befe30-711b-45bf-aff2-d895062623fa,33,11340.79,debit,card,"Smith, Adams and Arnold",posted,2026-09-10 08:21:26.953501
4985,16eddf8b-8df9-42b1-a307-4adf0ecee2eb,19,10106.96,debit,card,"Choi, Carpenter and Houston",posted,2026-09-10 08:21:26.955777
4986,a6e7d3ca-0588-4dc2-aa60-2f9eaa1dd7b7,100,6472.69,credit,ussd,Madden-Simmons,posted,2026-09-10 08:21:26.957848
4987,6d920218-3231-4f7a-a9de-511c7b55f5be,4,11629.43,debit,pos,Brown Ltd,posted,2026-09-10 08:21:26.9599
4988,007083d7-b849-4752-ac7d-8de19ca946d8,49,11148.78,credit,transfer,Aguirre Group,posted,2026-09-10 08:21:26.962022
4989,bbd94866-5001-4ef3-9545-a0cb010c6889,36,19267.45,credit,ussd,Torres-Bell,posted,2026-09-10 08:21:26.964064
4990,2f682a47-dd1d-4600-a1a9-24fbfa1447db,168,3793.94,debit,transfer,Ellis-Hamilton,posted,2026-09-10 08:21:26.966043
4991,5d133fc7-a039-40be-9235-69bd140e85b5,42,8894.55,debit,card,"Sims, Glover and Powell",posted,2026-09-10 08:21:26.968216
4992,70a77a9e-4c27-483b-9c75-b3c80716ac7b,6,2790.33,credit,transfer,"Shaw, Spencer and Armstrong",posted,2026-09-10 08:21:26.970608
4993,af56de4a-20ac-47f8-9fa1-f91392e52f17,197,13151.24,credit,pos,Harper Group,posted,2026-09-10 08:21:26.972628
4994,35835ada-20d6-4e5f-a706-e62563f7dfc1,59,10893.31,credit,transfer,Barrera-Perkins,posted,2026-09-10 08:21:26.974799
4995,bba72061-b5c5-4305-8963-9d286c3add56,139,3593.16,credit,transfer,Morris LLC,posted,2026-09-10 08:21:26.976878
4996,49c1d4df-d640-4113-bc49-c852bf38d448,159,2027.02,credit,transfer,Perez-Thompson,posted,2026-09-10 08:21:26.978977
4997,4173beb2-32eb-47e1-a2e2-10917dc28d3b,40,18033.27,credit,ussd,Herman-Baker,posted,2026-09-10 08:21:26.981231
4998,4217def2-a489-4624-af11-61ed0b057ee5,6,7682.16,debit,transfer,Klein-Coffey,posted,2026-09-10 08:21:26.983525
4999,64ce8f46-f67a-411b-b46b-e7f6a2bdf49a,11,11277.31,debit,transfer,"Gaines, Williams and Middleton",posted,2026-09-10 08:21:26.985825
5000,fda22d58-3695-469b-84cc-a0f6166756e9,148,12191.53,credit,ussd,"Davenport, Williams and Gonzalez",posted,2026-09-10 08:21:26.987979
